patent_id	assignee_sequence	assignee_id	disambig_assignee_individual_name_first	disambig_assignee_individual_name_last	disambig_assignee_organization	assignee_type	location_id
5000001	0	a-0000			ASML Netherlands B.V.	3	NL
5000002	0	a-0000			ASML HOLDING N.V.	3	NL
5000003	0	a-0000			Asml Netherlands BV	3	NL
5000004	0	a-0000			ASML Netherlands B.V.	3	NL
5000005	0	a-0000			ASML Netherlands, B.V.	3	NL
5000006	0	a-0000			ASML Netherlands B.V.	3	NL
5000007	0	a-0000			ASML Netherlands B.V.	3	NL
5000008	0	a-0000			Asml Netherlands BV	3	NL
5000009	0	a-0001			CANON KABUSHIKI KAISHA	3	JP
5000010	0	a-0001			Canon Kabushiki Kaisha	3	JP
5000011	0	a-0001			CANON KABUSHIKI KAISHA	3	JP
5000012	0	a-0001			CANON KABUSHIKI KAISHA	3	JP
5000013	0	a-0001			Canon Inc.	3	JP
5000014	0	a-0001			Canon Kabushiki Kaisha	3	JP
5000015	0	a-0001			Canon Inc.	3	JP
5000016	0	a-0002			NIKON CORPORATION	3	JP
5000017	0	a-0002			Nikon Corp	3	JP
5000018	0	a-0002			NIKON CORPORATION	3	JP
5000019	0	a-0002			Nikon Corporation	3	JP
5000020	0	a-0002			Nikon Corp	3	JP
5000021	0	a-0002			Nikon Corporation	3	JP
5000022	0	a-0002			Nikon Corporation	3	JP
5000023	0	a-0003			Carl Zeiss SMT AG	3	DE
5000024	0	a-0003			CARL ZEISS SMT GMBH	3	DE
5000025	0	a-0003			CARL ZEISS SMT GMBH	3	DE
5000026	0	a-0003			Carl Zeiss SMT AG	3	DE
5000027	0	a-0003			CARL ZEISS SMT GMBH	3	DE
5000028	0	a-0004			TAIWAN SEMICONDUCTOR MANUFACTURING COMPANY LIMITED	3	TW
5000029	0	a-0004			Taiwan Semiconductor Manufacturing Company, Ltd.	3	TW
5000030	0	a-0004			Taiwan Semiconductor Manufacturing Co., Ltd.	3	TW
5000031	0	a-0005			Samsung Electronics Co., Ltd.	3	KR
5000032	0	a-0005			Samsung Electronics Co., Ltd.	3	KR
5000033	0	a-0005			SAMSUNG ELECTRONICS CO., LTD.	3	KR
5000034	0	a-0005			Samsung Electronics Company Limited	3	KR
5000035	0	a-0005			Samsung Electronics Company Limited	3	KR
5000036	0	a-0005			Samsung Electronics Company Limited	3	KR
5000037	0	a-0005			Samsung Electronics Co., Ltd.	3	KR
5000038	0	a-0006			Intel Corporation	3	US
5000039	0	a-0006			Intel Corporation	3	US
5000040	0	a-0006			INTEL CORPORATION	3	US
5000041	0	a-0006			Intel Corporation	3	US
5000042	0	a-0007			Tokyo Electron Limited	3	JP
5000043	0	a-0007			TOKYO ELECTRON LIMITED	3	JP
5000044	0	a-0007			TOKYO ELECTRON LIMITED	3	JP
5000045	0	a-0007			Tokyo Electron Limited	3	JP
5000046	0	a-0009			Gigaphoton Inc.	3	JP
5000047	0	a-0009			GIGAPHOTON INC.	3	JP
5000048	0	a-0009			Gigaphoton Inc.	3	JP
5000049	0	a-0009			GIGAPHOTON INC.	3	JP
5000050	0	a-0009			Gigaphoton Inc.	3	JP
5000051	0	a-0009			Gigaphoton Inc.	3	JP
5000052	0	a-0010			Cymer, Inc.	3	US
5000053	0	a-0010			Cymer, Inc.	3	US
5000054	0	a-0010			CYMER, INC.	3	US
5000055	0	a-0010			Cymer LLC	3	US
5000056	0	a-0010			Cymer LLC	3	US
5000057	0	a-0010			CYMER, INC.	3	US
5000058	0	a-0010			Cymer LLC	3	US
5000059	0	a-0011			INTERNATIONAL BUSINESS MACHINES CORPORATION	3	US
5000060	0	a-0011			International Business Machines Corporation	3	US
5000061	0	a-0011			International Business Machines Corporation	3	US
5000062	0	a-0011			International Business Machines Corporation	3	US
5000063	0	a-0011			International Business Machines Corporation	3	US
5000064	0	a-0000			ASML Netherlands B.V.	3	NL
5000065	0	a-0000			ASML Netherlands, B.V.	3	NL
5000066	0	a-0000			Asml Netherlands BV	3	NL
5000067	0	a-0000			ASML Netherlands B.V.	3	NL
5000068	0	a-0000			ASML Netherlands, B.V.	3	NL
5000069	0	a-0000			ASML Netherlands, B.V.	3	NL
5000070	0	a-0000			ASML HOLDING N.V.	3	NL
5000071	0	a-0000			Asml Netherlands BV	3	NL
5000072	0	a-0000			ASML HOLDING N.V.	3	NL
5000073	0	a-0001			CANON KABUSHIKI KAISHA	3	JP
5000074	0	a-0001			Canon Kabushiki Kaisha	3	JP
5000075	0	a-0001			Canon Kabushiki Kaisha	3	JP
5000076	0	a-0001			CANON KABUSHIKI KAISHA	3	JP
5000077	0	a-0001			Canon Kabushiki Kaisha	3	JP
5000078	0	a-0001			CANON KABUSHIKI KAISHA	3	JP
5000079	0	a-0002			Nikon Corporation	3	JP
5000080	0	a-0002			NIKON CORPORATION	3	JP
5000081	0	a-0002			NIKON CORPORATION	3	JP
5000082	0	a-0002			Nikon Corp	3	JP
5000083	0	a-0002			Nikon Corp	3	JP
5000084	0	a-0002			Nikon Corp	3	JP
5000085	0	a-0003			CARL ZEISS SMT GMBH	3	DE
5000086	0	a-0003			Carl Zeiss SMT GmbH	3	DE
5000087	0	a-0003			Carl Zeiss SMT AG	3	DE
5000088	0	a-0003			Carl Zeiss SMT GmbH	3	DE
5000089	0	a-0003			Carl Zeiss SMT GmbH	3	DE
5000090	0	a-0003			Carl Zeiss SMT GmbH	3	DE
5000091	0	a-0003			CARL ZEISS SMT GMBH	3	DE
5000092	0	a-0003			Carl Zeiss SMT GmbH	3	DE
5000093	0	a-0003			CARL ZEISS SMT GMBH	3	DE
5000094	0	a-0003			Carl Zeiss SMT GmbH	3	DE
5000095	0	a-0004			Taiwan Semiconductor Manufacturing Co., Ltd.	3	TW
5000096	0	a-0004			TAIWAN SEMICONDUCTOR MANUFACTURING COMPANY LIMITED	3	TW
5000097	0	a-0004			Taiwan Semiconductor Manufacturing Company, Ltd.	3	TW
5000098	0	a-0005			Samsung Electronics Co., Ltd.	3	KR
5000099	0	a-0005			Samsung Electronics Company Limited	3	KR
5000100	0	a-0006			INTEL CORPORATION	3	US
5000101	0	a-0006			INTEL CORPORATION	3	US
5000102	0	a-0006			INTEL CORPORATION	3	US
5000103	0	a-0007			Tokyo Electron Limited	3	JP
5000104	0	a-0007			Tokyo Electron Limited	3	JP
5000105	0	a-0007			TOKYO ELECTRON LIMITED	3	JP
5000106	0	a-0007			Tokyo Electron Limited	3	JP
5000107	0	a-0008			APPLIED MATERIALS, INC.	3	US
5000108	0	a-0008			Applied Materials, Inc.	3	US
5000109	0	a-0008			APPLIED MATERIALS, INC.	3	US
5000110	0	a-0009			Gigaphoton Inc.	3	JP
5000111	0	a-0009			GIGAPHOTON INC.	3	JP
5000112	0	a-0009			GIGAPHOTON INC.	3	JP
5000113	0	a-0009			GIGAPHOTON INC.	3	JP
5000114	0	a-0009			GIGAPHOTON INC.	3	JP
5000115	0	a-0010			Cymer LLC	3	US
5000116	0	a-0010			Cymer LLC	3	US
5000117	0	a-0010			CYMER, INC.	3	US
5000118	0	a-0010			CYMER, INC.	3	US
5000119	0	a-0010			Cymer, Inc.	3	US
5000120	0	a-0010			Cymer, Inc.	3	US
5000121	0	a-0011			INTERNATIONAL BUSINESS MACHINES CORPORATION	3	US
5000122	0	a-0011			International Business Machines Corporation	3	US
5000123	0	a-0011			INTERNATIONAL BUSINESS MACHINES CORPORATION	3	US
5000124	0	a-0011			International Business Machines Corporation	3	US
5000125	0	a-0011			INTERNATIONAL BUSINESS MACHINES CORPORATION	3	US
5000126	0	a-0011			International Business Machines Corporation	3	US
5000127	0	a-0000			Asml Netherlands BV	3	NL
5000128	0	a-0000			Asml Netherlands BV	3	NL
5000129	0	a-0000			ASML Netherlands, B.V.	3	NL
5000130	0	a-0000			ASML Netherlands, B.V.	3	NL
5000131	0	a-0000			Asml Netherlands BV	3	NL
5000132	0	a-0000			Asml Netherlands BV	3	NL
5000133	0	a-0000			ASML HOLDING N.V.	3	NL
5000134	0	a-0000			ASML Netherlands, B.V.	3	NL
5000135	0	a-0000			Asml Netherlands BV	3	NL
5000136	0	a-0001			Canon Inc.	3	JP
5000137	0	a-0001			CANON KABUSHIKI KAISHA	3	JP
5000138	0	a-0001			CANON KABUSHIKI KAISHA	3	JP
5000139	0	a-0001			Canon Inc.	3	JP
5000140	0	a-0001			CANON KABUSHIKI KAISHA	3	JP
5000141	0	a-0001			Canon Inc.	3	JP
5000142	0	a-0001			Canon Inc.	3	JP
5000143	0	a-0001			Canon Kabushiki Kaisha	3	JP
5000144	0	a-0001			CANON KABUSHIKI KAISHA	3	JP
5000145	0	a-0001			Canon Kabushiki Kaisha	3	JP
5000146	0	a-0001			CANON KABUSHIKI KAISHA	3	JP
5000147	0	a-0001			CANON KABUSHIKI KAISHA	3	JP
5000148	0	a-0002			NIKON CORPORATION	3	JP
5000149	0	a-0002			Nikon Corporation	3	JP
5000150	0	a-0002			Nikon Corporation	3	JP
5000151	0	a-0002			Nikon Corp	3	JP
5000152	0	a-0002			NIKON CORPORATION	3	JP
5000153	0	a-0002			Nikon Corp	3	JP
5000154	0	a-0002			NIKON CORPORATION	3	JP
5000155	0	a-0002			Nikon Corporation	3	JP
5000156	0	a-0003			Carl Zeiss SMT AG	3	DE
5000157	0	a-0003			CARL ZEISS SMT GMBH	3	DE
5000158	0	a-0003			Carl Zeiss SMT AG	3	DE
5000159	0	a-0003			Carl Zeiss SMT GmbH	3	DE
5000160	0	a-0003			Carl Zeiss SMT AG	3	DE
5000161	0	a-0003			Carl Zeiss SMT AG	3	DE
5000162	0	a-0003			Carl Zeiss SMT AG	3	DE
5000163	0	a-0003			CARL ZEISS SMT GMBH	3	DE
5000164	0	a-0003			Carl Zeiss SMT AG	3	DE
5000165	0	a-0004			TAIWAN SEMICONDUCTOR MANUFACTURING COMPANY LIMITED	3	TW
5000166	0	a-0004			TAIWAN SEMICONDUCTOR MANUFACTURING COMPANY LIMITED	3	TW
5000167	0	a-0004			Taiwan Semiconductor Manufacturing Co., Ltd.	3	TW
5000168	0	a-0004			Taiwan Semiconductor Manufacturing Co., Ltd.	3	TW
5000169	0	a-0006			Intel Corporation	3	US
5000170	0	a-0006			INTEL CORPORATION	3	US
5000171	0	a-0006			INTEL CORPORATION	3	US
5000172	0	a-0006			Intel Corporation	3	US
5000173	0	a-0006			Intel Corporation	3	US
5000174	0	a-0006			Intel Corporation	3	US
5000175	0	a-0006			INTEL CORPORATION	3	US
5000176	0	a-0006			Intel Corporation	3	US
5000177	0	a-0007			TOKYO ELECTRON LIMITED	3	JP
5000178	0	a-0007			Tokyo Electron Limited	3	JP
5000179	0	a-0007			TOKYO ELECTRON LIMITED	3	JP
5000180	0	a-0007			Tokyo Electron Limited	3	JP
5000181	0	a-0009			GIGAPHOTON INC.	3	JP
5000182	0	a-0009			GIGAPHOTON INC.	3	JP
5000183	0	a-0009			GIGAPHOTON INC.	3	JP
5000184	0	a-0009			GIGAPHOTON INC.	3	JP
5000185	0	a-0009			GIGAPHOTON INC.	3	JP
5000186	0	a-0009			Gigaphoton Inc.	3	JP
5000187	0	a-0009			GIGAPHOTON INC.	3	JP
5000188	0	a-0009			Gigaphoton Inc.	3	JP
5000189	0	a-0009			GIGAPHOTON INC.	3	JP
5000190	0	a-0010			Cymer, Inc.	3	US
5000191	0	a-0010			Cymer LLC	3	US
5000192	0	a-0010			Cymer LLC	3	US
5000193	0	a-0010			CYMER, INC.	3	US
5000194	0	a-0010			Cymer, Inc.	3	US
5000195	0	a-0010			CYMER, INC.	3	US
5000196	0	a-0010			Cymer, Inc.	3	US
5000197	0	a-0010			Cymer, Inc.	3	US
5000198	0	a-0010			Cymer LLC	3	US
5000199	0	a-0000			Asml Netherlands BV	3	NL
5000200	0	a-0000			ASML HOLDING N.V.	3	NL
5000201	0	a-0000			ASML Netherlands B.V.	3	NL
5000202	0	a-0000			ASML HOLDING N.V.	3	NL
5000203	0	a-0000			Asml Netherlands BV	3	NL
5000204	0	a-0000			Asml Netherlands BV	3	NL
5000205	0	a-0000			ASML Netherlands, B.V.	3	NL
5000206	0	a-0000			Asml Netherlands BV	3	NL
5000207	0	a-0000			ASML Netherlands B.V.	3	NL
5000208	0	a-0000			ASML HOLDING N.V.	3	NL
5000209	0	a-0000			ASML Netherlands, B.V.	3	NL
5000210	0	a-0000			ASML Netherlands B.V.	3	NL
5000211	0	a-0000			Asml Netherlands BV	3	NL
5000212	0	a-0000			ASML Netherlands, B.V.	3	NL
5000213	0	a-0001			Canon Inc.	3	JP
5000214	0	a-0001			CANON KABUSHIKI KAISHA	3	JP
5000215	0	a-0001			CANON KABUSHIKI KAISHA	3	JP
5000216	0	a-0001			Canon Kabushiki Kaisha	3	JP
5000217	0	a-0001			CANON KABUSHIKI KAISHA	3	JP
5000218	0	a-0001			CANON KABUSHIKI KAISHA	3	JP
5000219	0	a-0001			Canon Inc.	3	JP
5000220	0	a-0001			Canon Inc.	3	JP
5000221	0	a-0001			Canon Kabushiki Kaisha	3	JP
5000222	0	a-0001			Canon Kabushiki Kaisha	3	JP
5000223	0	a-0001			CANON KABUSHIKI KAISHA	3	JP
5000224	0	a-0001			Canon Kabushiki Kaisha	3	JP
5000225	0	a-0001			Canon Inc.	3	JP
5000226	0	a-0002			Nikon Corp	3	JP
5000227	0	a-0002			NIKON CORPORATION	3	JP
5000228	0	a-0002			Nikon Corporation	3	JP
5000229	0	a-0002			Nikon Corp	3	JP
5000230	0	a-0002			NIKON CORPORATION	3	JP
5000231	0	a-0002			Nikon Corporation	3	JP
5000232	0	a-0002			NIKON CORPORATION	3	JP
5000233	0	a-0002			Nikon Corp	3	JP
5000234	0	a-0002			Nikon Corporation	3	JP
5000235	0	a-0002			Nikon Corporation	3	JP
5000236	0	a-0002			Nikon Corporation	3	JP
5000237	0	a-0002			Nikon Corporation	3	JP
5000238	0	a-0002			Nikon Corporation	3	JP
5000239	0	a-0003			Carl Zeiss SMT AG	3	DE
5000240	0	a-0003			Carl Zeiss SMT AG	3	DE
5000241	0	a-0003			CARL ZEISS SMT GMBH	3	DE
5000242	0	a-0003			Carl Zeiss SMT GmbH	3	DE
5000243	0	a-0003			Carl Zeiss SMT AG	3	DE
5000244	0	a-0003			Carl Zeiss SMT AG	3	DE
5000245	0	a-0003			CARL ZEISS SMT GMBH	3	DE
5000246	0	a-0003			CARL ZEISS SMT GMBH	3	DE
5000247	0	a-0003			Carl Zeiss SMT GmbH	3	DE
5000248	0	a-0003			CARL ZEISS SMT GMBH	3	DE
5000249	0	a-0003			Carl Zeiss SMT GmbH	3	DE
5000250	0	a-0003			Carl Zeiss SMT GmbH	3	DE
5000251	0	a-0004			Taiwan Semiconductor Manufacturing Company, Ltd.	3	TW
5000252	0	a-0004			TAIWAN SEMICONDUCTOR MANUFACTURING COMPANY LIMITED	3	TW
5000253	0	a-0004			TAIWAN SEMICONDUCTOR MANUFACTURING COMPANY LIMITED	3	TW
5000254	0	a-0004			TAIWAN SEMICONDUCTOR MANUFACTURING COMPANY LIMITED	3	TW
5000255	0	a-0005			Samsung Electronics Company Limited	3	KR
5000256	0	a-0005			Samsung Electronics Co., Ltd.	3	KR
5000257	0	a-0005			Samsung Electronics Company Limited	3	KR
5000258	0	a-0005			SAMSUNG ELECTRONICS CO., LTD.	3	KR
5000259	0	a-0005			Samsung Electronics Company Limited	3	KR
5000260	0	a-0005			Samsung Electronics Co., Ltd.	3	KR
5000261	0	a-0005			Samsung Electronics Co., Ltd.	3	KR
5000262	0	a-0006			Intel Corporation	3	US
5000263	0	a-0006			INTEL CORPORATION	3	US
5000264	0	a-0006			Intel Corporation	3	US
5000265	0	a-0006			Intel Corporation	3	US
5000266	0	a-0006			INTEL CORPORATION	3	US
5000267	0	a-0006			Intel Corporation	3	US
5000268	0	a-0006			INTEL CORPORATION	3	US
5000269	0	a-0006			Intel Corporation	3	US
5000270	0	a-0007			TOKYO ELECTRON LIMITED	3	JP
5000271	0	a-0007			TOKYO ELECTRON LIMITED	3	JP
5000272	0	a-0008			APPLIED MATERIALS, INC.	3	US
5000273	0	a-0008			Applied Materials, Inc.	3	US
5000274	0	a-0008			APPLIED MATERIALS, INC.	3	US
5000275	0	a-0008			Applied Materials, Inc.	3	US
5000276	0	a-0008			APPLIED MATERIALS, INC.	3	US
5000277	0	a-0008			APPLIED MATERIALS, INC.	3	US
5000278	0	a-0009			Gigaphoton Inc.	3	JP
5000279	0	a-0009			Gigaphoton Inc.	3	JP
5000280	0	a-0009			Gigaphoton Inc.	3	JP
5000281	0	a-0009			Gigaphoton Inc.	3	JP
5000282	0	a-0009			GIGAPHOTON INC.	3	JP
5000283	0	a-0009			GIGAPHOTON INC.	3	JP
5000284	0	a-0009			Gigaphoton Inc.	3	JP
5000285	0	a-0009			Gigaphoton Inc.	3	JP
5000286	0	a-0010			Cymer LLC	3	US
5000287	0	a-0010			Cymer LLC	3	US
5000288	0	a-0010			CYMER, INC.	3	US
5000289	0	a-0010			Cymer, Inc.	3	US
5000290	0	a-0011			INTERNATIONAL BUSINESS MACHINES CORPORATION	3	US
5000291	0	a-0011			International Business Machines Corporation	3	US
5000292	0	a-0011			International Business Machines Corporation	3	US
5000293	0	a-0011			INTERNATIONAL BUSINESS MACHINES CORPORATION	3	US
5000294	0	a-0011			International Business Machines Corporation	3	US
5000295	0	a-0011			INTERNATIONAL BUSINESS MACHINES CORPORATION	3	US
5000296	0	a-0000			ASML HOLDING N.V.	3	NL
5000297	0	a-0000			Asml Netherlands BV	3	NL
5000298	0	a-0000			Asml Netherlands BV	3	NL
5000299	0	a-0000			ASML Netherlands B.V.	3	NL
5000300	0	a-0000			ASML Netherlands, B.V.	3	NL
5000301	0	a-0000			Asml Netherlands BV	3	NL
5000302	0	a-0000			ASML Netherlands B.V.	3	NL
5000303	0	a-0000			ASML Netherlands, B.V.	3	NL
5000304	0	a-0000			ASML HOLDING N.V.	3	NL
5000305	0	a-0000			ASML HOLDING N.V.	3	NL
5000306	0	a-0000			ASML HOLDING N.V.	3	NL
5000307	0	a-0000			Asml Netherlands BV	3	NL
5000308	0	a-0001			CANON KABUSHIKI KAISHA	3	JP
5000309	0	a-0001			Canon Inc.	3	JP
5000310	0	a-0001			Canon Inc.	3	JP
5000311	0	a-0001			Canon Kabushiki Kaisha	3	JP
5000312	0	a-0001			CANON KABUSHIKI KAISHA	3	JP
5000313	0	a-0001			Canon Kabushiki Kaisha	3	JP
5000314	0	a-0001			Canon Inc.	3	JP
5000315	0	a-0002			Nikon Corporation	3	JP
5000316	0	a-0002			NIKON CORPORATION	3	JP
5000317	0	a-0002			Nikon Corporation	3	JP
5000318	0	a-0002			Nikon Corporation	3	JP
5000319	0	a-0002			Nikon Corp	3	JP
5000320	0	a-0002			Nikon Corporation	3	JP
5000321	0	a-0002			Nikon Corp	3	JP
5000322	0	a-0002			Nikon Corporation	3	JP
5000323	0	a-0002			NIKON CORPORATION	3	JP
5000324	0	a-0002			Nikon Corp	3	JP
5000325	0	a-0002			NIKON CORPORATION	3	JP
5000326	0	a-0002			Nikon Corporation	3	JP
5000327	0	a-0002			Nikon Corporation	3	JP
5000328	0	a-0003			CARL ZEISS SMT GMBH	3	DE
5000329	0	a-0003			Carl Zeiss SMT AG	3	DE
5000330	0	a-0003			Carl Zeiss SMT GmbH	3	DE
5000331	0	a-0003			CARL ZEISS SMT GMBH	3	DE
5000332	0	a-0003			CARL ZEISS SMT GMBH	3	DE
5000333	0	a-0003			CARL ZEISS SMT GMBH	3	DE
5000334	0	a-0003			Carl Zeiss SMT GmbH	3	DE
5000335	0	a-0003			Carl Zeiss SMT GmbH	3	DE
5000336	0	a-0003			CARL ZEISS SMT GMBH	3	DE
5000337	0	a-0003			CARL ZEISS SMT GMBH	3	DE
5000338	0	a-0003			Carl Zeiss SMT AG	3	DE
5000339	0	a-0003			CARL ZEISS SMT GMBH	3	DE
5000340	0	a-0005			SAMSUNG ELECTRONICS CO., LTD.	3	KR
5000341	0	a-0005			Samsung Electronics Company Limited	3	KR
5000342	0	a-0005			Samsung Electronics Co., Ltd.	3	KR
5000343	0	a-0005			Samsung Electronics Company Limited	3	KR
5000344	0	a-0005			Samsung Electronics Co., Ltd.	3	KR
5000345	0	a-0005			SAMSUNG ELECTRONICS CO., LTD.	3	KR
5000346	0	a-0005			Samsung Electronics Co., Ltd.	3	KR
5000347	0	a-0005			Samsung Electronics Company Limited	3	KR
5000348	0	a-0006			Intel Corporation	3	US
5000349	0	a-0006			INTEL CORPORATION	3	US
5000350	0	a-0008			Applied Materials, Inc.	3	US
5000351	0	a-0008			APPLIED MATERIALS, INC.	3	US
5000352	0	a-0008			APPLIED MATERIALS, INC.	3	US
5000353	0	a-0008			APPLIED MATERIALS, INC.	3	US
5000354	0	a-0008			APPLIED MATERIALS, INC.	3	US
5000355	0	a-0008			APPLIED MATERIALS, INC.	3	US
5000356	0	a-0009			Gigaphoton Inc.	3	JP
5000357	0	a-0009			Gigaphoton Inc.	3	JP
5000358	0	a-0009			Gigaphoton Inc.	3	JP
5000359	0	a-0009			GIGAPHOTON INC.	3	JP
5000360	0	a-0009			Gigaphoton Inc.	3	JP
5000361	0	a-0010			Cymer LLC	3	US
5000362	0	a-0010			CYMER, INC.	3	US
5000363	0	a-0010			Cymer, Inc.	3	US
5000364	0	a-0010			Cymer, Inc.	3	US
5000365	0	a-0010			Cymer LLC	3	US
5000366	0	a-0010			CYMER, INC.	3	US
5000367	0	a-0010			CYMER, INC.	3	US
5000368	0	a-0010			Cymer, Inc.	3	US
5000369	0	a-0011			International Business Machines Corporation	3	US
5000370	0	a-0011			International Business Machines Corporation	3	US
5000371	0	a-0011			INTERNATIONAL BUSINESS MACHINES CORPORATION	3	US
5000372	0	a-0011			International Business Machines Corporation	3	US
5000373	0	a-0011			INTERNATIONAL BUSINESS MACHINES CORPORATION	3	US
5000374	0	a-0011			International Business Machines Corporation	3	US
5000375	0	a-0011			INTERNATIONAL BUSINESS MACHINES CORPORATION	3	US
5000376	0	a-0000			ASML HOLDING N.V.	3	NL
5000377	0	a-0000			ASML HOLDING N.V.	3	NL
5000378	0	a-0000			ASML Netherlands B.V.	3	NL
5000379	0	a-0000			ASML HOLDING N.V.	3	NL
5000380	0	a-0000			ASML HOLDING N.V.	3	NL
5000381	0	a-0000			ASML Netherlands, B.V.	3	NL
5000382	0	a-0000			ASML HOLDING N.V.	3	NL
5000383	0	a-0000			Asml Netherlands BV	3	NL
5000384	0	a-0000			ASML Netherlands B.V.	3	NL
5000385	0	a-0000			ASML Netherlands, B.V.	3	NL
5000386	0	a-0000			ASML HOLDING N.V.	3	NL
5000387	0	a-0000			Asml Netherlands BV	3	NL
5000388	0	a-0000			ASML Netherlands B.V.	3	NL
5000389	0	a-0000			ASML Netherlands, B.V.	3	NL
5000390	0	a-0000			Asml Netherlands BV	3	NL
5000391	0	a-0001			CANON KABUSHIKI KAISHA	3	JP
5000392	0	a-0001			Canon Inc.	3	JP
5000393	0	a-0001			Canon Inc.	3	JP
5000394	0	a-0001			Canon Inc.	3	JP
5000395	0	a-0001			Canon Kabushiki Kaisha	3	JP
5000396	0	a-0001			Canon Inc.	3	JP
5000397	0	a-0001			CANON KABUSHIKI KAISHA	3	JP
5000398	0	a-0001			Canon Inc.	3	JP
5000399	0	a-0001			Canon Inc.	3	JP
5000400	0	a-0001			Canon Kabushiki Kaisha	3	JP
5000401	0	a-0001			CANON KABUSHIKI KAISHA	3	JP
5000402	0	a-0001			CANON KABUSHIKI KAISHA	3	JP
5000403	0	a-0001			Canon Inc.	3	JP
5000404	0	a-0001			Canon Inc.	3	JP
5000405	0	a-0001			CANON KABUSHIKI KAISHA	3	JP
5000406	0	a-0001			CANON KABUSHIKI KAISHA	3	JP
5000407	0	a-0002			Nikon Corporation	3	JP
5000408	0	a-0002			NIKON CORPORATION	3	JP
5000409	0	a-0002			NIKON CORPORATION	3	JP
5000410	0	a-0002			Nikon Corp	3	JP
5000411	0	a-0002			NIKON CORPORATION	3	JP
5000412	0	a-0002			Nikon Corporation	3	JP
5000413	0	a-0002			NIKON CORPORATION	3	JP
5000414	0	a-0002			Nikon Corp	3	JP
5000415	0	a-0002			Nikon Corporation	3	JP
5000416	0	a-0002			Nikon Corp	3	JP
5000417	0	a-0003			Carl Zeiss SMT GmbH	3	DE
5000418	0	a-0003			Carl Zeiss SMT GmbH	3	DE
5000419	0	a-0003			Carl Zeiss SMT AG	3	DE
5000420	0	a-0003			CARL ZEISS SMT GMBH	3	DE
5000421	0	a-0003			CARL ZEISS SMT GMBH	3	DE
5000422	0	a-0004			Taiwan Semiconductor Manufacturing Company, Ltd.	3	TW
5000423	0	a-0004			Taiwan Semiconductor Manufacturing Company, Ltd.	3	TW
5000424	0	a-0004			TAIWAN SEMICONDUCTOR MANUFACTURING COMPANY LIMITED	3	TW
5000425	0	a-0004			TAIWAN SEMICONDUCTOR MANUFACTURING COMPANY LIMITED	3	TW
5000426	0	a-0004			Taiwan Semiconductor Manufacturing Co., Ltd.	3	TW
5000427	0	a-0006			Intel Corporation	3	US
5000428	0	a-0006			Intel Corporation	3	US
5000429	0	a-0006			INTEL CORPORATION	3	US
5000430	0	a-0006			Intel Corporation	3	US
5000431	0	a-0006			Intel Corporation	3	US
5000432	0	a-0007			Tokyo Electron Limited	3	JP
5000433	0	a-0007			Tokyo Electron Limited	3	JP
5000434	0	a-0007			TOKYO ELECTRON LIMITED	3	JP
5000435	0	a-0007			Tokyo Electron Limited	3	JP
5000436	0	a-0007			TOKYO ELECTRON LIMITED	3	JP
5000437	0	a-0007			Tokyo Electron Limited	3	JP
5000438	0	a-0007			Tokyo Electron Limited	3	JP
5000439	0	a-0007			Tokyo Electron Limited	3	JP
5000440	0	a-0007			Tokyo Electron Limited	3	JP
5000441	0	a-0007			Tokyo Electron Limited	3	JP
5000442	0	a-0007			TOKYO ELECTRON LIMITED	3	JP
5000443	0	a-0008			APPLIED MATERIALS, INC.	3	US
5000444	0	a-0008			Applied Materials, Inc.	3	US
5000445	0	a-0008			APPLIED MATERIALS, INC.	3	US
5000446	0	a-0008			Applied Materials, Inc.	3	US
5000447	0	a-0008			Applied Materials, Inc.	3	US
5000448	0	a-0008			APPLIED MATERIALS, INC.	3	US
5000449	0	a-0008			APPLIED MATERIALS, INC.	3	US
5000450	0	a-0009			Gigaphoton Inc.	3	JP
5000451	0	a-0009			GIGAPHOTON INC.	3	JP
5000452	0	a-0009			GIGAPHOTON INC.	3	JP
5000453	0	a-0010			Cymer LLC	3	US
5000454	0	a-0011			INTERNATIONAL BUSINESS MACHINES CORPORATION	3	US
5000455	0	a-0011			International Business Machines Corporation	3	US
5000456	0	a-0011			International Business Machines Corporation	3	US
5000457	0	a-0011			International Business Machines Corporation	3	US
5000458	0	a-0011			INTERNATIONAL BUSINESS MACHINES CORPORATION	3	US
5000459	0	a-0011			INTERNATIONAL BUSINESS MACHINES CORPORATION	3	US
5000460	0	a-0011			INTERNATIONAL BUSINESS MACHINES CORPORATION	3	US
5000461	0	a-0000			Asml Netherlands BV	3	NL
5000462	0	a-0000			ASML Netherlands, B.V.	3	NL
5000463	0	a-0000			ASML HOLDING N.V.	3	NL
5000464	0	a-0000			ASML Netherlands, B.V.	3	NL
5000465	0	a-0000			Asml Netherlands BV	3	NL
5000466	0	a-0000			ASML HOLDING N.V.	3	NL
5000467	0	a-0000			Asml Netherlands BV	3	NL
5000468	0	a-0000			ASML HOLDING N.V.	3	NL
5000469	0	a-0000			ASML Netherlands B.V.	3	NL
5000470	0	a-0000			ASML HOLDING N.V.	3	NL
5000471	0	a-0000			ASML Netherlands B.V.	3	NL
5000472	0	a-0000			Asml Netherlands BV	3	NL
5000473	0	a-0000			Asml Netherlands BV	3	NL
5000474	0	a-0000			Asml Netherlands BV	3	NL
5000475	0	a-0000			ASML Netherlands, B.V.	3	NL
5000476	0	a-0001			Canon Inc.	3	JP
5000477	0	a-0001			CANON KABUSHIKI KAISHA	3	JP
5000478	0	a-0001			Canon Inc.	3	JP
5000479	0	a-0001			Canon Kabushiki Kaisha	3	JP
5000480	0	a-0001			CANON KABUSHIKI KAISHA	3	JP
5000481	0	a-0001			CANON KABUSHIKI KAISHA	3	JP
5000482	0	a-0001			Canon Inc.	3	JP
5000483	0	a-0001			CANON KABUSHIKI KAISHA	3	JP
5000484	0	a-0001			Canon Inc.	3	JP
5000485	0	a-0001			Canon Kabushiki Kaisha	3	JP
5000486	0	a-0001			Canon Kabushiki Kaisha	3	JP
5000487	0	a-0001			Canon Inc.	3	JP
5000488	0	a-0001			Canon Kabushiki Kaisha	3	JP
5000489	0	a-0001			Canon Inc.	3	JP
5000490	0	a-0002			Nikon Corporation	3	JP
5000491	0	a-0002			Nikon Corporation	3	JP
5000492	0	a-0002			NIKON CORPORATION	3	JP
5000493	0	a-0002			Nikon Corp	3	JP
5000494	0	a-0002			Nikon Corp	3	JP
5000495	0	a-0002			Nikon Corp	3	JP
5000496	0	a-0002			Nikon Corporation	3	JP
5000497	0	a-0002			Nikon Corp	3	JP
5000498	0	a-0002			Nikon Corporation	3	JP
5000499	0	a-0002			Nikon Corporation	3	JP
5000500	0	a-0002			Nikon Corp	3	JP
5000501	0	a-0002			Nikon Corporation	3	JP
5000502	0	a-0002			NIKON CORPORATION	3	JP
5000503	0	a-0003			Carl Zeiss SMT AG	3	DE
5000504	0	a-0003			CARL ZEISS SMT GMBH	3	DE
5000505	0	a-0003			Carl Zeiss SMT AG	3	DE
5000506	0	a-0003			Carl Zeiss SMT AG	3	DE
5000507	0	a-0003			Carl Zeiss SMT AG	3	DE
5000508	0	a-0003			Carl Zeiss SMT AG	3	DE
5000509	0	a-0003			CARL ZEISS SMT GMBH	3	DE
5000510	0	a-0003			Carl Zeiss SMT GmbH	3	DE
5000511	0	a-0004			Taiwan Semiconductor Manufacturing Co., Ltd.	3	TW
5000512	0	a-0004			Taiwan Semiconductor Manufacturing Co., Ltd.	3	TW
5000513	0	a-0004			Taiwan Semiconductor Manufacturing Company, Ltd.	3	TW
5000514	0	a-0004			Taiwan Semiconductor Manufacturing Company, Ltd.	3	TW
5000515	0	a-0004			TAIWAN SEMICONDUCTOR MANUFACTURING COMPANY LIMITED	3	TW
5000516	0	a-0004			Taiwan Semiconductor Manufacturing Co., Ltd.	3	TW
5000517	0	a-0005			Samsung Electronics Co., Ltd.	3	KR
5000518	0	a-0005			SAMSUNG ELECTRONICS CO., LTD.	3	KR
5000519	0	a-0005			SAMSUNG ELECTRONICS CO., LTD.	3	KR
5000520	0	a-0005			Samsung Electronics Co., Ltd.	3	KR
5000521	0	a-0005			SAMSUNG ELECTRONICS CO., LTD.	3	KR
5000522	0	a-0006			INTEL CORPORATION	3	US
5000523	0	a-0006			Intel Corporation	3	US
5000524	0	a-0006			INTEL CORPORATION	3	US
5000525	0	a-0006			INTEL CORPORATION	3	US
5000526	0	a-0006			INTEL CORPORATION	3	US
5000527	0	a-0006			Intel Corporation	3	US
5000528	0	a-0006			INTEL CORPORATION	3	US
5000529	0	a-0006			Intel Corporation	3	US
5000530	0	a-0007			TOKYO ELECTRON LIMITED	3	JP
5000531	0	a-0007			TOKYO ELECTRON LIMITED	3	JP
5000532	0	a-0007			TOKYO ELECTRON LIMITED	3	JP
5000533	0	a-0007			Tokyo Electron Limited	3	JP
5000534	0	a-0007			Tokyo Electron Limited	3	JP
5000535	0	a-0007			TOKYO ELECTRON LIMITED	3	JP
5000536	0	a-0007			Tokyo Electron Limited	3	JP
5000537	0	a-0007			Tokyo Electron Limited	3	JP
5000538	0	a-0008			APPLIED MATERIALS, INC.	3	US
5000539	0	a-0008			Applied Materials, Inc.	3	US
5000540	0	a-0008			APPLIED MATERIALS, INC.	3	US
5000541	0	a-0008			Applied Materials, Inc.	3	US
5000542	0	a-0009			GIGAPHOTON INC.	3	JP
5000543	0	a-0009			GIGAPHOTON INC.	3	JP
5000544	0	a-0009			Gigaphoton Inc.	3	JP
5000545	0	a-0009			GIGAPHOTON INC.	3	JP
5000546	0	a-0009			Gigaphoton Inc.	3	JP
5000547	0	a-0009			Gigaphoton Inc.	3	JP
5000548	0	a-0009			Gigaphoton Inc.	3	JP
5000549	0	a-0010			CYMER, INC.	3	US
5000550	0	a-0010			Cymer LLC	3	US
5000551	0	a-0010			Cymer LLC	3	US
5000552	0	a-0010			Cymer LLC	3	US
5000553	0	a-0010			CYMER, INC.	3	US
5000554	0	a-0010			CYMER, INC.	3	US
5000555	0	a-0010			Cymer, Inc.	3	US
5000556	0	a-0010			CYMER, INC.	3	US
5000557	0	a-0011			International Business Machines Corporation	3	US
5000558	0	a-0011			INTERNATIONAL BUSINESS MACHINES CORPORATION	3	US
5000559	0	a-0011			International Business Machines Corporation	3	US
5000560	0	a-0011			INTERNATIONAL BUSINESS MACHINES CORPORATION	3	US
5000561	0	a-0011			INTERNATIONAL BUSINESS MACHINES CORPORATION	3	US
5000562	0	a-0011			International Business Machines Corporation	3	US
5000563	0	a-0011			International Business Machines Corporation	3	US
5000564	0	a-0011			International Business Machines Corporation	3	US
5000565	0	a-0011			INTERNATIONAL BUSINESS MACHINES CORPORATION	3	US
5000566	0	a-0011			INTERNATIONAL BUSINESS MACHINES CORPORATION	3	US
5000567	0	a-0011			International Business Machines Corporation	3	US
5000568	0	a-0000			ASML HOLDING N.V.	3	NL
5000569	0	a-0000			Asml Netherlands BV	3	NL
5000570	0	a-0000			ASML Netherlands B.V.	3	NL
5000571	0	a-0000			ASML HOLDING N.V.	3	NL
5000572	0	a-0000			ASML Netherlands, B.V.	3	NL
5000573	0	a-0000			ASML HOLDING N.V.	3	NL
5000574	0	a-0000			ASML HOLDING N.V.	3	NL
5000575	0	a-0000			ASML Netherlands, B.V.	3	NL
5000576	0	a-0000			ASML Netherlands, B.V.	3	NL
5000577	0	a-0000			ASML Netherlands B.V.	3	NL
5000578	0	a-0000			ASML Netherlands, B.V.	3	NL
5000579	0	a-0000			ASML Netherlands B.V.	3	NL
5000580	0	a-0000			ASML Netherlands, B.V.	3	NL
5000581	0	a-0001			CANON KABUSHIKI KAISHA	3	JP
5000582	0	a-0001			CANON KABUSHIKI KAISHA	3	JP
5000583	0	a-0001			CANON KABUSHIKI KAISHA	3	JP
5000584	0	a-0001			Canon Inc.	3	JP
5000585	0	a-0001			Canon Kabushiki Kaisha	3	JP
5000586	0	a-0001			Canon Inc.	3	JP
5000587	0	a-0001			CANON KABUSHIKI KAISHA	3	JP
5000588	0	a-0001			Canon Inc.	3	JP
5000589	0	a-0001			CANON KABUSHIKI KAISHA	3	JP
5000590	0	a-0001			Canon Inc.	3	JP
5000591	0	a-0001			Canon Inc.	3	JP
5000592	0	a-0001			Canon Inc.	3	JP
5000593	0	a-0001			CANON KABUSHIKI KAISHA	3	JP
5000594	0	a-0001			Canon Kabushiki Kaisha	3	JP
5000595	0	a-0001			Canon Kabushiki Kaisha	3	JP
5000596	0	a-0002			Nikon Corporation	3	JP
5000597	0	a-0002			NIKON CORPORATION	3	JP
5000598	0	a-0002			Nikon Corporation	3	JP
5000599	0	a-0002			NIKON CORPORATION	3	JP
5000600	0	a-0002			Nikon Corp	3	JP
5000601	0	a-0002			Nikon Corp	3	JP
5000602	0	a-0002			Nikon Corp	3	JP
5000603	0	a-0002			Nikon Corporation	3	JP
5000604	0	a-0002			Nikon Corporation	3	JP
5000605	0	a-0002			Nikon Corp	3	JP
5000606	0	a-0002			Nikon Corporation	3	JP
5000607	0	a-0003			CARL ZEISS SMT GMBH	3	DE
5000608	0	a-0003			Carl Zeiss SMT GmbH	3	DE
5000609	0	a-0003			Carl Zeiss SMT AG	3	DE
5000610	0	a-0003			Carl Zeiss SMT AG	3	DE
5000611	0	a-0003			CARL ZEISS SMT GMBH	3	DE
5000612	0	a-0003			CARL ZEISS SMT GMBH	3	DE
5000613	0	a-0003			CARL ZEISS SMT GMBH	3	DE
5000614	0	a-0003			Carl Zeiss SMT AG	3	DE
5000615	0	a-0003			Carl Zeiss SMT AG	3	DE
5000616	0	a-0004			Taiwan Semiconductor Manufacturing Company, Ltd.	3	TW
5000617	0	a-0004			Taiwan Semiconductor Manufacturing Co., Ltd.	3	TW
5000618	0	a-0004			TAIWAN SEMICONDUCTOR MANUFACTURING COMPANY LIMITED	3	TW
5000619	0	a-0004			Taiwan Semiconductor Manufacturing Co., Ltd.	3	TW
5000620	0	a-0004			Taiwan Semiconductor Manufacturing Co., Ltd.	3	TW
5000621	0	a-0004			TAIWAN SEMICONDUCTOR MANUFACTURING COMPANY LIMITED	3	TW
5000622	0	a-0004			Taiwan Semiconductor Manufacturing Company, Ltd.	3	TW
5000623	0	a-0004			Taiwan Semiconductor Manufacturing Co., Ltd.	3	TW
5000624	0	a-0004			Taiwan Semiconductor Manufacturing Company, Ltd.	3	TW
5000625	0	a-0004			Taiwan Semiconductor Manufacturing Company, Ltd.	3	TW
5000626	0	a-0005			Samsung Electronics Co., Ltd.	3	KR
5000627	0	a-0005			Samsung Electronics Company Limited	3	KR
5000628	0	a-0005			SAMSUNG ELECTRONICS CO., LTD.	3	KR
5000629	0	a-0005			Samsung Electronics Company Limited	3	KR
5000630	0	a-0005			Samsung Electronics Co., Ltd.	3	KR
5000631	0	a-0005			Samsung Electronics Co., Ltd.	3	KR
5000632	0	a-0005			Samsung Electronics Company Limited	3	KR
5000633	0	a-0005			SAMSUNG ELECTRONICS CO., LTD.	3	KR
5000634	0	a-0005			SAMSUNG ELECTRONICS CO., LTD.	3	KR
5000635	0	a-0005			Samsung Electronics Co., Ltd.	3	KR
5000636	0	a-0006			Intel Corporation	3	US
5000637	0	a-0006			INTEL CORPORATION	3	US
5000638	0	a-0006			Intel Corporation	3	US
5000639	0	a-0006			Intel Corporation	3	US
5000640	0	a-0006			INTEL CORPORATION	3	US
5000641	0	a-0006			Intel Corporation	3	US
5000642	0	a-0006			Intel Corporation	3	US
5000643	0	a-0006			INTEL CORPORATION	3	US
5000644	0	a-0006			INTEL CORPORATION	3	US
5000645	0	a-0006			Intel Corporation	3	US
5000646	0	a-0006			Intel Corporation	3	US
5000647	0	a-0007			TOKYO ELECTRON LIMITED	3	JP
5000648	0	a-0007			TOKYO ELECTRON LIMITED	3	JP
5000649	0	a-0007			TOKYO ELECTRON LIMITED	3	JP
5000650	0	a-0007			TOKYO ELECTRON LIMITED	3	JP
5000651	0	a-0007			TOKYO ELECTRON LIMITED	3	JP
5000652	0	a-0007			Tokyo Electron Limited	3	JP
5000653	0	a-0007			Tokyo Electron Limited	3	JP
5000654	0	a-0007			Tokyo Electron Limited	3	JP
5000655	0	a-0007			TOKYO ELECTRON LIMITED	3	JP
5000656	0	a-0007			TOKYO ELECTRON LIMITED	3	JP
5000657	0	a-0007			Tokyo Electron Limited	3	JP
5000658	0	a-0007			TOKYO ELECTRON LIMITED	3	JP
5000659	0	a-0007			TOKYO ELECTRON LIMITED	3	JP
5000660	0	a-0008			Applied Materials, Inc.	3	US
5000661	0	a-0008			Applied Materials, Inc.	3	US
5000662	0	a-0008			APPLIED MATERIALS, INC.	3	US
5000663	0	a-0008			APPLIED MATERIALS, INC.	3	US
5000664	0	a-0008			Applied Materials, Inc.	3	US
5000665	0	a-0008			APPLIED MATERIALS, INC.	3	US
5000666	0	a-0008			APPLIED MATERIALS, INC.	3	US
5000667	0	a-0008			Applied Materials, Inc.	3	US
5000668	0	a-0009			GIGAPHOTON INC.	3	JP
5000669	0	a-0009			Gigaphoton Inc.	3	JP
5000670	0	a-0009			Gigaphoton Inc.	3	JP
5000671	0	a-0009			GIGAPHOTON INC.	3	JP
5000672	0	a-0010			CYMER, INC.	3	US
5000673	0	a-0010			Cymer LLC	3	US
5000674	0	a-0010			Cymer, Inc.	3	US
5000675	0	a-0011			INTERNATIONAL BUSINESS MACHINES CORPORATION	3	US
5000676	0	a-0011			International Business Machines Corporation	3	US
5000677	0	a-0011			International Business Machines Corporation	3	US
5000678	0	a-0011			INTERNATIONAL BUSINESS MACHINES CORPORATION	3	US
5000679	0	a-0011			International Business Machines Corporation	3	US
5000680	0	a-0011			INTERNATIONAL BUSINESS MACHINES CORPORATION	3	US
5000681	0	a-0011			INTERNATIONAL BUSINESS MACHINES CORPORATION	3	US
5000682	0	a-0011			INTERNATIONAL BUSINESS MACHINES CORPORATION	3	US
5000683	0	a-0011			INTERNATIONAL BUSINESS MACHINES CORPORATION	3	US
5000684	0	a-0011			INTERNATIONAL BUSINESS MACHINES CORPORATION	3	US
5000685	0	a-0011			INTERNATIONAL BUSINESS MACHINES CORPORATION	3	US
5000686	0	a-0000			ASML HOLDING N.V.	3	NL
5000687	0	a-0000			ASML Netherlands B.V.	3	NL
5000688	0	a-0000			ASML Netherlands B.V.	3	NL
5000689	0	a-0000			ASML Netherlands, B.V.	3	NL
5000690	0	a-0000			ASML Netherlands B.V.	3	NL
5000691	0	a-0000			Asml Netherlands BV	3	NL
5000692	0	a-0000			Asml Netherlands BV	3	NL
5000693	0	a-0000			ASML HOLDING N.V.	3	NL
5000694	0	a-0000			ASML Netherlands, B.V.	3	NL
5000695	0	a-0000			Asml Netherlands BV	3	NL
5000696	0	a-0000			ASML Netherlands B.V.	3	NL
5000697	0	a-0000			Asml Netherlands BV	3	NL
5000698	0	a-0000			ASML HOLDING N.V.	3	NL
5000699	0	a-0000			Asml Netherlands BV	3	NL
5000700	0	a-0000			ASML Netherlands, B.V.	3	NL
5000701	0	a-0000			Asml Netherlands BV	3	NL
5000702	0	a-0000			ASML Netherlands, B.V.	3	NL
5000703	0	a-0000			ASML Netherlands B.V.	3	NL
5000704	0	a-0000			ASML Netherlands B.V.	3	NL
5000705	0	a-0000			Asml Netherlands BV	3	NL
5000706	0	a-0001			Canon Inc.	3	JP
5000707	0	a-0001			CANON KABUSHIKI KAISHA	3	JP
5000708	0	a-0001			CANON KABUSHIKI KAISHA	3	JP
5000709	0	a-0001			Canon Kabushiki Kaisha	3	JP
5000710	0	a-0001			Canon Inc.	3	JP
5000711	0	a-0001			CANON KABUSHIKI KAISHA	3	JP
5000712	0	a-0001			Canon Kabushiki Kaisha	3	JP
5000713	0	a-0001			Canon Inc.	3	JP
5000714	0	a-0001			Canon Inc.	3	JP
5000715	0	a-0001			CANON KABUSHIKI KAISHA	3	JP
5000716	0	a-0001			Canon Kabushiki Kaisha	3	JP
5000717	0	a-0002			Nikon Corp	3	JP
5000718	0	a-0002			NIKON CORPORATION	3	JP
5000719	0	a-0002			Nikon Corporation	3	JP
5000720	0	a-0002			NIKON CORPORATION	3	JP
5000721	0	a-0002			Nikon Corp	3	JP
5000722	0	a-0002			Nikon Corporation	3	JP
5000723	0	a-0002			NIKON CORPORATION	3	JP
5000724	0	a-0002			Nikon Corporation	3	JP
5000725	0	a-0002			Nikon Corp	3	JP
5000726	0	a-0002			NIKON CORPORATION	3	JP
5000727	0	a-0002			NIKON CORPORATION	3	JP
5000728	0	a-0002			NIKON CORPORATION	3	JP
5000729	0	a-0002			Nikon Corporation	3	JP
5000730	0	a-0002			NIKON CORPORATION	3	JP
5000731	0	a-0002			NIKON CORPORATION	3	JP
5000732	0	a-0002			Nikon Corp	3	JP
5000733	0	a-0003			Carl Zeiss SMT AG	3	DE
5000734	0	a-0003			Carl Zeiss SMT GmbH	3	DE
5000735	0	a-0003			Carl Zeiss SMT AG	3	DE
5000736	0	a-0003			Carl Zeiss SMT AG	3	DE
5000737	0	a-0003			Carl Zeiss SMT GmbH	3	DE
5000738	0	a-0003			Carl Zeiss SMT AG	3	DE
5000739	0	a-0003			Carl Zeiss SMT AG	3	DE
5000740	0	a-0003			Carl Zeiss SMT GmbH	3	DE
5000741	0	a-0003			Carl Zeiss SMT GmbH	3	DE
5000742	0	a-0003			Carl Zeiss SMT AG	3	DE
5000743	0	a-0003			CARL ZEISS SMT GMBH	3	DE
5000744	0	a-0003			Carl Zeiss SMT GmbH	3	DE
5000745	0	a-0003			CARL ZEISS SMT GMBH	3	DE
5000746	0	a-0003			Carl Zeiss SMT AG	3	DE
5000747	0	a-0004			Taiwan Semiconductor Manufacturing Company, Ltd.	3	TW
5000748	0	a-0004			TAIWAN SEMICONDUCTOR MANUFACTURING COMPANY LIMITED	3	TW
5000749	0	a-0004			Taiwan Semiconductor Manufacturing Company, Ltd.	3	TW
5000750	0	a-0004			Taiwan Semiconductor Manufacturing Co., Ltd.	3	TW
5000751	0	a-0004			Taiwan Semiconductor Manufacturing Company, Ltd.	3	TW
5000752	0	a-0004			TAIWAN SEMICONDUCTOR MANUFACTURING COMPANY LIMITED	3	TW
5000753	0	a-0004			Taiwan Semiconductor Manufacturing Company, Ltd.	3	TW
5000754	0	a-0005			SAMSUNG ELECTRONICS CO., LTD.	3	KR
5000755	0	a-0005			Samsung Electronics Company Limited	3	KR
5000756	0	a-0005			Samsung Electronics Company Limited	3	KR
5000757	0	a-0005			SAMSUNG ELECTRONICS CO., LTD.	3	KR
5000758	0	a-0005			Samsung Electronics Co., Ltd.	3	KR
5000759	0	a-0005			Samsung Electronics Co., Ltd.	3	KR
5000760	0	a-0005			SAMSUNG ELECTRONICS CO., LTD.	3	KR
5000761	0	a-0005			SAMSUNG ELECTRONICS CO., LTD.	3	KR
5000762	0	a-0005			Samsung Electronics Co., Ltd.	3	KR
5000763	0	a-0005			Samsung Electronics Company Limited	3	KR
5000764	0	a-0005			Samsung Electronics Company Limited	3	KR
5000765	0	a-0006			INTEL CORPORATION	3	US
5000766	0	a-0006			Intel Corporation	3	US
5000767	0	a-0006			Intel Corporation	3	US
5000768	0	a-0006			Intel Corporation	3	US
5000769	0	a-0006			INTEL CORPORATION	3	US
5000770	0	a-0007			TOKYO ELECTRON LIMITED	3	JP
5000771	0	a-0007			Tokyo Electron Limited	3	JP
5000772	0	a-0007			Tokyo Electron Limited	3	JP
5000773	0	a-0007			Tokyo Electron Limited	3	JP
5000774	0	a-0007			TOKYO ELECTRON LIMITED	3	JP
5000775	0	a-0007			Tokyo Electron Limited	3	JP
5000776	0	a-0007			TOKYO ELECTRON LIMITED	3	JP
5000777	0	a-0007			TOKYO ELECTRON LIMITED	3	JP
5000778	0	a-0007			TOKYO ELECTRON LIMITED	3	JP
5000779	0	a-0008			Applied Materials, Inc.	3	US
5000780	0	a-0008			APPLIED MATERIALS, INC.	3	US
5000781	0	a-0008			Applied Materials, Inc.	3	US
5000782	0	a-0008			Applied Materials, Inc.	3	US
5000783	0	a-0008			APPLIED MATERIALS, INC.	3	US
5000784	0	a-0008			Applied Materials, Inc.	3	US
5000785	0	a-0008			APPLIED MATERIALS, INC.	3	US
5000786	0	a-0008			Applied Materials, Inc.	3	US
5000787	0	a-0008			Applied Materials, Inc.	3	US
5000788	0	a-0009			Gigaphoton Inc.	3	JP
5000789	0	a-0009			GIGAPHOTON INC.	3	JP
5000790	0	a-0009			Gigaphoton Inc.	3	JP
5000791	0	a-0009			GIGAPHOTON INC.	3	JP
5000792	0	a-0009			Gigaphoton Inc.	3	JP
5000793	0	a-0009			GIGAPHOTON INC.	3	JP
5000794	0	a-0009			Gigaphoton Inc.	3	JP
5000795	0	a-0009			Gigaphoton Inc.	3	JP
5000796	0	a-0010			Cymer LLC	3	US
5000797	0	a-0010			CYMER, INC.	3	US
5000798	0	a-0010			Cymer LLC	3	US
5000799	0	a-0010			Cymer LLC	3	US
5000800	0	a-0010			CYMER, INC.	3	US
5000801	0	a-0010			CYMER, INC.	3	US
5000802	0	a-0010			CYMER, INC.	3	US
5000803	0	a-0010			CYMER, INC.	3	US
5000804	0	a-0010			Cymer, Inc.	3	US
5000805	0	a-0010			CYMER, INC.	3	US
5000806	0	a-0010			CYMER, INC.	3	US
5000807	0	a-0010			CYMER, INC.	3	US
5000808	0	a-0011			International Business Machines Corporation	3	US
5000809	0	a-0011			INTERNATIONAL BUSINESS MACHINES CORPORATION	3	US
5000810	0	a-0011			International Business Machines Corporation	3	US
5000811	0	a-0011			International Business Machines Corporation	3	US
5000812	0	a-0011			INTERNATIONAL BUSINESS MACHINES CORPORATION	3	US
5000813	0	a-0011			INTERNATIONAL BUSINESS MACHINES CORPORATION	3	US
5000814	0	a-0011			INTERNATIONAL BUSINESS MACHINES CORPORATION	3	US
5000815	0	a-0011			INTERNATIONAL BUSINESS MACHINES CORPORATION	3	US
5000816	0	a-0011			International Business Machines Corporation	3	US
5000817	0	a-0011			INTERNATIONAL BUSINESS MACHINES CORPORATION	3	US
5000818	0	a-0000			ASML Netherlands B.V.	3	NL
5000819	0	a-0000			Asml Netherlands BV	3	NL
5000820	0	a-0000			ASML Netherlands B.V.	3	NL
5000821	0	a-0000			ASML Netherlands, B.V.	3	NL
5000822	0	a-0000			ASML HOLDING N.V.	3	NL
5000823	0	a-0000			ASML HOLDING N.V.	3	NL
5000824	0	a-0000			ASML HOLDING N.V.	3	NL
5000825	0	a-0000			ASML Netherlands B.V.	3	NL
5000826	0	a-0000			ASML HOLDING N.V.	3	NL
5000827	0	a-0000			Asml Netherlands BV	3	NL
5000828	0	a-0000			ASML HOLDING N.V.	3	NL
5000829	0	a-0000			ASML Netherlands, B.V.	3	NL
5000830	0	a-0000			ASML HOLDING N.V.	3	NL
5000831	0	a-0000			ASML HOLDING N.V.	3	NL
5000832	0	a-0000			ASML Netherlands, B.V.	3	NL
5000833	0	a-0000			ASML HOLDING N.V.	3	NL
5000834	0	a-0000			ASML Netherlands, B.V.	3	NL
5000835	0	a-0000			ASML HOLDING N.V.	3	NL
5000836	0	a-0000			ASML Netherlands B.V.	3	NL
5000837	0	a-0000			Asml Netherlands BV	3	NL
5000838	0	a-0000			Asml Netherlands BV	3	NL
5000839	0	a-0001			Canon Kabushiki Kaisha	3	JP
5000840	0	a-0001			Canon Kabushiki Kaisha	3	JP
5000841	0	a-0001			Canon Kabushiki Kaisha	3	JP
5000842	0	a-0001			Canon Kabushiki Kaisha	3	JP
5000843	0	a-0001			Canon Inc.	3	JP
5000844	0	a-0001			Canon Kabushiki Kaisha	3	JP
5000845	0	a-0001			Canon Kabushiki Kaisha	3	JP
5000846	0	a-0001			Canon Inc.	3	JP
5000847	0	a-0001			CANON KABUSHIKI KAISHA	3	JP
5000848	0	a-0001			Canon Inc.	3	JP
5000849	0	a-0001			Canon Inc.	3	JP
5000850	0	a-0001			Canon Inc.	3	JP
5000851	0	a-0001			Canon Kabushiki Kaisha	3	JP
5000852	0	a-0001			Canon Inc.	3	JP
5000853	0	a-0002			NIKON CORPORATION	3	JP
5000854	0	a-0002			NIKON CORPORATION	3	JP
5000855	0	a-0002			Nikon Corp	3	JP
5000856	0	a-0002			Nikon Corp	3	JP
5000857	0	a-0002			NIKON CORPORATION	3	JP
5000858	0	a-0002			NIKON CORPORATION	3	JP
5000859	0	a-0002			Nikon Corp	3	JP
5000860	0	a-0002			NIKON CORPORATION	3	JP
5000861	0	a-0002			Nikon Corporation	3	JP
5000862	0	a-0002			Nikon Corporation	3	JP
5000863	0	a-0002			Nikon Corp	3	JP
5000864	0	a-0002			NIKON CORPORATION	3	JP
5000865	0	a-0002			Nikon Corp	3	JP
5000866	0	a-0002			Nikon Corp	3	JP
5000867	0	a-0002			Nikon Corp	3	JP
5000868	0	a-0002			Nikon Corporation	3	JP
5000869	0	a-0003			Carl Zeiss SMT GmbH	3	DE
5000870	0	a-0003			Carl Zeiss SMT AG	3	DE
5000871	0	a-0003			Carl Zeiss SMT AG	3	DE
5000872	0	a-0003			Carl Zeiss SMT AG	3	DE
5000873	0	a-0003			Carl Zeiss SMT GmbH	3	DE
5000874	0	a-0003			CARL ZEISS SMT GMBH	3	DE
5000875	0	a-0003			Carl Zeiss SMT GmbH	3	DE
5000876	0	a-0003			CARL ZEISS SMT GMBH	3	DE
5000877	0	a-0003			Carl Zeiss SMT AG	3	DE
5000878	0	a-0003			CARL ZEISS SMT GMBH	3	DE
5000879	0	a-0003			CARL ZEISS SMT GMBH	3	DE
5000880	0	a-0003			Carl Zeiss SMT GmbH	3	DE
5000881	0	a-0003			Carl Zeiss SMT GmbH	3	DE
5000882	0	a-0003			Carl Zeiss SMT GmbH	3	DE
5000883	0	a-0004			TAIWAN SEMICONDUCTOR MANUFACTURING COMPANY LIMITED	3	TW
5000884	0	a-0004			TAIWAN SEMICONDUCTOR MANUFACTURING COMPANY LIMITED	3	TW
5000885	0	a-0004			TAIWAN SEMICONDUCTOR MANUFACTURING COMPANY LIMITED	3	TW
5000886	0	a-0004			Taiwan Semiconductor Manufacturing Company, Ltd.	3	TW
5000887	0	a-0004			TAIWAN SEMICONDUCTOR MANUFACTURING COMPANY LIMITED	3	TW
5000888	0	a-0004			TAIWAN SEMICONDUCTOR MANUFACTURING COMPANY LIMITED	3	TW
5000889	0	a-0005			Samsung Electronics Co., Ltd.	3	KR
5000890	0	a-0005			SAMSUNG ELECTRONICS CO., LTD.	3	KR
5000891	0	a-0005			SAMSUNG ELECTRONICS CO., LTD.	3	KR
5000892	0	a-0005			Samsung Electronics Co., Ltd.	3	KR
5000893	0	a-0005			SAMSUNG ELECTRONICS CO., LTD.	3	KR
5000894	0	a-0005			SAMSUNG ELECTRONICS CO., LTD.	3	KR
5000895	0	a-0005			Samsung Electronics Company Limited	3	KR
5000896	0	a-0005			Samsung Electronics Co., Ltd.	3	KR
5000897	0	a-0005			Samsung Electronics Co., Ltd.	3	KR
5000898	0	a-0005			Samsung Electronics Company Limited	3	KR
5000899	0	a-0005			Samsung Electronics Company Limited	3	KR
5000900	0	a-0005			Samsung Electronics Co., Ltd.	3	KR
5000901	0	a-0005			SAMSUNG ELECTRONICS CO., LTD.	3	KR
5000902	0	a-0006			Intel Corporation	3	US
5000903	0	a-0006			Intel Corporation	3	US
5000904	0	a-0006			Intel Corporation	3	US
5000905	0	a-0006			INTEL CORPORATION	3	US
5000906	0	a-0006			Intel Corporation	3	US
5000907	0	a-0006			INTEL CORPORATION	3	US
5000908	0	a-0006			INTEL CORPORATION	3	US
5000909	0	a-0006			Intel Corporation	3	US
5000910	0	a-0006			Intel Corporation	3	US
5000911	0	a-0006			INTEL CORPORATION	3	US
5000912	0	a-0007			Tokyo Electron Limited	3	JP
5000913	0	a-0007			Tokyo Electron Limited	3	JP
5000914	0	a-0007			Tokyo Electron Limited	3	JP
5000915	0	a-0007			TOKYO ELECTRON LIMITED	3	JP
5000916	0	a-0007			Tokyo Electron Limited	3	JP
5000917	0	a-0007			Tokyo Electron Limited	3	JP
5000918	0	a-0007			Tokyo Electron Limited	3	JP
5000919	0	a-0007			Tokyo Electron Limited	3	JP
5000920	0	a-0007			Tokyo Electron Limited	3	JP
5000921	0	a-0007			Tokyo Electron Limited	3	JP
5000922	0	a-0009			Gigaphoton Inc.	3	JP
5000923	0	a-0009			GIGAPHOTON INC.	3	JP
5000924	0	a-0009			Gigaphoton Inc.	3	JP
5000925	0	a-0009			Gigaphoton Inc.	3	JP
5000926	0	a-0009			Gigaphoton Inc.	3	JP
5000927	0	a-0009			Gigaphoton Inc.	3	JP
5000928	0	a-0009			Gigaphoton Inc.	3	JP
5000929	0	a-0009			Gigaphoton Inc.	3	JP
5000930	0	a-0009			GIGAPHOTON INC.	3	JP
5000931	0	a-0009			Gigaphoton Inc.	3	JP
5000932	0	a-0009			Gigaphoton Inc.	3	JP
5000933	0	a-0010			CYMER, INC.	3	US
5000934	0	a-0010			Cymer, Inc.	3	US
5000935	0	a-0010			CYMER, INC.	3	US
5000936	0	a-0010			Cymer, Inc.	3	US
5000937	0	a-0010			CYMER, INC.	3	US
5000938	0	a-0010			CYMER, INC.	3	US
5000939	0	a-0011			INTERNATIONAL BUSINESS MACHINES CORPORATION	3	US
5000940	0	a-0011			INTERNATIONAL BUSINESS MACHINES CORPORATION	3	US
5000941	0	a-0011			International Business Machines Corporation	3	US
5000942	0	a-0011			International Business Machines Corporation	3	US
5000943	0	a-0011			International Business Machines Corporation	3	US
5000944	0	a-0011			International Business Machines Corporation	3	US
5000945	0	a-0011			INTERNATIONAL BUSINESS MACHINES CORPORATION	3	US
5000946	0	a-0011			INTERNATIONAL BUSINESS MACHINES CORPORATION	3	US
5000947	0	a-0011			INTERNATIONAL BUSINESS MACHINES CORPORATION	3	US
5000948	0	a-0000			ASML Netherlands B.V.	3	NL
5000949	0	a-0000			ASML Netherlands B.V.	3	NL
5000950	0	a-0000			ASML HOLDING N.V.	3	NL
5000951	0	a-0000			ASML HOLDING N.V.	3	NL
5000952	0	a-0000			Asml Netherlands BV	3	NL
5000953	0	a-0000			ASML Netherlands B.V.	3	NL
5000954	0	a-0000			ASML Netherlands, B.V.	3	NL
5000955	0	a-0000			ASML HOLDING N.V.	3	NL
5000956	0	a-0000			ASML HOLDING N.V.	3	NL
5000957	0	a-0000			ASML Netherlands, B.V.	3	NL
5000958	0	a-0000			ASML Netherlands, B.V.	3	NL
5000959	0	a-0000			ASML HOLDING N.V.	3	NL
5000960	0	a-0000			ASML Netherlands B.V.	3	NL
5000961	0	a-0000			ASML HOLDING N.V.	3	NL
5000962	0	a-0000			ASML Netherlands, B.V.	3	NL
5000963	0	a-0000			ASML HOLDING N.V.	3	NL
5000964	0	a-0000			ASML Netherlands, B.V.	3	NL
5000965	0	a-0000			ASML HOLDING N.V.	3	NL
5000966	0	a-0001			Canon Inc.	3	JP
5000967	0	a-0001			Canon Kabushiki Kaisha	3	JP
5000968	0	a-0001			Canon Kabushiki Kaisha	3	JP
5000969	0	a-0001			Canon Kabushiki Kaisha	3	JP
5000970	0	a-0001			Canon Kabushiki Kaisha	3	JP
5000971	0	a-0001			CANON KABUSHIKI KAISHA	3	JP
5000972	0	a-0001			CANON KABUSHIKI KAISHA	3	JP
5000973	0	a-0001			Canon Inc.	3	JP
5000974	0	a-0001			Canon Inc.	3	JP
5000975	0	a-0001			Canon Kabushiki Kaisha	3	JP
5000976	0	a-0001			CANON KABUSHIKI KAISHA	3	JP
5000977	0	a-0001			Canon Inc.	3	JP
5000978	0	a-0001			Canon Kabushiki Kaisha	3	JP
5000979	0	a-0002			NIKON CORPORATION	3	JP
5000980	0	a-0002			NIKON CORPORATION	3	JP
5000981	0	a-0002			Nikon Corporation	3	JP
5000982	0	a-0002			Nikon Corp	3	JP
5000983	0	a-0002			NIKON CORPORATION	3	JP
5000984	0	a-0002			Nikon Corporation	3	JP
5000985	0	a-0002			Nikon Corp	3	JP
5000986	0	a-0002			Nikon Corp	3	JP
5000987	0	a-0002			Nikon Corporation	3	JP
5000988	0	a-0002			Nikon Corp	3	JP
5000989	0	a-0002			NIKON CORPORATION	3	JP
5000990	0	a-0002			Nikon Corp	3	JP
5000991	0	a-0002			Nikon Corp	3	JP
5000992	0	a-0002			Nikon Corp	3	JP
5000993	0	a-0002			NIKON CORPORATION	3	JP
5000994	0	a-0003			Carl Zeiss SMT AG	3	DE
5000995	0	a-0003			Carl Zeiss SMT GmbH	3	DE
5000996	0	a-0003			CARL ZEISS SMT GMBH	3	DE
5000997	0	a-0003			Carl Zeiss SMT AG	3	DE
5000998	0	a-0003			Carl Zeiss SMT AG	3	DE
5000999	0	a-0003			Carl Zeiss SMT GmbH	3	DE
5001000	0	a-0003			Carl Zeiss SMT AG	3	DE
5001001	0	a-0003			Carl Zeiss SMT GmbH	3	DE
5001002	0	a-0003			CARL ZEISS SMT GMBH	3	DE
5001003	0	a-0003			Carl Zeiss SMT GmbH	3	DE
5001004	0	a-0003			CARL ZEISS SMT GMBH	3	DE
5001005	0	a-0003			Carl Zeiss SMT AG	3	DE
5001006	0	a-0003			CARL ZEISS SMT GMBH	3	DE
5001007	0	a-0003			CARL ZEISS SMT GMBH	3	DE
5001008	0	a-0004			TAIWAN SEMICONDUCTOR MANUFACTURING COMPANY LIMITED	3	TW
5001009	0	a-0004			Taiwan Semiconductor Manufacturing Company, Ltd.	3	TW
5001010	0	a-0004			Taiwan Semiconductor Manufacturing Co., Ltd.	3	TW
5001011	0	a-0005			SAMSUNG ELECTRONICS CO., LTD.	3	KR
5001012	0	a-0005			SAMSUNG ELECTRONICS CO., LTD.	3	KR
5001013	0	a-0005			Samsung Electronics Co., Ltd.	3	KR
5001014	0	a-0005			SAMSUNG ELECTRONICS CO., LTD.	3	KR
5001015	0	a-0005			SAMSUNG ELECTRONICS CO., LTD.	3	KR
5001016	0	a-0005			Samsung Electronics Company Limited	3	KR
5001017	0	a-0005			SAMSUNG ELECTRONICS CO., LTD.	3	KR
5001018	0	a-0005			Samsung Electronics Co., Ltd.	3	KR
5001019	0	a-0005			Samsung Electronics Company Limited	3	KR
5001020	0	a-0005			SAMSUNG ELECTRONICS CO., LTD.	3	KR
5001021	0	a-0006			Intel Corporation	3	US
5001022	0	a-0006			Intel Corporation	3	US
5001023	0	a-0006			INTEL CORPORATION	3	US
5001024	0	a-0006			INTEL CORPORATION	3	US
5001025	0	a-0006			INTEL CORPORATION	3	US
5001026	0	a-0006			INTEL CORPORATION	3	US
5001027	0	a-0006			Intel Corporation	3	US
5001028	0	a-0006			Intel Corporation	3	US
5001029	0	a-0006			Intel Corporation	3	US
5001030	0	a-0007			Tokyo Electron Limited	3	JP
5001031	0	a-0007			TOKYO ELECTRON LIMITED	3	JP
5001032	0	a-0007			Tokyo Electron Limited	3	JP
5001033	0	a-0007			TOKYO ELECTRON LIMITED	3	JP
5001034	0	a-0007			TOKYO ELECTRON LIMITED	3	JP
5001035	0	a-0007			TOKYO ELECTRON LIMITED	3	JP
5001036	0	a-0007			Tokyo Electron Limited	3	JP
5001037	0	a-0007			Tokyo Electron Limited	3	JP
5001038	0	a-0008			APPLIED MATERIALS, INC.	3	US
5001039	0	a-0008			APPLIED MATERIALS, INC.	3	US
5001040	0	a-0008			Applied Materials, Inc.	3	US
5001041	0	a-0008			APPLIED MATERIALS, INC.	3	US
5001042	0	a-0008			APPLIED MATERIALS, INC.	3	US
5001043	0	a-0008			Applied Materials, Inc.	3	US
5001044	0	a-0008			APPLIED MATERIALS, INC.	3	US
5001045	0	a-0008			APPLIED MATERIALS, INC.	3	US
5001046	0	a-0008			Applied Materials, Inc.	3	US
5001047	0	a-0008			APPLIED MATERIALS, INC.	3	US
5001048	0	a-0008			Applied Materials, Inc.	3	US
5001049	0	a-0008			Applied Materials, Inc.	3	US
5001050	0	a-0009			Gigaphoton Inc.	3	JP
5001051	0	a-0009			Gigaphoton Inc.	3	JP
5001052	0	a-0009			GIGAPHOTON INC.	3	JP
5001053	0	a-0009			GIGAPHOTON INC.	3	JP
5001054	0	a-0009			Gigaphoton Inc.	3	JP
5001055	0	a-0009			Gigaphoton Inc.	3	JP
5001056	0	a-0009			Gigaphoton Inc.	3	JP
5001057	0	a-0009			Gigaphoton Inc.	3	JP
5001058	0	a-0009			Gigaphoton Inc.	3	JP
5001059	0	a-0009			Gigaphoton Inc.	3	JP
5001060	0	a-0010			Cymer LLC	3	US
5001061	0	a-0010			Cymer LLC	3	US
5001062	0	a-0010			Cymer, Inc.	3	US
5001063	0	a-0010			CYMER, INC.	3	US
5001064	0	a-0010			CYMER, INC.	3	US
5001065	0	a-0010			CYMER, INC.	3	US
5001066	0	a-0011			International Business Machines Corporation	3	US
5001067	0	a-0011			INTERNATIONAL BUSINESS MACHINES CORPORATION	3	US
5001068	0	a-0011			INTERNATIONAL BUSINESS MACHINES CORPORATION	3	US
5001069	0	a-0011			INTERNATIONAL BUSINESS MACHINES CORPORATION	3	US
5001070	0	a-0011			International Business Machines Corporation	3	US
5001071	0	a-0011			International Business Machines Corporation	3	US
5001072	0	a-0011			INTERNATIONAL BUSINESS MACHINES CORPORATION	3	US
5001073	0	a-0011			INTERNATIONAL BUSINESS MACHINES CORPORATION	3	US
5001074	0	a-0000			ASML HOLDING N.V.	3	NL
5001075	0	a-0000			ASML Netherlands B.V.	3	NL
5001076	0	a-0000			Asml Netherlands BV	3	NL
5001077	0	a-0000			Asml Netherlands BV	3	NL
5001078	0	a-0000			ASML Netherlands B.V.	3	NL
5001079	0	a-0000			ASML Netherlands B.V.	3	NL
5001080	0	a-0000			ASML HOLDING N.V.	3	NL
5001081	0	a-0000			ASML Netherlands B.V.	3	NL
5001082	0	a-0000			ASML Netherlands, B.V.	3	NL
5001083	0	a-0000			ASML Netherlands, B.V.	3	NL
5001084	0	a-0000			ASML HOLDING N.V.	3	NL
5001085	0	a-0000			Asml Netherlands BV	3	NL
5001086	0	a-0000			ASML HOLDING N.V.	3	NL
5001087	0	a-0000			ASML Netherlands B.V.	3	NL
5001088	0	a-0000			ASML HOLDING N.V.	3	NL
5001089	0	a-0000			ASML Netherlands, B.V.	3	NL
5001090	0	a-0000			Asml Netherlands BV	3	NL
5001091	0	a-0000			ASML HOLDING N.V.	3	NL
5001092	0	a-0000			ASML Netherlands B.V.	3	NL
5001093	0	a-0000			ASML HOLDING N.V.	3	NL
5001094	0	a-0000			ASML Netherlands B.V.	3	NL
5001095	0	a-0000			ASML HOLDING N.V.	3	NL
5001096	0	a-0000			ASML HOLDING N.V.	3	NL
5001097	0	a-0001			Canon Inc.	3	JP
5001098	0	a-0001			Canon Kabushiki Kaisha	3	JP
5001099	0	a-0001			Canon Inc.	3	JP
5001100	0	a-0001			Canon Inc.	3	JP
5001101	0	a-0001			Canon Kabushiki Kaisha	3	JP
5001102	0	a-0001			CANON KABUSHIKI KAISHA	3	JP
5001103	0	a-0001			CANON KABUSHIKI KAISHA	3	JP
5001104	0	a-0001			Canon Inc.	3	JP
5001105	0	a-0001			Canon Kabushiki Kaisha	3	JP
5001106	0	a-0001			Canon Inc.	3	JP
5001107	0	a-0001			Canon Inc.	3	JP
5001108	0	a-0001			Canon Inc.	3	JP
5001109	0	a-0001			CANON KABUSHIKI KAISHA	3	JP
5001110	0	a-0001			Canon Kabushiki Kaisha	3	JP
5001111	0	a-0001			Canon Inc.	3	JP
5001112	0	a-0001			CANON KABUSHIKI KAISHA	3	JP
5001113	0	a-0001			Canon Kabushiki Kaisha	3	JP
5001114	0	a-0001			Canon Kabushiki Kaisha	3	JP
5001115	0	a-0001			Canon Inc.	3	JP
5001116	0	a-0001			Canon Inc.	3	JP
5001117	0	a-0002			Nikon Corporation	3	JP
5001118	0	a-0002			NIKON CORPORATION	3	JP
5001119	0	a-0002			Nikon Corporation	3	JP
5001120	0	a-0002			Nikon Corp	3	JP
5001121	0	a-0002			Nikon Corp	3	JP
5001122	0	a-0002			Nikon Corp	3	JP
5001123	0	a-0002			NIKON CORPORATION	3	JP
5001124	0	a-0002			NIKON CORPORATION	3	JP
5001125	0	a-0002			NIKON CORPORATION	3	JP
5001126	0	a-0002			Nikon Corporation	3	JP
5001127	0	a-0002			NIKON CORPORATION	3	JP
5001128	0	a-0002			NIKON CORPORATION	3	JP
5001129	0	a-0002			Nikon Corp	3	JP
5001130	0	a-0002			Nikon Corp	3	JP
5001131	0	a-0002			Nikon Corp	3	JP
5001132	0	a-0002			Nikon Corporation	3	JP
5001133	0	a-0002			Nikon Corp	3	JP
5001134	0	a-0002			Nikon Corporation	3	JP
5001135	0	a-0002			NIKON CORPORATION	3	JP
5001136	0	a-0002			Nikon Corporation	3	JP
5001137	0	a-0003			Carl Zeiss SMT AG	3	DE
5001138	0	a-0003			CARL ZEISS SMT GMBH	3	DE
5001139	0	a-0003			Carl Zeiss SMT AG	3	DE
5001140	0	a-0003			CARL ZEISS SMT GMBH	3	DE
5001141	0	a-0003			CARL ZEISS SMT GMBH	3	DE
5001142	0	a-0003			Carl Zeiss SMT GmbH	3	DE
5001143	0	a-0003			Carl Zeiss SMT GmbH	3	DE
5001144	0	a-0003			Carl Zeiss SMT GmbH	3	DE
5001145	0	a-0003			Carl Zeiss SMT AG	3	DE
5001146	0	a-0003			Carl Zeiss SMT GmbH	3	DE
5001147	0	a-0003			Carl Zeiss SMT AG	3	DE
5001148	0	a-0003			Carl Zeiss SMT GmbH	3	DE
5001149	0	a-0003			Carl Zeiss SMT AG	3	DE
5001150	0	a-0003			Carl Zeiss SMT GmbH	3	DE
5001151	0	a-0004			Taiwan Semiconductor Manufacturing Co., Ltd.	3	TW
5001152	0	a-0004			TAIWAN SEMICONDUCTOR MANUFACTURING COMPANY LIMITED	3	TW
5001153	0	a-0004			Taiwan Semiconductor Manufacturing Company, Ltd.	3	TW
5001154	0	a-0004			Taiwan Semiconductor Manufacturing Company, Ltd.	3	TW
5001155	0	a-0004			TAIWAN SEMICONDUCTOR MANUFACTURING COMPANY LIMITED	3	TW
5001156	0	a-0004			Taiwan Semiconductor Manufacturing Company, Ltd.	3	TW
5001157	0	a-0005			Samsung Electronics Company Limited	3	KR
5001158	0	a-0005			Samsung Electronics Company Limited	3	KR
5001159	0	a-0005			SAMSUNG ELECTRONICS CO., LTD.	3	KR
5001160	0	a-0005			Samsung Electronics Company Limited	3	KR
5001161	0	a-0005			SAMSUNG ELECTRONICS CO., LTD.	3	KR
5001162	0	a-0005			Samsung Electronics Co., Ltd.	3	KR
5001163	0	a-0005			Samsung Electronics Company Limited	3	KR
5001164	0	a-0006			INTEL CORPORATION	3	US
5001165	0	a-0006			Intel Corporation	3	US
5001166	0	a-0006			INTEL CORPORATION	3	US
5001167	0	a-0006			INTEL CORPORATION	3	US
5001168	0	a-0006			Intel Corporation	3	US
5001169	0	a-0006			INTEL CORPORATION	3	US
5001170	0	a-0006			Intel Corporation	3	US
5001171	0	a-0006			Intel Corporation	3	US
5001172	0	a-0007			Tokyo Electron Limited	3	JP
5001173	0	a-0007			Tokyo Electron Limited	3	JP
5001174	0	a-0007			TOKYO ELECTRON LIMITED	3	JP
5001175	0	a-0007			Tokyo Electron Limited	3	JP
5001176	0	a-0007			TOKYO ELECTRON LIMITED	3	JP
5001177	0	a-0007			TOKYO ELECTRON LIMITED	3	JP
5001178	0	a-0007			TOKYO ELECTRON LIMITED	3	JP
5001179	0	a-0007			TOKYO ELECTRON LIMITED	3	JP
5001180	0	a-0007			Tokyo Electron Limited	3	JP
5001181	0	a-0008			Applied Materials, Inc.	3	US
5001182	0	a-0008			APPLIED MATERIALS, INC.	3	US
5001183	0	a-0008			Applied Materials, Inc.	3	US
5001184	0	a-0008			APPLIED MATERIALS, INC.	3	US
5001185	0	a-0008			APPLIED MATERIALS, INC.	3	US
5001186	0	a-0008			Applied Materials, Inc.	3	US
5001187	0	a-0009			Gigaphoton Inc.	3	JP
5001188	0	a-0009			Gigaphoton Inc.	3	JP
5001189	0	a-0009			Gigaphoton Inc.	3	JP
5001190	0	a-0009			GIGAPHOTON INC.	3	JP
5001191	0	a-0009			GIGAPHOTON INC.	3	JP
5001192	0	a-0009			GIGAPHOTON INC.	3	JP
5001193	0	a-0009			Gigaphoton Inc.	3	JP
5001194	0	a-0010			Cymer LLC	3	US
5001195	0	a-0010			Cymer, Inc.	3	US
5001196	0	a-0010			Cymer, Inc.	3	US
5001197	0	a-0010			Cymer LLC	3	US
5001198	0	a-0010			CYMER, INC.	3	US
5001199	0	a-0010			CYMER, INC.	3	US
5001200	0	a-0010			CYMER, INC.	3	US
5001201	0	a-0010			Cymer, Inc.	3	US
5001202	0	a-0010			Cymer LLC	3	US
5001203	0	a-0010			Cymer, Inc.	3	US
5001204	0	a-0010			Cymer LLC	3	US
5001205	0	a-0010			Cymer LLC	3	US
5001206	0	a-0010			Cymer LLC	3	US
5001207	0	a-0011			International Business Machines Corporation	3	US
5001208	0	a-0011			INTERNATIONAL BUSINESS MACHINES CORPORATION	3	US
5001209	0	a-0011			INTERNATIONAL BUSINESS MACHINES CORPORATION	3	US
5001210	0	a-0011			International Business Machines Corporation	3	US
5001211	0	a-0011			INTERNATIONAL BUSINESS MACHINES CORPORATION	3	US
5001212	0	a-0011			International Business Machines Corporation	3	US
5001213	0	a-0011			INTERNATIONAL BUSINESS MACHINES CORPORATION	3	US
5001214	0	a-0011			International Business Machines Corporation	3	US
5001215	0	a-0011			International Business Machines Corporation	3	US
5001216	0	a-0000			ASML Netherlands B.V.	3	NL
5001217	0	a-0000			ASML Netherlands B.V.	3	NL
5001218	0	a-0000			ASML Netherlands, B.V.	3	NL
5001219	0	a-0000			ASML Netherlands, B.V.	3	NL
5001220	0	a-0000			Asml Netherlands BV	3	NL
5001221	0	a-0000			Asml Netherlands BV	3	NL
5001222	0	a-0000			ASML Netherlands B.V.	3	NL
5001223	0	a-0000			ASML Netherlands, B.V.	3	NL
5001224	0	a-0000			Asml Netherlands BV	3	NL
5001225	0	a-0000			Asml Netherlands BV	3	NL
5001226	0	a-0000			ASML HOLDING N.V.	3	NL
5001227	0	a-0000			ASML HOLDING N.V.	3	NL
5001228	0	a-0000			Asml Netherlands BV	3	NL
5001229	0	a-0000			Asml Netherlands BV	3	NL
5001230	0	a-0000			ASML HOLDING N.V.	3	NL
5001231	0	a-0000			Asml Netherlands BV	3	NL
5001232	0	a-0000			Asml Netherlands BV	3	NL
5001233	0	a-0000			Asml Netherlands BV	3	NL
5001234	0	a-0001			Canon Kabushiki Kaisha	3	JP
5001235	0	a-0001			CANON KABUSHIKI KAISHA	3	JP
5001236	0	a-0001			Canon Inc.	3	JP
5001237	0	a-0001			Canon Inc.	3	JP
5001238	0	a-0001			Canon Inc.	3	JP
5001239	0	a-0001			Canon Inc.	3	JP
5001240	0	a-0001			CANON KABUSHIKI KAISHA	3	JP
5001241	0	a-0001			CANON KABUSHIKI KAISHA	3	JP
5001242	0	a-0001			CANON KABUSHIKI KAISHA	3	JP
5001243	0	a-0001			Canon Inc.	3	JP
5001244	0	a-0001			CANON KABUSHIKI KAISHA	3	JP
5001245	0	a-0001			CANON KABUSHIKI KAISHA	3	JP
5001246	0	a-0001			Canon Kabushiki Kaisha	3	JP
5001247	0	a-0001			Canon Inc.	3	JP
5001248	0	a-0001			Canon Inc.	3	JP
5001249	0	a-0001			CANON KABUSHIKI KAISHA	3	JP
5001250	0	a-0002			Nikon Corporation	3	JP
5001251	0	a-0002			Nikon Corporation	3	JP
5001252	0	a-0002			NIKON CORPORATION	3	JP
5001253	0	a-0002			NIKON CORPORATION	3	JP
5001254	0	a-0002			NIKON CORPORATION	3	JP
5001255	0	a-0002			Nikon Corp	3	JP
5001256	0	a-0002			NIKON CORPORATION	3	JP
5001257	0	a-0002			NIKON CORPORATION	3	JP
5001258	0	a-0002			Nikon Corporation	3	JP
5001259	0	a-0002			NIKON CORPORATION	3	JP
5001260	0	a-0002			NIKON CORPORATION	3	JP
5001261	0	a-0002			NIKON CORPORATION	3	JP
5001262	0	a-0002			Nikon Corporation	3	JP
5001263	0	a-0002			NIKON CORPORATION	3	JP
5001264	0	a-0002			Nikon Corporation	3	JP
5001265	0	a-0002			NIKON CORPORATION	3	JP
5001266	0	a-0002			Nikon Corporation	3	JP
5001267	0	a-0002			Nikon Corporation	3	JP
5001268	0	a-0002			Nikon Corporation	3	JP
5001269	0	a-0002			Nikon Corp	3	JP
5001270	0	a-0003			Carl Zeiss SMT AG	3	DE
5001271	0	a-0003			Carl Zeiss SMT AG	3	DE
5001272	0	a-0003			Carl Zeiss SMT AG	3	DE
5001273	0	a-0003			Carl Zeiss SMT AG	3	DE
5001274	0	a-0003			Carl Zeiss SMT AG	3	DE
5001275	0	a-0003			Carl Zeiss SMT GmbH	3	DE
5001276	0	a-0003			Carl Zeiss SMT GmbH	3	DE
5001277	0	a-0003			Carl Zeiss SMT GmbH	3	DE
5001278	0	a-0003			Carl Zeiss SMT GmbH	3	DE
5001279	0	a-0003			Carl Zeiss SMT AG	3	DE
5001280	0	a-0003			CARL ZEISS SMT GMBH	3	DE
5001281	0	a-0003			Carl Zeiss SMT AG	3	DE
5001282	0	a-0003			Carl Zeiss SMT AG	3	DE
5001283	0	a-0003			Carl Zeiss SMT GmbH	3	DE
5001284	0	a-0004			Taiwan Semiconductor Manufacturing Co., Ltd.	3	TW
5001285	0	a-0004			TAIWAN SEMICONDUCTOR MANUFACTURING COMPANY LIMITED	3	TW
5001286	0	a-0004			Taiwan Semiconductor Manufacturing Co., Ltd.	3	TW
5001287	0	a-0004			TAIWAN SEMICONDUCTOR MANUFACTURING COMPANY LIMITED	3	TW
5001288	0	a-0004			TAIWAN SEMICONDUCTOR MANUFACTURING COMPANY LIMITED	3	TW
5001289	0	a-0004			Taiwan Semiconductor Manufacturing Co., Ltd.	3	TW
5001290	0	a-0005			Samsung Electronics Co., Ltd.	3	KR
5001291	0	a-0005			SAMSUNG ELECTRONICS CO., LTD.	3	KR
5001292	0	a-0005			Samsung Electronics Company Limited	3	KR
5001293	0	a-0005			Samsung Electronics Co., Ltd.	3	KR
5001294	0	a-0005			Samsung Electronics Company Limited	3	KR
5001295	0	a-0005			Samsung Electronics Company Limited	3	KR
5001296	0	a-0005			Samsung Electronics Co., Ltd.	3	KR
5001297	0	a-0005			Samsung Electronics Company Limited	3	KR
5001298	0	a-0005			Samsung Electronics Co., Ltd.	3	KR
5001299	0	a-0005			Samsung Electronics Co., Ltd.	3	KR
5001300	0	a-0005			Samsung Electronics Company Limited	3	KR
5001301	0	a-0005			SAMSUNG ELECTRONICS CO., LTD.	3	KR
5001302	0	a-0006			Intel Corporation	3	US
5001303	0	a-0006			INTEL CORPORATION	3	US
5001304	0	a-0006			Intel Corporation	3	US
5001305	0	a-0006			Intel Corporation	3	US
5001306	0	a-0006			Intel Corporation	3	US
5001307	0	a-0006			Intel Corporation	3	US
5001308	0	a-0007			TOKYO ELECTRON LIMITED	3	JP
5001309	0	a-0007			Tokyo Electron Limited	3	JP
5001310	0	a-0007			Tokyo Electron Limited	3	JP
5001311	0	a-0007			TOKYO ELECTRON LIMITED	3	JP
5001312	0	a-0007			TOKYO ELECTRON LIMITED	3	JP
5001313	0	a-0007			Tokyo Electron Limited	3	JP
5001314	0	a-0007			Tokyo Electron Limited	3	JP
5001315	0	a-0007			Tokyo Electron Limited	3	JP
5001316	0	a-0007			TOKYO ELECTRON LIMITED	3	JP
5001317	0	a-0007			Tokyo Electron Limited	3	JP
5001318	0	a-0007			TOKYO ELECTRON LIMITED	3	JP
5001319	0	a-0007			Tokyo Electron Limited	3	JP
5001320	0	a-0007			TOKYO ELECTRON LIMITED	3	JP
5001321	0	a-0007			TOKYO ELECTRON LIMITED	3	JP
5001322	0	a-0008			Applied Materials, Inc.	3	US
5001323	0	a-0008			Applied Materials, Inc.	3	US
5001324	0	a-0008			APPLIED MATERIALS, INC.	3	US
5001325	0	a-0008			APPLIED MATERIALS, INC.	3	US
5001326	0	a-0008			APPLIED MATERIALS, INC.	3	US
5001327	0	a-0009			Gigaphoton Inc.	3	JP
5001328	0	a-0009			Gigaphoton Inc.	3	JP
5001329	0	a-0009			Gigaphoton Inc.	3	JP
5001330	0	a-0009			GIGAPHOTON INC.	3	JP
5001331	0	a-0009			GIGAPHOTON INC.	3	JP
5001332	0	a-0009			GIGAPHOTON INC.	3	JP
5001333	0	a-0009			Gigaphoton Inc.	3	JP
5001334	0	a-0009			Gigaphoton Inc.	3	JP
5001335	0	a-0009			Gigaphoton Inc.	3	JP
5001336	0	a-0009			Gigaphoton Inc.	3	JP
5001337	0	a-0009			GIGAPHOTON INC.	3	JP
5001338	0	a-0009			GIGAPHOTON INC.	3	JP
5001339	0	a-0010			Cymer LLC	3	US
5001340	0	a-0010			Cymer LLC	3	US
5001341	0	a-0010			CYMER, INC.	3	US
5001342	0	a-0010			Cymer LLC	3	US
5001343	0	a-0010			CYMER, INC.	3	US
5001344	0	a-0010			Cymer LLC	3	US
5001345	0	a-0010			CYMER, INC.	3	US
5001346	0	a-0010			Cymer LLC	3	US
5001347	0	a-0010			CYMER, INC.	3	US
5001348	0	a-0010			Cymer, Inc.	3	US
5001349	0	a-0010			Cymer LLC	3	US
5001350	0	a-0011			International Business Machines Corporation	3	US
5001351	0	a-0011			INTERNATIONAL BUSINESS MACHINES CORPORATION	3	US
5001352	0	a-0011			International Business Machines Corporation	3	US
5001353	0	a-0011			INTERNATIONAL BUSINESS MACHINES CORPORATION	3	US
5001354	0	a-0011			International Business Machines Corporation	3	US
5001355	0	a-0011			International Business Machines Corporation	3	US
5001356	0	a-0011			International Business Machines Corporation	3	US
5001357	0	a-0011			International Business Machines Corporation	3	US
5001358	0	a-0011			INTERNATIONAL BUSINESS MACHINES CORPORATION	3	US
5001359	0	a-0011			International Business Machines Corporation	3	US
5001360	0	a-0011			INTERNATIONAL BUSINESS MACHINES CORPORATION	3	US
5001361	0	a-0011			INTERNATIONAL BUSINESS MACHINES CORPORATION	3	US
5001362	0	a-0000			ASML HOLDING N.V.	3	NL
5001363	0	a-0000			ASML HOLDING N.V.	3	NL
5001364	0	a-0000			ASML Netherlands, B.V.	3	NL
5001365	0	a-0000			ASML Netherlands, B.V.	3	NL
5001366	0	a-0000			ASML HOLDING N.V.	3	NL
5001367	0	a-0000			ASML HOLDING N.V.	3	NL
5001368	0	a-0000			ASML Netherlands B.V.	3	NL
5001369	0	a-0000			ASML HOLDING N.V.	3	NL
5001370	0	a-0000			Asml Netherlands BV	3	NL
5001371	0	a-0000			ASML Netherlands, B.V.	3	NL
5001372	0	a-0000			ASML HOLDING N.V.	3	NL
5001373	0	a-0000			Asml Netherlands BV	3	NL
5001374	0	a-0000			ASML Netherlands, B.V.	3	NL
5001375	0	a-0000			ASML Netherlands B.V.	3	NL
5001376	0	a-0000			ASML HOLDING N.V.	3	NL
5001377	0	a-0000			Asml Netherlands BV	3	NL
5001378	0	a-0000			Asml Netherlands BV	3	NL
5001379	0	a-0000			ASML Netherlands, B.V.	3	NL
5001380	0	a-0000			ASML Netherlands B.V.	3	NL
5001381	0	a-0001			Canon Inc.	3	JP
5001382	0	a-0001			CANON KABUSHIKI KAISHA	3	JP
5001383	0	a-0001			Canon Inc.	3	JP
5001384	0	a-0001			Canon Inc.	3	JP
5001385	0	a-0001			Canon Kabushiki Kaisha	3	JP
5001386	0	a-0001			Canon Inc.	3	JP
5001387	0	a-0001			CANON KABUSHIKI KAISHA	3	JP
5001388	0	a-0001			CANON KABUSHIKI KAISHA	3	JP
5001389	0	a-0001			CANON KABUSHIKI KAISHA	3	JP
5001390	0	a-0001			Canon Inc.	3	JP
5001391	0	a-0001			CANON KABUSHIKI KAISHA	3	JP
5001392	0	a-0001			Canon Kabushiki Kaisha	3	JP
5001393	0	a-0001			Canon Kabushiki Kaisha	3	JP
5001394	0	a-0001			CANON KABUSHIKI KAISHA	3	JP
5001395	0	a-0001			Canon Inc.	3	JP
5001396	0	a-0001			Canon Kabushiki Kaisha	3	JP
5001397	0	a-0001			CANON KABUSHIKI KAISHA	3	JP
5001398	0	a-0002			Nikon Corp	3	JP
5001399	0	a-0002			Nikon Corp	3	JP
5001400	0	a-0002			Nikon Corp	3	JP
5001401	0	a-0002			Nikon Corp	3	JP
5001402	0	a-0002			NIKON CORPORATION	3	JP
5001403	0	a-0002			Nikon Corp	3	JP
5001404	0	a-0002			NIKON CORPORATION	3	JP
5001405	0	a-0002			Nikon Corporation	3	JP
5001406	0	a-0002			Nikon Corporation	3	JP
5001407	0	a-0002			Nikon Corp	3	JP
5001408	0	a-0002			Nikon Corporation	3	JP
5001409	0	a-0002			Nikon Corporation	3	JP
5001410	0	a-0002			NIKON CORPORATION	3	JP
5001411	0	a-0002			NIKON CORPORATION	3	JP
5001412	0	a-0002			Nikon Corporation	3	JP
5001413	0	a-0002			NIKON CORPORATION	3	JP
5001414	0	a-0003			Carl Zeiss SMT GmbH	3	DE
5001415	0	a-0003			Carl Zeiss SMT GmbH	3	DE
5001416	0	a-0003			Carl Zeiss SMT AG	3	DE
5001417	0	a-0003			CARL ZEISS SMT GMBH	3	DE
5001418	0	a-0003			Carl Zeiss SMT GmbH	3	DE
5001419	0	a-0003			Carl Zeiss SMT GmbH	3	DE
5001420	0	a-0003			Carl Zeiss SMT GmbH	3	DE
5001421	0	a-0003			Carl Zeiss SMT GmbH	3	DE
5001422	0	a-0003			CARL ZEISS SMT GMBH	3	DE
5001423	0	a-0003			CARL ZEISS SMT GMBH	3	DE
5001424	0	a-0003			CARL ZEISS SMT GMBH	3	DE
5001425	0	a-0003			CARL ZEISS SMT GMBH	3	DE
5001426	0	a-0003			Carl Zeiss SMT AG	3	DE
5001427	0	a-0003			Carl Zeiss SMT AG	3	DE
5001428	0	a-0003			Carl Zeiss SMT AG	3	DE
5001429	0	a-0003			Carl Zeiss SMT AG	3	DE
5001430	0	a-0003			Carl Zeiss SMT AG	3	DE
5001431	0	a-0003			Carl Zeiss SMT AG	3	DE
5001432	0	a-0003			Carl Zeiss SMT AG	3	DE
5001433	0	a-0004			Taiwan Semiconductor Manufacturing Co., Ltd.	3	TW
5001434	0	a-0004			Taiwan Semiconductor Manufacturing Company, Ltd.	3	TW
5001435	0	a-0004			TAIWAN SEMICONDUCTOR MANUFACTURING COMPANY LIMITED	3	TW
5001436	0	a-0004			Taiwan Semiconductor Manufacturing Company, Ltd.	3	TW
5001437	0	a-0004			Taiwan Semiconductor Manufacturing Co., Ltd.	3	TW
5001438	0	a-0004			TAIWAN SEMICONDUCTOR MANUFACTURING COMPANY LIMITED	3	TW
5001439	0	a-0004			TAIWAN SEMICONDUCTOR MANUFACTURING COMPANY LIMITED	3	TW
5001440	0	a-0004			Taiwan Semiconductor Manufacturing Company, Ltd.	3	TW
5001441	0	a-0004			Taiwan Semiconductor Manufacturing Co., Ltd.	3	TW
5001442	0	a-0004			Taiwan Semiconductor Manufacturing Company, Ltd.	3	TW
5001443	0	a-0004			Taiwan Semiconductor Manufacturing Company, Ltd.	3	TW
5001444	0	a-0004			TAIWAN SEMICONDUCTOR MANUFACTURING COMPANY LIMITED	3	TW
5001445	0	a-0005			SAMSUNG ELECTRONICS CO., LTD.	3	KR
5001446	0	a-0005			SAMSUNG ELECTRONICS CO., LTD.	3	KR
5001447	0	a-0005			Samsung Electronics Company Limited	3	KR
5001448	0	a-0005			Samsung Electronics Co., Ltd.	3	KR
5001449	0	a-0005			Samsung Electronics Co., Ltd.	3	KR
5001450	0	a-0005			SAMSUNG ELECTRONICS CO., LTD.	3	KR
5001451	0	a-0005			SAMSUNG ELECTRONICS CO., LTD.	3	KR
5001452	0	a-0005			SAMSUNG ELECTRONICS CO., LTD.	3	KR
5001453	0	a-0005			SAMSUNG ELECTRONICS CO., LTD.	3	KR
5001454	0	a-0006			INTEL CORPORATION	3	US
5001455	0	a-0006			Intel Corporation	3	US
5001456	0	a-0006			Intel Corporation	3	US
5001457	0	a-0006			INTEL CORPORATION	3	US
5001458	0	a-0006			Intel Corporation	3	US
5001459	0	a-0006			Intel Corporation	3	US
5001460	0	a-0006			INTEL CORPORATION	3	US
5001461	0	a-0006			INTEL CORPORATION	3	US
5001462	0	a-0007			TOKYO ELECTRON LIMITED	3	JP
5001463	0	a-0007			TOKYO ELECTRON LIMITED	3	JP
5001464	0	a-0007			TOKYO ELECTRON LIMITED	3	JP
5001465	0	a-0007			Tokyo Electron Limited	3	JP
5001466	0	a-0007			TOKYO ELECTRON LIMITED	3	JP
5001467	0	a-0007			Tokyo Electron Limited	3	JP
5001468	0	a-0007			TOKYO ELECTRON LIMITED	3	JP
5001469	0	a-0007			TOKYO ELECTRON LIMITED	3	JP
5001470	0	a-0007			TOKYO ELECTRON LIMITED	3	JP
5001471	0	a-0008			APPLIED MATERIALS, INC.	3	US
5001472	0	a-0008			Applied Materials, Inc.	3	US
5001473	0	a-0008			APPLIED MATERIALS, INC.	3	US
5001474	0	a-0008			APPLIED MATERIALS, INC.	3	US
5001475	0	a-0008			APPLIED MATERIALS, INC.	3	US
5001476	0	a-0008			APPLIED MATERIALS, INC.	3	US
5001477	0	a-0009			Gigaphoton Inc.	3	JP
5001478	0	a-0009			Gigaphoton Inc.	3	JP
5001479	0	a-0009			Gigaphoton Inc.	3	JP
5001480	0	a-0009			GIGAPHOTON INC.	3	JP
5001481	0	a-0009			Gigaphoton Inc.	3	JP
5001482	0	a-0009			GIGAPHOTON INC.	3	JP
5001483	0	a-0009			GIGAPHOTON INC.	3	JP
5001484	0	a-0009			GIGAPHOTON INC.	3	JP
5001485	0	a-0009			Gigaphoton Inc.	3	JP
5001486	0	a-0009			Gigaphoton Inc.	3	JP
5001487	0	a-0009			Gigaphoton Inc.	3	JP
5001488	0	a-0010			CYMER, INC.	3	US
5001489	0	a-0010			Cymer, Inc.	3	US
5001490	0	a-0010			CYMER, INC.	3	US
5001491	0	a-0010			Cymer, Inc.	3	US
5001492	0	a-0010			Cymer LLC	3	US
5001493	0	a-0010			Cymer LLC	3	US
5001494	0	a-0010			CYMER, INC.	3	US
5001495	0	a-0010			CYMER, INC.	3	US
5001496	0	a-0010			CYMER, INC.	3	US
5001497	0	a-0010			Cymer, Inc.	3	US
5001498	0	a-0011			INTERNATIONAL BUSINESS MACHINES CORPORATION	3	US
5001499	0	a-0011			International Business Machines Corporation	3	US
5001500	0	a-0011			INTERNATIONAL BUSINESS MACHINES CORPORATION	3	US
5001501	0	a-0011			INTERNATIONAL BUSINESS MACHINES CORPORATION	3	US
5001502	0	a-0011			International Business Machines Corporation	3	US
5001503	0	a-0011			INTERNATIONAL BUSINESS MACHINES CORPORATION	3	US
5001504	0	a-0011			International Business Machines Corporation	3	US
5001505	0	a-0011			INTERNATIONAL BUSINESS MACHINES CORPORATION	3	US
5001506	0	a-0011			INTERNATIONAL BUSINESS MACHINES CORPORATION	3	US
5001507	0	a-0011			International Business Machines Corporation	3	US
5001508	0	a-0011			INTERNATIONAL BUSINESS MACHINES CORPORATION	3	US
5001509	0	a-0000			ASML Netherlands, B.V.	3	NL
5001510	0	a-0000			ASML HOLDING N.V.	3	NL
5001511	0	a-0000			ASML Netherlands B.V.	3	NL
5001512	0	a-0000			ASML Netherlands B.V.	3	NL
5001513	0	a-0000			ASML HOLDING N.V.	3	NL
5001514	0	a-0000			ASML HOLDING N.V.	3	NL
5001515	0	a-0000			ASML Netherlands B.V.	3	NL
5001516	0	a-0000			Asml Netherlands BV	3	NL
5001517	0	a-0000			ASML HOLDING N.V.	3	NL
5001518	0	a-0000			Asml Netherlands BV	3	NL
5001519	0	a-0000			ASML Netherlands, B.V.	3	NL
5001520	0	a-0000			ASML HOLDING N.V.	3	NL
5001521	0	a-0000			ASML HOLDING N.V.	3	NL
5001522	0	a-0000			ASML Netherlands B.V.	3	NL
5001523	0	a-0000			ASML HOLDING N.V.	3	NL
5001524	0	a-0000			ASML Netherlands, B.V.	3	NL
5001525	0	a-0000			ASML HOLDING N.V.	3	NL
5001526	0	a-0000			ASML Netherlands B.V.	3	NL
5001527	0	a-0001			CANON KABUSHIKI KAISHA	3	JP
5001528	0	a-0001			Canon Kabushiki Kaisha	3	JP
5001529	0	a-0001			CANON KABUSHIKI KAISHA	3	JP
5001530	0	a-0001			Canon Kabushiki Kaisha	3	JP
5001531	0	a-0001			CANON KABUSHIKI KAISHA	3	JP
5001532	0	a-0001			CANON KABUSHIKI KAISHA	3	JP
5001533	0	a-0001			CANON KABUSHIKI KAISHA	3	JP
5001534	0	a-0001			CANON KABUSHIKI KAISHA	3	JP
5001535	0	a-0001			Canon Inc.	3	JP
5001536	0	a-0001			Canon Kabushiki Kaisha	3	JP
5001537	0	a-0001			Canon Inc.	3	JP
5001538	0	a-0001			CANON KABUSHIKI KAISHA	3	JP
5001539	0	a-0001			Canon Kabushiki Kaisha	3	JP
5001540	0	a-0001			Canon Kabushiki Kaisha	3	JP
5001541	0	a-0001			CANON KABUSHIKI KAISHA	3	JP
5001542	0	a-0001			Canon Kabushiki Kaisha	3	JP
5001543	0	a-0001			Canon Kabushiki Kaisha	3	JP
5001544	0	a-0001			CANON KABUSHIKI KAISHA	3	JP
5001545	0	a-0001			CANON KABUSHIKI KAISHA	3	JP
5001546	0	a-0001			Canon Kabushiki Kaisha	3	JP
5001547	0	a-0001			Canon Inc.	3	JP
5001548	0	a-0001			Canon Kabushiki Kaisha	3	JP
5001549	0	a-0001			Canon Inc.	3	JP
5001550	0	a-0002			Nikon Corporation	3	JP
5001551	0	a-0002			NIKON CORPORATION	3	JP
5001552	0	a-0002			Nikon Corporation	3	JP
5001553	0	a-0002			Nikon Corp	3	JP
5001554	0	a-0002			Nikon Corp	3	JP
5001555	0	a-0002			NIKON CORPORATION	3	JP
5001556	0	a-0002			NIKON CORPORATION	3	JP
5001557	0	a-0002			NIKON CORPORATION	3	JP
5001558	0	a-0002			NIKON CORPORATION	3	JP
5001559	0	a-0002			NIKON CORPORATION	3	JP
5001560	0	a-0002			NIKON CORPORATION	3	JP
5001561	0	a-0002			NIKON CORPORATION	3	JP
5001562	0	a-0002			Nikon Corporation	3	JP
5001563	0	a-0002			NIKON CORPORATION	3	JP
5001564	0	a-0002			Nikon Corp	3	JP
5001565	0	a-0002			Nikon Corp	3	JP
5001566	0	a-0002			Nikon Corporation	3	JP
5001567	0	a-0002			NIKON CORPORATION	3	JP
5001568	0	a-0002			NIKON CORPORATION	3	JP
5001569	0	a-0002			NIKON CORPORATION	3	JP
5001570	0	a-0002			NIKON CORPORATION	3	JP
5001571	0	a-0002			Nikon Corp	3	JP
5001572	0	a-0002			Nikon Corp	3	JP
5001573	0	a-0002			Nikon Corp	3	JP
5001574	0	a-0002			Nikon Corp	3	JP
5001575	0	a-0003			CARL ZEISS SMT GMBH	3	DE
5001576	0	a-0003			Carl Zeiss SMT AG	3	DE
5001577	0	a-0003			Carl Zeiss SMT GmbH	3	DE
5001578	0	a-0003			CARL ZEISS SMT GMBH	3	DE
5001579	0	a-0003			CARL ZEISS SMT GMBH	3	DE
5001580	0	a-0003			Carl Zeiss SMT AG	3	DE
5001581	0	a-0003			Carl Zeiss SMT AG	3	DE
5001582	0	a-0003			CARL ZEISS SMT GMBH	3	DE
5001583	0	a-0003			Carl Zeiss SMT AG	3	DE
5001584	0	a-0003			CARL ZEISS SMT GMBH	3	DE
5001585	0	a-0003			CARL ZEISS SMT GMBH	3	DE
5001586	0	a-0003			Carl Zeiss SMT AG	3	DE
5001587	0	a-0003			Carl Zeiss SMT AG	3	DE
5001588	0	a-0003			CARL ZEISS SMT GMBH	3	DE
5001589	0	a-0003			Carl Zeiss SMT AG	3	DE
5001590	0	a-0004			Taiwan Semiconductor Manufacturing Co., Ltd.	3	TW
5001591	0	a-0004			Taiwan Semiconductor Manufacturing Co., Ltd.	3	TW
5001592	0	a-0004			Taiwan Semiconductor Manufacturing Co., Ltd.	3	TW
5001593	0	a-0004			Taiwan Semiconductor Manufacturing Co., Ltd.	3	TW
5001594	0	a-0004			TAIWAN SEMICONDUCTOR MANUFACTURING COMPANY LIMITED	3	TW
5001595	0	a-0004			Taiwan Semiconductor Manufacturing Company, Ltd.	3	TW
5001596	0	a-0004			TAIWAN SEMICONDUCTOR MANUFACTURING COMPANY LIMITED	3	TW
5001597	0	a-0004			Taiwan Semiconductor Manufacturing Co., Ltd.	3	TW
5001598	0	a-0004			Taiwan Semiconductor Manufacturing Company, Ltd.	3	TW
5001599	0	a-0004			Taiwan Semiconductor Manufacturing Co., Ltd.	3	TW
5001600	0	a-0004			Taiwan Semiconductor Manufacturing Company, Ltd.	3	TW
5001601	0	a-0005			Samsung Electronics Company Limited	3	KR
5001602	0	a-0005			Samsung Electronics Co., Ltd.	3	KR
5001603	0	a-0005			Samsung Electronics Company Limited	3	KR
5001604	0	a-0005			Samsung Electronics Co., Ltd.	3	KR
5001605	0	a-0005			Samsung Electronics Co., Ltd.	3	KR
5001606	0	a-0005			Samsung Electronics Co., Ltd.	3	KR
5001607	0	a-0005			Samsung Electronics Company Limited	3	KR
5001608	0	a-0005			SAMSUNG ELECTRONICS CO., LTD.	3	KR
5001609	0	a-0005			Samsung Electronics Co., Ltd.	3	KR
5001610	0	a-0006			INTEL CORPORATION	3	US
5001611	0	a-0006			INTEL CORPORATION	3	US
5001612	0	a-0006			INTEL CORPORATION	3	US
5001613	0	a-0006			Intel Corporation	3	US
5001614	0	a-0006			Intel Corporation	3	US
5001615	0	a-0006			INTEL CORPORATION	3	US
5001616	0	a-0006			Intel Corporation	3	US
5001617	0	a-0006			Intel Corporation	3	US
5001618	0	a-0006			Intel Corporation	3	US
5001619	0	a-0006			INTEL CORPORATION	3	US
5001620	0	a-0006			INTEL CORPORATION	3	US
5001621	0	a-0006			INTEL CORPORATION	3	US
5001622	0	a-0007			TOKYO ELECTRON LIMITED	3	JP
5001623	0	a-0007			TOKYO ELECTRON LIMITED	3	JP
5001624	0	a-0007			TOKYO ELECTRON LIMITED	3	JP
5001625	0	a-0007			Tokyo Electron Limited	3	JP
5001626	0	a-0007			TOKYO ELECTRON LIMITED	3	JP
5001627	0	a-0007			TOKYO ELECTRON LIMITED	3	JP
5001628	0	a-0007			Tokyo Electron Limited	3	JP
5001629	0	a-0007			TOKYO ELECTRON LIMITED	3	JP
5001630	0	a-0007			Tokyo Electron Limited	3	JP
5001631	0	a-0007			Tokyo Electron Limited	3	JP
5001632	0	a-0007			Tokyo Electron Limited	3	JP
5001633	0	a-0007			Tokyo Electron Limited	3	JP
5001634	0	a-0007			TOKYO ELECTRON LIMITED	3	JP
5001635	0	a-0008			Applied Materials, Inc.	3	US
5001636	0	a-0008			APPLIED MATERIALS, INC.	3	US
5001637	0	a-0008			APPLIED MATERIALS, INC.	3	US
5001638	0	a-0008			Applied Materials, Inc.	3	US
5001639	0	a-0008			Applied Materials, Inc.	3	US
5001640	0	a-0008			Applied Materials, Inc.	3	US
5001641	0	a-0008			APPLIED MATERIALS, INC.	3	US
5001642	0	a-0008			Applied Materials, Inc.	3	US
5001643	0	a-0008			APPLIED MATERIALS, INC.	3	US
5001644	0	a-0008			APPLIED MATERIALS, INC.	3	US
5001645	0	a-0008			APPLIED MATERIALS, INC.	3	US
5001646	0	a-0009			Gigaphoton Inc.	3	JP
5001647	0	a-0009			GIGAPHOTON INC.	3	JP
5001648	0	a-0009			Gigaphoton Inc.	3	JP
5001649	0	a-0009			Gigaphoton Inc.	3	JP
5001650	0	a-0009			GIGAPHOTON INC.	3	JP
5001651	0	a-0009			GIGAPHOTON INC.	3	JP
5001652	0	a-0009			Gigaphoton Inc.	3	JP
5001653	0	a-0009			Gigaphoton Inc.	3	JP
5001654	0	a-0009			Gigaphoton Inc.	3	JP
5001655	0	a-0010			CYMER, INC.	3	US
5001656	0	a-0010			Cymer, Inc.	3	US
5001657	0	a-0010			CYMER, INC.	3	US
5001658	0	a-0010			Cymer, Inc.	3	US
5001659	0	a-0010			CYMER, INC.	3	US
5001660	0	a-0010			Cymer, Inc.	3	US
5001661	0	a-0010			Cymer, Inc.	3	US
5001662	0	a-0010			CYMER, INC.	3	US
5001663	0	a-0010			Cymer LLC	3	US
5001664	0	a-0010			Cymer LLC	3	US
5001665	0	a-0010			CYMER, INC.	3	US
5001666	0	a-0010			Cymer LLC	3	US
5001667	0	a-0010			CYMER, INC.	3	US
5001668	0	a-0010			Cymer, Inc.	3	US
5001669	0	a-0011			International Business Machines Corporation	3	US
5001670	0	a-0011			INTERNATIONAL BUSINESS MACHINES CORPORATION	3	US
5001671	0	a-0011			International Business Machines Corporation	3	US
5001672	0	a-0011			International Business Machines Corporation	3	US
5001673	0	a-0011			INTERNATIONAL BUSINESS MACHINES CORPORATION	3	US
5001674	0	a-0011			International Business Machines Corporation	3	US
5001675	0	a-0011			INTERNATIONAL BUSINESS MACHINES CORPORATION	3	US
5001676	0	a-0011			INTERNATIONAL BUSINESS MACHINES CORPORATION	3	US
5001677	0	a-0011			International Business Machines Corporation	3	US
5001678	0	a-0000			ASML HOLDING N.V.	3	NL
5001679	0	a-0000			ASML Netherlands, B.V.	3	NL
5001680	0	a-0000			ASML Netherlands, B.V.	3	NL
5001681	0	a-0000			ASML HOLDING N.V.	3	NL
5001682	0	a-0000			ASML Netherlands B.V.	3	NL
5001683	0	a-0000			Asml Netherlands BV	3	NL
5001684	0	a-0000			ASML Netherlands B.V.	3	NL
5001685	0	a-0000			ASML Netherlands, B.V.	3	NL
5001686	0	a-0000			ASML HOLDING N.V.	3	NL
5001687	0	a-0000			ASML Netherlands, B.V.	3	NL
5001688	0	a-0000			ASML Netherlands B.V.	3	NL
5001689	0	a-0000			ASML Netherlands B.V.	3	NL
5001690	0	a-0000			ASML HOLDING N.V.	3	NL
5001691	0	a-0000			Asml Netherlands BV	3	NL
5001692	0	a-0000			ASML HOLDING N.V.	3	NL
5001693	0	a-0000			ASML Netherlands, B.V.	3	NL
5001694	0	a-0000			ASML HOLDING N.V.	3	NL
5001695	0	a-0000			ASML HOLDING N.V.	3	NL
5001696	0	a-0000			ASML Netherlands B.V.	3	NL
5001697	0	a-0000			ASML Netherlands, B.V.	3	NL
5001698	0	a-0000			ASML Netherlands B.V.	3	NL
5001699	0	a-0000			Asml Netherlands BV	3	NL
5001700	0	a-0000			ASML Netherlands, B.V.	3	NL
5001701	0	a-0001			CANON KABUSHIKI KAISHA	3	JP
5001702	0	a-0001			CANON KABUSHIKI KAISHA	3	JP
5001703	0	a-0001			Canon Kabushiki Kaisha	3	JP
5001704	0	a-0001			Canon Kabushiki Kaisha	3	JP
5001705	0	a-0001			Canon Kabushiki Kaisha	3	JP
5001706	0	a-0001			Canon Inc.	3	JP
5001707	0	a-0001			Canon Kabushiki Kaisha	3	JP
5001708	0	a-0001			Canon Kabushiki Kaisha	3	JP
5001709	0	a-0001			Canon Kabushiki Kaisha	3	JP
5001710	0	a-0001			Canon Kabushiki Kaisha	3	JP
5001711	0	a-0001			Canon Inc.	3	JP
5001712	0	a-0001			CANON KABUSHIKI KAISHA	3	JP
5001713	0	a-0001			Canon Kabushiki Kaisha	3	JP
5001714	0	a-0001			CANON KABUSHIKI KAISHA	3	JP
5001715	0	a-0001			Canon Inc.	3	JP
5001716	0	a-0001			CANON KABUSHIKI KAISHA	3	JP
5001717	0	a-0001			Canon Inc.	3	JP
5001718	0	a-0001			Canon Inc.	3	JP
5001719	0	a-0001			Canon Kabushiki Kaisha	3	JP
5001720	0	a-0001			Canon Inc.	3	JP
5001721	0	a-0001			CANON KABUSHIKI KAISHA	3	JP
5001722	0	a-0001			CANON KABUSHIKI KAISHA	3	JP
5001723	0	a-0001			CANON KABUSHIKI KAISHA	3	JP
5001724	0	a-0002			NIKON CORPORATION	3	JP
5001725	0	a-0002			Nikon Corp	3	JP
5001726	0	a-0002			Nikon Corp	3	JP
5001727	0	a-0002			Nikon Corporation	3	JP
5001728	0	a-0002			Nikon Corp	3	JP
5001729	0	a-0002			NIKON CORPORATION	3	JP
5001730	0	a-0002			NIKON CORPORATION	3	JP
5001731	0	a-0002			Nikon Corporation	3	JP
5001732	0	a-0002			Nikon Corporation	3	JP
5001733	0	a-0002			NIKON CORPORATION	3	JP
5001734	0	a-0002			Nikon Corporation	3	JP
5001735	0	a-0002			Nikon Corporation	3	JP
5001736	0	a-0002			NIKON CORPORATION	3	JP
5001737	0	a-0002			Nikon Corporation	3	JP
5001738	0	a-0002			Nikon Corp	3	JP
5001739	0	a-0002			NIKON CORPORATION	3	JP
5001740	0	a-0002			Nikon Corp	3	JP
5001741	0	a-0002			NIKON CORPORATION	3	JP
5001742	0	a-0002			Nikon Corp	3	JP
5001743	0	a-0003			Carl Zeiss SMT GmbH	3	DE
5001744	0	a-0003			Carl Zeiss SMT AG	3	DE
5001745	0	a-0003			CARL ZEISS SMT GMBH	3	DE
5001746	0	a-0003			CARL ZEISS SMT GMBH	3	DE
5001747	0	a-0003			CARL ZEISS SMT GMBH	3	DE
5001748	0	a-0003			Carl Zeiss SMT AG	3	DE
5001749	0	a-0003			CARL ZEISS SMT GMBH	3	DE
5001750	0	a-0003			CARL ZEISS SMT GMBH	3	DE
5001751	0	a-0003			Carl Zeiss SMT GmbH	3	DE
5001752	0	a-0003			CARL ZEISS SMT GMBH	3	DE
5001753	0	a-0003			CARL ZEISS SMT GMBH	3	DE
5001754	0	a-0003			Carl Zeiss SMT GmbH	3	DE
5001755	0	a-0003			Carl Zeiss SMT AG	3	DE
5001756	0	a-0003			Carl Zeiss SMT AG	3	DE
5001757	0	a-0003			Carl Zeiss SMT AG	3	DE
5001758	0	a-0003			Carl Zeiss SMT AG	3	DE
5001759	0	a-0003			Carl Zeiss SMT AG	3	DE
5001760	0	a-0004			Taiwan Semiconductor Manufacturing Company, Ltd.	3	TW
5001761	0	a-0004			Taiwan Semiconductor Manufacturing Co., Ltd.	3	TW
5001762	0	a-0004			Taiwan Semiconductor Manufacturing Co., Ltd.	3	TW
5001763	0	a-0004			Taiwan Semiconductor Manufacturing Company, Ltd.	3	TW
5001764	0	a-0004			Taiwan Semiconductor Manufacturing Co., Ltd.	3	TW
5001765	0	a-0004			TAIWAN SEMICONDUCTOR MANUFACTURING COMPANY LIMITED	3	TW
5001766	0	a-0005			SAMSUNG ELECTRONICS CO., LTD.	3	KR
5001767	0	a-0005			Samsung Electronics Company Limited	3	KR
5001768	0	a-0005			Samsung Electronics Co., Ltd.	3	KR
5001769	0	a-0005			Samsung Electronics Co., Ltd.	3	KR
5001770	0	a-0005			SAMSUNG ELECTRONICS CO., LTD.	3	KR
5001771	0	a-0005			SAMSUNG ELECTRONICS CO., LTD.	3	KR
5001772	0	a-0005			SAMSUNG ELECTRONICS CO., LTD.	3	KR
5001773	0	a-0005			Samsung Electronics Company Limited	3	KR
5001774	0	a-0005			Samsung Electronics Company Limited	3	KR
5001775	0	a-0005			Samsung Electronics Company Limited	3	KR
5001776	0	a-0005			Samsung Electronics Company Limited	3	KR
5001777	0	a-0005			SAMSUNG ELECTRONICS CO., LTD.	3	KR
5001778	0	a-0005			SAMSUNG ELECTRONICS CO., LTD.	3	KR
5001779	0	a-0005			SAMSUNG ELECTRONICS CO., LTD.	3	KR
5001780	0	a-0006			Intel Corporation	3	US
5001781	0	a-0006			INTEL CORPORATION	3	US
5001782	0	a-0006			INTEL CORPORATION	3	US
5001783	0	a-0006			Intel Corporation	3	US
5001784	0	a-0006			INTEL CORPORATION	3	US
5001785	0	a-0006			Intel Corporation	3	US
5001786	0	a-0006			INTEL CORPORATION	3	US
5001787	0	a-0006			INTEL CORPORATION	3	US
5001788	0	a-0006			INTEL CORPORATION	3	US
5001789	0	a-0006			INTEL CORPORATION	3	US
5001790	0	a-0006			INTEL CORPORATION	3	US
5001791	0	a-0007			TOKYO ELECTRON LIMITED	3	JP
5001792	0	a-0007			TOKYO ELECTRON LIMITED	3	JP
5001793	0	a-0007			TOKYO ELECTRON LIMITED	3	JP
5001794	0	a-0007			TOKYO ELECTRON LIMITED	3	JP
5001795	0	a-0007			Tokyo Electron Limited	3	JP
5001796	0	a-0007			Tokyo Electron Limited	3	JP
5001797	0	a-0007			Tokyo Electron Limited	3	JP
5001798	0	a-0007			Tokyo Electron Limited	3	JP
5001799	0	a-0007			TOKYO ELECTRON LIMITED	3	JP
5001800	0	a-0007			Tokyo Electron Limited	3	JP
5001801	0	a-0007			TOKYO ELECTRON LIMITED	3	JP
5001802	0	a-0007			Tokyo Electron Limited	3	JP
5001803	0	a-0008			Applied Materials, Inc.	3	US
5001804	0	a-0008			APPLIED MATERIALS, INC.	3	US
5001805	0	a-0008			Applied Materials, Inc.	3	US
5001806	0	a-0008			APPLIED MATERIALS, INC.	3	US
5001807	0	a-0008			Applied Materials, Inc.	3	US
5001808	0	a-0008			Applied Materials, Inc.	3	US
5001809	0	a-0008			Applied Materials, Inc.	3	US
5001810	0	a-0008			Applied Materials, Inc.	3	US
5001811	0	a-0008			APPLIED MATERIALS, INC.	3	US
5001812	0	a-0008			Applied Materials, Inc.	3	US
5001813	0	a-0008			Applied Materials, Inc.	3	US
5001814	0	a-0009			Gigaphoton Inc.	3	JP
5001815	0	a-0009			GIGAPHOTON INC.	3	JP
5001816	0	a-0009			GIGAPHOTON INC.	3	JP
5001817	0	a-0009			GIGAPHOTON INC.	3	JP
5001818	0	a-0009			Gigaphoton Inc.	3	JP
5001819	0	a-0009			GIGAPHOTON INC.	3	JP
5001820	0	a-0009			Gigaphoton Inc.	3	JP
5001821	0	a-0009			Gigaphoton Inc.	3	JP
5001822	0	a-0009			Gigaphoton Inc.	3	JP
5001823	0	a-0009			Gigaphoton Inc.	3	JP
5001824	0	a-0009			GIGAPHOTON INC.	3	JP
5001825	0	a-0009			GIGAPHOTON INC.	3	JP
5001826	0	a-0009			Gigaphoton Inc.	3	JP
5001827	0	a-0009			GIGAPHOTON INC.	3	JP
5001828	0	a-0009			GIGAPHOTON INC.	3	JP
5001829	0	a-0010			CYMER, INC.	3	US
5001830	0	a-0010			Cymer LLC	3	US
5001831	0	a-0010			Cymer LLC	3	US
5001832	0	a-0010			CYMER, INC.	3	US
5001833	0	a-0010			CYMER, INC.	3	US
5001834	0	a-0010			CYMER, INC.	3	US
5001835	0	a-0010			CYMER, INC.	3	US
5001836	0	a-0010			Cymer, Inc.	3	US
5001837	0	a-0010			Cymer, Inc.	3	US
5001838	0	a-0011			INTERNATIONAL BUSINESS MACHINES CORPORATION	3	US
5001839	0	a-0011			International Business Machines Corporation	3	US
5001840	0	a-0011			INTERNATIONAL BUSINESS MACHINES CORPORATION	3	US
5001841	0	a-0011			INTERNATIONAL BUSINESS MACHINES CORPORATION	3	US
5001842	0	a-0011			INTERNATIONAL BUSINESS MACHINES CORPORATION	3	US
5001843	0	a-0011			International Business Machines Corporation	3	US
5001844	0	a-0011			INTERNATIONAL BUSINESS MACHINES CORPORATION	3	US
5001845	0	a-0011			International Business Machines Corporation	3	US
5001846	0	a-0011			INTERNATIONAL BUSINESS MACHINES CORPORATION	3	US
5001847	0	a-0011			INTERNATIONAL BUSINESS MACHINES CORPORATION	3	US
5001848	0	a-0011			INTERNATIONAL BUSINESS MACHINES CORPORATION	3	US
5001849	0	a-0000			ASML Netherlands B.V.	3	NL
5001850	0	a-0000			ASML HOLDING N.V.	3	NL
5001851	0	a-0000			ASML Netherlands, B.V.	3	NL
5001852	0	a-0000			ASML Netherlands B.V.	3	NL
5001853	0	a-0000			ASML Netherlands B.V.	3	NL
5001854	0	a-0000			ASML Netherlands B.V.	3	NL
5001855	0	a-0000			Asml Netherlands BV	3	NL
5001856	0	a-0000			ASML HOLDING N.V.	3	NL
5001857	0	a-0000			Asml Netherlands BV	3	NL
5001858	0	a-0000			ASML HOLDING N.V.	3	NL
5001859	0	a-0000			ASML Netherlands, B.V.	3	NL
5001860	0	a-0000			ASML Netherlands, B.V.	3	NL
5001861	0	a-0000			ASML Netherlands, B.V.	3	NL
5001862	0	a-0000			Asml Netherlands BV	3	NL
5001863	0	a-0000			ASML Netherlands B.V.	3	NL
5001864	0	a-0000			ASML Netherlands, B.V.	3	NL
5001865	0	a-0000			ASML HOLDING N.V.	3	NL
5001866	0	a-0000			Asml Netherlands BV	3	NL
5001867	0	a-0000			ASML HOLDING N.V.	3	NL
5001868	0	a-0001			CANON KABUSHIKI KAISHA	3	JP
5001869	0	a-0001			Canon Kabushiki Kaisha	3	JP
5001870	0	a-0001			Canon Kabushiki Kaisha	3	JP
5001871	0	a-0001			Canon Inc.	3	JP
5001872	0	a-0001			Canon Kabushiki Kaisha	3	JP
5001873	0	a-0001			Canon Kabushiki Kaisha	3	JP
5001874	0	a-0001			CANON KABUSHIKI KAISHA	3	JP
5001875	0	a-0001			Canon Inc.	3	JP
5001876	0	a-0001			Canon Inc.	3	JP
5001877	0	a-0001			CANON KABUSHIKI KAISHA	3	JP
5001878	0	a-0001			CANON KABUSHIKI KAISHA	3	JP
5001879	0	a-0001			Canon Inc.	3	JP
5001880	0	a-0001			Canon Inc.	3	JP
5001881	0	a-0001			Canon Kabushiki Kaisha	3	JP
5001882	0	a-0001			CANON KABUSHIKI KAISHA	3	JP
5001883	0	a-0001			Canon Inc.	3	JP
5001884	0	a-0001			CANON KABUSHIKI KAISHA	3	JP
5001885	0	a-0001			CANON KABUSHIKI KAISHA	3	JP
5001886	0	a-0001			Canon Inc.	3	JP
5001887	0	a-0001			Canon Kabushiki Kaisha	3	JP
5001888	0	a-0001			CANON KABUSHIKI KAISHA	3	JP
5001889	0	a-0001			Canon Inc.	3	JP
5001890	0	a-0001			Canon Inc.	3	JP
5001891	0	a-0002			NIKON CORPORATION	3	JP
5001892	0	a-0002			Nikon Corp	3	JP
5001893	0	a-0002			Nikon Corp	3	JP
5001894	0	a-0002			NIKON CORPORATION	3	JP
5001895	0	a-0002			NIKON CORPORATION	3	JP
5001896	0	a-0002			Nikon Corp	3	JP
5001897	0	a-0002			Nikon Corporation	3	JP
5001898	0	a-0002			Nikon Corp	3	JP
5001899	0	a-0002			NIKON CORPORATION	3	JP
5001900	0	a-0002			Nikon Corp	3	JP
5001901	0	a-0002			NIKON CORPORATION	3	JP
5001902	0	a-0002			Nikon Corp	3	JP
5001903	0	a-0002			NIKON CORPORATION	3	JP
5001904	0	a-0002			NIKON CORPORATION	3	JP
5001905	0	a-0002			Nikon Corp	3	JP
5001906	0	a-0002			Nikon Corp	3	JP
5001907	0	a-0002			Nikon Corporation	3	JP
5001908	0	a-0002			NIKON CORPORATION	3	JP
5001909	0	a-0002			Nikon Corporation	3	JP
5001910	0	a-0002			NIKON CORPORATION	3	JP
5001911	0	a-0002			Nikon Corp	3	JP
5001912	0	a-0002			NIKON CORPORATION	3	JP
5001913	0	a-0003			Carl Zeiss SMT AG	3	DE
5001914	0	a-0003			Carl Zeiss SMT AG	3	DE
5001915	0	a-0003			Carl Zeiss SMT GmbH	3	DE
5001916	0	a-0003			Carl Zeiss SMT GmbH	3	DE
5001917	0	a-0003			Carl Zeiss SMT GmbH	3	DE
5001918	0	a-0003			CARL ZEISS SMT GMBH	3	DE
5001919	0	a-0003			Carl Zeiss SMT GmbH	3	DE
5001920	0	a-0003			Carl Zeiss SMT GmbH	3	DE
5001921	0	a-0003			Carl Zeiss SMT GmbH	3	DE
5001922	0	a-0003			Carl Zeiss SMT GmbH	3	DE
5001923	0	a-0003			Carl Zeiss SMT GmbH	3	DE
5001924	0	a-0003			Carl Zeiss SMT GmbH	3	DE
5001925	0	a-0003			CARL ZEISS SMT GMBH	3	DE
5001926	0	a-0003			CARL ZEISS SMT GMBH	3	DE
5001927	0	a-0003			Carl Zeiss SMT GmbH	3	DE
5001928	0	a-0003			Carl Zeiss SMT GmbH	3	DE
5001929	0	a-0003			CARL ZEISS SMT GMBH	3	DE
5001930	0	a-0003			CARL ZEISS SMT GMBH	3	DE
5001931	0	a-0003			Carl Zeiss SMT AG	3	DE
5001932	0	a-0004			Taiwan Semiconductor Manufacturing Company, Ltd.	3	TW
5001933	0	a-0004			TAIWAN SEMICONDUCTOR MANUFACTURING COMPANY LIMITED	3	TW
5001934	0	a-0004			TAIWAN SEMICONDUCTOR MANUFACTURING COMPANY LIMITED	3	TW
5001935	0	a-0004			Taiwan Semiconductor Manufacturing Company, Ltd.	3	TW
5001936	0	a-0004			Taiwan Semiconductor Manufacturing Co., Ltd.	3	TW
5001937	0	a-0004			Taiwan Semiconductor Manufacturing Company, Ltd.	3	TW
5001938	0	a-0004			Taiwan Semiconductor Manufacturing Company, Ltd.	3	TW
5001939	0	a-0004			TAIWAN SEMICONDUCTOR MANUFACTURING COMPANY LIMITED	3	TW
5001940	0	a-0004			Taiwan Semiconductor Manufacturing Company, Ltd.	3	TW
5001941	0	a-0004			Taiwan Semiconductor Manufacturing Co., Ltd.	3	TW
5001942	0	a-0004			Taiwan Semiconductor Manufacturing Co., Ltd.	3	TW
5001943	0	a-0004			TAIWAN SEMICONDUCTOR MANUFACTURING COMPANY LIMITED	3	TW
5001944	0	a-0004			Taiwan Semiconductor Manufacturing Co., Ltd.	3	TW
5001945	0	a-0004			Taiwan Semiconductor Manufacturing Company, Ltd.	3	TW
5001946	0	a-0004			Taiwan Semiconductor Manufacturing Co., Ltd.	3	TW
5001947	0	a-0004			Taiwan Semiconductor Manufacturing Company, Ltd.	3	TW
5001948	0	a-0004			TAIWAN SEMICONDUCTOR MANUFACTURING COMPANY LIMITED	3	TW
5001949	0	a-0005			SAMSUNG ELECTRONICS CO., LTD.	3	KR
5001950	0	a-0005			SAMSUNG ELECTRONICS CO., LTD.	3	KR
5001951	0	a-0005			SAMSUNG ELECTRONICS CO., LTD.	3	KR
5001952	0	a-0005			Samsung Electronics Company Limited	3	KR
5001953	0	a-0005			Samsung Electronics Company Limited	3	KR
5001954	0	a-0005			SAMSUNG ELECTRONICS CO., LTD.	3	KR
5001955	0	a-0005			Samsung Electronics Co., Ltd.	3	KR
5001956	0	a-0005			Samsung Electronics Co., Ltd.	3	KR
5001957	0	a-0005			Samsung Electronics Company Limited	3	KR
5001958	0	a-0005			SAMSUNG ELECTRONICS CO., LTD.	3	KR
5001959	0	a-0005			Samsung Electronics Co., Ltd.	3	KR
5001960	0	a-0005			SAMSUNG ELECTRONICS CO., LTD.	3	KR
5001961	0	a-0005			SAMSUNG ELECTRONICS CO., LTD.	3	KR
5001962	0	a-0005			Samsung Electronics Company Limited	3	KR
5001963	0	a-0006			INTEL CORPORATION	3	US
5001964	0	a-0006			INTEL CORPORATION	3	US
5001965	0	a-0006			INTEL CORPORATION	3	US
5001966	0	a-0006			Intel Corporation	3	US
5001967	0	a-0006			INTEL CORPORATION	3	US
5001968	0	a-0006			Intel Corporation	3	US
5001969	0	a-0006			INTEL CORPORATION	3	US
5001970	0	a-0006			INTEL CORPORATION	3	US
5001971	0	a-0006			Intel Corporation	3	US
5001972	0	a-0006			Intel Corporation	3	US
5001973	0	a-0007			Tokyo Electron Limited	3	JP
5001974	0	a-0007			Tokyo Electron Limited	3	JP
5001975	0	a-0007			Tokyo Electron Limited	3	JP
5001976	0	a-0007			Tokyo Electron Limited	3	JP
5001977	0	a-0007			Tokyo Electron Limited	3	JP
5001978	0	a-0007			Tokyo Electron Limited	3	JP
5001979	0	a-0007			Tokyo Electron Limited	3	JP
5001980	0	a-0008			Applied Materials, Inc.	3	US
5001981	0	a-0008			Applied Materials, Inc.	3	US
5001982	0	a-0008			Applied Materials, Inc.	3	US
5001983	0	a-0008			Applied Materials, Inc.	3	US
5001984	0	a-0008			Applied Materials, Inc.	3	US
5001985	0	a-0008			APPLIED MATERIALS, INC.	3	US
5001986	0	a-0008			APPLIED MATERIALS, INC.	3	US
5001987	0	a-0008			APPLIED MATERIALS, INC.	3	US
5001988	0	a-0008			APPLIED MATERIALS, INC.	3	US
5001989	0	a-0008			APPLIED MATERIALS, INC.	3	US
5001990	0	a-0008			Applied Materials, Inc.	3	US
5001991	0	a-0009			GIGAPHOTON INC.	3	JP
5001992	0	a-0009			Gigaphoton Inc.	3	JP
5001993	0	a-0009			GIGAPHOTON INC.	3	JP
5001994	0	a-0009			GIGAPHOTON INC.	3	JP
5001995	0	a-0009			GIGAPHOTON INC.	3	JP
5001996	0	a-0009			GIGAPHOTON INC.	3	JP
5001997	0	a-0009			Gigaphoton Inc.	3	JP
5001998	0	a-0010			Cymer, Inc.	3	US
5001999	0	a-0010			Cymer, Inc.	3	US
5002000	0	a-0010			CYMER, INC.	3	US
5002001	0	a-0010			Cymer LLC	3	US
5002002	0	a-0010			CYMER, INC.	3	US
5002003	0	a-0010			Cymer LLC	3	US
5002004	0	a-0010			Cymer LLC	3	US
5002005	0	a-0010			Cymer, Inc.	3	US
5002006	0	a-0010			Cymer, Inc.	3	US
5002007	0	a-0010			Cymer, Inc.	3	US
5002008	0	a-0010			Cymer LLC	3	US
5002009	0	a-0011			INTERNATIONAL BUSINESS MACHINES CORPORATION	3	US
5002010	0	a-0011			International Business Machines Corporation	3	US
5002011	0	a-0011			INTERNATIONAL BUSINESS MACHINES CORPORATION	3	US
5002012	0	a-0011			International Business Machines Corporation	3	US
5002013	0	a-0011			International Business Machines Corporation	3	US
5002014	0	a-0011			International Business Machines Corporation	3	US
5002015	0	a-0011			INTERNATIONAL BUSINESS MACHINES CORPORATION	3	US
5002016	0	a-0011			International Business Machines Corporation	3	US
5002017	0	a-0011			INTERNATIONAL BUSINESS MACHINES CORPORATION	3	US
5002018	0	a-0000			Asml Netherlands BV	3	NL
5002019	0	a-0000			Asml Netherlands BV	3	NL
5002020	0	a-0000			ASML Netherlands, B.V.	3	NL
5002021	0	a-0000			ASML Netherlands B.V.	3	NL
5002022	0	a-0000			Asml Netherlands BV	3	NL
5002023	0	a-0000			ASML HOLDING N.V.	3	NL
5002024	0	a-0000			Asml Netherlands BV	3	NL
5002025	0	a-0000			ASML HOLDING N.V.	3	NL
5002026	0	a-0000			Asml Netherlands BV	3	NL
5002027	0	a-0000			ASML HOLDING N.V.	3	NL
5002028	0	a-0000			ASML HOLDING N.V.	3	NL
5002029	0	a-0000			ASML HOLDING N.V.	3	NL
5002030	0	a-0000			ASML Netherlands B.V.	3	NL
5002031	0	a-0000			ASML Netherlands B.V.	3	NL
5002032	0	a-0000			ASML Netherlands, B.V.	3	NL
5002033	0	a-0000			ASML HOLDING N.V.	3	NL
5002034	0	a-0000			ASML Netherlands B.V.	3	NL
5002035	0	a-0000			ASML Netherlands, B.V.	3	NL
5002036	0	a-0000			ASML Netherlands B.V.	3	NL
5002037	0	a-0000			ASML Netherlands, B.V.	3	NL
5002038	0	a-0000			Asml Netherlands BV	3	NL
5002039	0	a-0000			Asml Netherlands BV	3	NL
5002040	0	a-0000			Asml Netherlands BV	3	NL
5002041	0	a-0000			ASML HOLDING N.V.	3	NL
5002042	0	a-0000			ASML Netherlands B.V.	3	NL
5002043	0	a-0000			ASML HOLDING N.V.	3	NL
5002044	0	a-0000			Asml Netherlands BV	3	NL
5002045	0	a-0000			ASML Netherlands B.V.	3	NL
5002046	0	a-0000			ASML Netherlands B.V.	3	NL
5002047	0	a-0000			ASML Netherlands B.V.	3	NL
5002048	0	a-0000			ASML Netherlands B.V.	3	NL
5002049	0	a-0001			CANON KABUSHIKI KAISHA	3	JP
5002050	0	a-0001			Canon Inc.	3	JP
5002051	0	a-0001			Canon Kabushiki Kaisha	3	JP
5002052	0	a-0001			Canon Inc.	3	JP
5002053	0	a-0001			Canon Kabushiki Kaisha	3	JP
5002054	0	a-0001			Canon Kabushiki Kaisha	3	JP
5002055	0	a-0001			Canon Inc.	3	JP
5002056	0	a-0001			Canon Inc.	3	JP
5002057	0	a-0001			Canon Kabushiki Kaisha	3	JP
5002058	0	a-0001			CANON KABUSHIKI KAISHA	3	JP
5002059	0	a-0001			Canon Kabushiki Kaisha	3	JP
5002060	0	a-0001			CANON KABUSHIKI KAISHA	3	JP
5002061	0	a-0001			CANON KABUSHIKI KAISHA	3	JP
5002062	0	a-0001			Canon Inc.	3	JP
5002063	0	a-0001			Canon Kabushiki Kaisha	3	JP
5002064	0	a-0001			Canon Kabushiki Kaisha	3	JP
5002065	0	a-0001			CANON KABUSHIKI KAISHA	3	JP
5002066	0	a-0001			Canon Kabushiki Kaisha	3	JP
5002067	0	a-0001			CANON KABUSHIKI KAISHA	3	JP
5002068	0	a-0001			CANON KABUSHIKI KAISHA	3	JP
5002069	0	a-0001			Canon Inc.	3	JP
5002070	0	a-0002			Nikon Corp	3	JP
5002071	0	a-0002			Nikon Corporation	3	JP
5002072	0	a-0002			Nikon Corporation	3	JP
5002073	0	a-0002			Nikon Corporation	3	JP
5002074	0	a-0002			Nikon Corporation	3	JP
5002075	0	a-0002			Nikon Corporation	3	JP
5002076	0	a-0002			Nikon Corp	3	JP
5002077	0	a-0002			NIKON CORPORATION	3	JP
5002078	0	a-0002			NIKON CORPORATION	3	JP
5002079	0	a-0002			Nikon Corporation	3	JP
5002080	0	a-0002			NIKON CORPORATION	3	JP
5002081	0	a-0002			Nikon Corp	3	JP
5002082	0	a-0002			NIKON CORPORATION	3	JP
5002083	0	a-0002			Nikon Corporation	3	JP
5002084	0	a-0002			Nikon Corporation	3	JP
5002085	0	a-0002			Nikon Corp	3	JP
5002086	0	a-0002			NIKON CORPORATION	3	JP
5002087	0	a-0002			NIKON CORPORATION	3	JP
5002088	0	a-0002			Nikon Corporation	3	JP
5002089	0	a-0002			NIKON CORPORATION	3	JP
5002090	0	a-0003			CARL ZEISS SMT GMBH	3	DE
5002091	0	a-0003			Carl Zeiss SMT AG	3	DE
5002092	0	a-0003			Carl Zeiss SMT AG	3	DE
5002093	0	a-0003			Carl Zeiss SMT AG	3	DE
5002094	0	a-0003			Carl Zeiss SMT GmbH	3	DE
5002095	0	a-0003			Carl Zeiss SMT GmbH	3	DE
5002096	0	a-0003			CARL ZEISS SMT GMBH	3	DE
5002097	0	a-0003			Carl Zeiss SMT AG	3	DE
5002098	0	a-0003			Carl Zeiss SMT AG	3	DE
5002099	0	a-0003			Carl Zeiss SMT AG	3	DE
5002100	0	a-0003			Carl Zeiss SMT AG	3	DE
5002101	0	a-0003			Carl Zeiss SMT GmbH	3	DE
5002102	0	a-0003			Carl Zeiss SMT GmbH	3	DE
5002103	0	a-0003			CARL ZEISS SMT GMBH	3	DE
5002104	0	a-0003			CARL ZEISS SMT GMBH	3	DE
5002105	0	a-0003			CARL ZEISS SMT GMBH	3	DE
5002106	0	a-0003			Carl Zeiss SMT GmbH	3	DE
5002107	0	a-0003			Carl Zeiss SMT AG	3	DE
5002108	0	a-0003			Carl Zeiss SMT GmbH	3	DE
5002109	0	a-0003			CARL ZEISS SMT GMBH	3	DE
5002110	0	a-0003			Carl Zeiss SMT GmbH	3	DE
5002111	0	a-0004			Taiwan Semiconductor Manufacturing Co., Ltd.	3	TW
5002112	0	a-0004			TAIWAN SEMICONDUCTOR MANUFACTURING COMPANY LIMITED	3	TW
5002113	0	a-0004			Taiwan Semiconductor Manufacturing Co., Ltd.	3	TW
5002114	0	a-0004			Taiwan Semiconductor Manufacturing Co., Ltd.	3	TW
5002115	0	a-0004			Taiwan Semiconductor Manufacturing Co., Ltd.	3	TW
5002116	0	a-0004			TAIWAN SEMICONDUCTOR MANUFACTURING COMPANY LIMITED	3	TW
5002117	0	a-0004			TAIWAN SEMICONDUCTOR MANUFACTURING COMPANY LIMITED	3	TW
5002118	0	a-0004			TAIWAN SEMICONDUCTOR MANUFACTURING COMPANY LIMITED	3	TW
5002119	0	a-0004			TAIWAN SEMICONDUCTOR MANUFACTURING COMPANY LIMITED	3	TW
5002120	0	a-0004			Taiwan Semiconductor Manufacturing Company, Ltd.	3	TW
5002121	0	a-0004			TAIWAN SEMICONDUCTOR MANUFACTURING COMPANY LIMITED	3	TW
5002122	0	a-0004			Taiwan Semiconductor Manufacturing Co., Ltd.	3	TW
5002123	0	a-0005			Samsung Electronics Company Limited	3	KR
5002124	0	a-0005			Samsung Electronics Company Limited	3	KR
5002125	0	a-0005			SAMSUNG ELECTRONICS CO., LTD.	3	KR
5002126	0	a-0005			Samsung Electronics Company Limited	3	KR
5002127	0	a-0005			Samsung Electronics Company Limited	3	KR
5002128	0	a-0005			SAMSUNG ELECTRONICS CO., LTD.	3	KR
5002129	0	a-0005			SAMSUNG ELECTRONICS CO., LTD.	3	KR
5002130	0	a-0005			Samsung Electronics Co., Ltd.	3	KR
5002131	0	a-0005			Samsung Electronics Company Limited	3	KR
5002132	0	a-0006			INTEL CORPORATION	3	US
5002133	0	a-0006			INTEL CORPORATION	3	US
5002134	0	a-0006			INTEL CORPORATION	3	US
5002135	0	a-0006			INTEL CORPORATION	3	US
5002136	0	a-0006			INTEL CORPORATION	3	US
5002137	0	a-0006			Intel Corporation	3	US
5002138	0	a-0006			Intel Corporation	3	US
5002139	0	a-0006			INTEL CORPORATION	3	US
5002140	0	a-0006			INTEL CORPORATION	3	US
5002141	0	a-0006			Intel Corporation	3	US
5002142	0	a-0006			Intel Corporation	3	US
5002143	0	a-0006			Intel Corporation	3	US
5002144	0	a-0007			Tokyo Electron Limited	3	JP
5002145	0	a-0007			TOKYO ELECTRON LIMITED	3	JP
5002146	0	a-0007			Tokyo Electron Limited	3	JP
5002147	0	a-0007			TOKYO ELECTRON LIMITED	3	JP
5002148	0	a-0007			TOKYO ELECTRON LIMITED	3	JP
5002149	0	a-0007			Tokyo Electron Limited	3	JP
5002150	0	a-0007			TOKYO ELECTRON LIMITED	3	JP
5002151	0	a-0007			TOKYO ELECTRON LIMITED	3	JP
5002152	0	a-0007			Tokyo Electron Limited	3	JP
5002153	0	a-0007			Tokyo Electron Limited	3	JP
5002154	0	a-0007			TOKYO ELECTRON LIMITED	3	JP
5002155	0	a-0007			TOKYO ELECTRON LIMITED	3	JP
5002156	0	a-0007			Tokyo Electron Limited	3	JP
5002157	0	a-0008			APPLIED MATERIALS, INC.	3	US
5002158	0	a-0008			APPLIED MATERIALS, INC.	3	US
5002159	0	a-0008			APPLIED MATERIALS, INC.	3	US
5002160	0	a-0008			Applied Materials, Inc.	3	US
5002161	0	a-0008			APPLIED MATERIALS, INC.	3	US
5002162	0	a-0008			APPLIED MATERIALS, INC.	3	US
5002163	0	a-0008			APPLIED MATERIALS, INC.	3	US
5002164	0	a-0008			Applied Materials, Inc.	3	US
5002165	0	a-0008			Applied Materials, Inc.	3	US
5002166	0	a-0008			APPLIED MATERIALS, INC.	3	US
5002167	0	a-0008			Applied Materials, Inc.	3	US
5002168	0	a-0008			APPLIED MATERIALS, INC.	3	US
5002169	0	a-0008			Applied Materials, Inc.	3	US
5002170	0	a-0008			APPLIED MATERIALS, INC.	3	US
5002171	0	a-0008			Applied Materials, Inc.	3	US
5002172	0	a-0008			APPLIED MATERIALS, INC.	3	US
5002173	0	a-0009			Gigaphoton Inc.	3	JP
5002174	0	a-0009			GIGAPHOTON INC.	3	JP
5002175	0	a-0009			GIGAPHOTON INC.	3	JP
5002176	0	a-0009			Gigaphoton Inc.	3	JP
5002177	0	a-0009			GIGAPHOTON INC.	3	JP
5002178	0	a-0009			Gigaphoton Inc.	3	JP
5002179	0	a-0010			Cymer, Inc.	3	US
5002180	0	a-0010			CYMER, INC.	3	US
5002181	0	a-0010			Cymer LLC	3	US
5002182	0	a-0010			Cymer, Inc.	3	US
5002183	0	a-0010			Cymer, Inc.	3	US
5002184	0	a-0010			Cymer, Inc.	3	US
5002185	0	a-0010			Cymer, Inc.	3	US
5002186	0	a-0010			Cymer LLC	3	US
5002187	0	a-0010			Cymer LLC	3	US
5002188	0	a-0010			CYMER, INC.	3	US
5002189	0	a-0010			CYMER, INC.	3	US
5002190	0	a-0010			Cymer LLC	3	US
5002191	0	a-0011			INTERNATIONAL BUSINESS MACHINES CORPORATION	3	US
5002192	0	a-0011			International Business Machines Corporation	3	US
5002193	0	a-0011			INTERNATIONAL BUSINESS MACHINES CORPORATION	3	US
5002194	0	a-0011			International Business Machines Corporation	3	US
5002195	0	a-0011			INTERNATIONAL BUSINESS MACHINES CORPORATION	3	US
5002196	0	a-0011			International Business Machines Corporation	3	US
5002197	0	a-0011			International Business Machines Corporation	3	US
5002198	0	a-0011			INTERNATIONAL BUSINESS MACHINES CORPORATION	3	US
5002199	0	a-0011			International Business Machines Corporation	3	US
5002200	0	a-0011			International Business Machines Corporation	3	US
5002201	0	a-0011			INTERNATIONAL BUSINESS MACHINES CORPORATION	3	US
5002202	0	a-0011			INTERNATIONAL BUSINESS MACHINES CORPORATION	3	US
5002203	0	a-0000			ASML Netherlands, B.V.	3	NL
5002204	0	a-0000			ASML Netherlands B.V.	3	NL
5002205	0	a-0000			ASML Netherlands, B.V.	3	NL
5002206	0	a-0000			ASML Netherlands B.V.	3	NL
5002207	0	a-0000			Asml Netherlands BV	3	NL
5002208	0	a-0000			Asml Netherlands BV	3	NL
5002209	0	a-0000			Asml Netherlands BV	3	NL
5002210	0	a-0000			ASML Netherlands B.V.	3	NL
5002211	0	a-0000			ASML Netherlands B.V.	3	NL
5002212	0	a-0000			Asml Netherlands BV	3	NL
5002213	0	a-0000			ASML Netherlands, B.V.	3	NL
5002214	0	a-0000			ASML Netherlands B.V.	3	NL
5002215	0	a-0000			ASML Netherlands, B.V.	3	NL
5002216	0	a-0000			Asml Netherlands BV	3	NL
5002217	0	a-0000			ASML Netherlands B.V.	3	NL
5002218	0	a-0000			Asml Netherlands BV	3	NL
5002219	0	a-0000			ASML HOLDING N.V.	3	NL
5002220	0	a-0000			ASML Netherlands, B.V.	3	NL
5002221	0	a-0000			ASML Netherlands, B.V.	3	NL
5002222	0	a-0001			Canon Kabushiki Kaisha	3	JP
5002223	0	a-0001			CANON KABUSHIKI KAISHA	3	JP
5002224	0	a-0001			CANON KABUSHIKI KAISHA	3	JP
5002225	0	a-0001			Canon Inc.	3	JP
5002226	0	a-0001			CANON KABUSHIKI KAISHA	3	JP
5002227	0	a-0001			Canon Kabushiki Kaisha	3	JP
5002228	0	a-0001			CANON KABUSHIKI KAISHA	3	JP
5002229	0	a-0001			Canon Kabushiki Kaisha	3	JP
5002230	0	a-0001			Canon Inc.	3	JP
5002231	0	a-0001			Canon Inc.	3	JP
5002232	0	a-0001			Canon Kabushiki Kaisha	3	JP
5002233	0	a-0001			Canon Kabushiki Kaisha	3	JP
5002234	0	a-0001			Canon Kabushiki Kaisha	3	JP
5002235	0	a-0001			CANON KABUSHIKI KAISHA	3	JP
5002236	0	a-0001			Canon Inc.	3	JP
5002237	0	a-0001			Canon Kabushiki Kaisha	3	JP
5002238	0	a-0001			CANON KABUSHIKI KAISHA	3	JP
5002239	0	a-0001			Canon Kabushiki Kaisha	3	JP
5002240	0	a-0001			Canon Kabushiki Kaisha	3	JP
5002241	0	a-0001			Canon Inc.	3	JP
5002242	0	a-0001			Canon Kabushiki Kaisha	3	JP
5002243	0	a-0001			Canon Kabushiki Kaisha	3	JP
5002244	0	a-0001			Canon Inc.	3	JP
5002245	0	a-0001			Canon Inc.	3	JP
5002246	0	a-0001			CANON KABUSHIKI KAISHA	3	JP
5002247	0	a-0002			Nikon Corp	3	JP
5002248	0	a-0002			NIKON CORPORATION	3	JP
5002249	0	a-0002			Nikon Corporation	3	JP
5002250	0	a-0002			Nikon Corporation	3	JP
5002251	0	a-0002			NIKON CORPORATION	3	JP
5002252	0	a-0002			Nikon Corporation	3	JP
5002253	0	a-0002			NIKON CORPORATION	3	JP
5002254	0	a-0002			NIKON CORPORATION	3	JP
5002255	0	a-0002			NIKON CORPORATION	3	JP
5002256	0	a-0002			Nikon Corp	3	JP
5002257	0	a-0002			Nikon Corp	3	JP
5002258	0	a-0002			Nikon Corporation	3	JP
5002259	0	a-0002			Nikon Corp	3	JP
5002260	0	a-0002			Nikon Corporation	3	JP
5002261	0	a-0002			NIKON CORPORATION	3	JP
5002262	0	a-0002			NIKON CORPORATION	3	JP
5002263	0	a-0002			Nikon Corp	3	JP
5002264	0	a-0002			NIKON CORPORATION	3	JP
5002265	0	a-0002			NIKON CORPORATION	3	JP
5002266	0	a-0002			Nikon Corp	3	JP
5002267	0	a-0002			Nikon Corporation	3	JP
5002268	0	a-0002			Nikon Corporation	3	JP
5002269	0	a-0002			Nikon Corporation	3	JP
5002270	0	a-0002			Nikon Corporation	3	JP
5002271	0	a-0003			Carl Zeiss SMT GmbH	3	DE
5002272	0	a-0003			CARL ZEISS SMT GMBH	3	DE
5002273	0	a-0003			Carl Zeiss SMT AG	3	DE
5002274	0	a-0003			CARL ZEISS SMT GMBH	3	DE
5002275	0	a-0003			CARL ZEISS SMT GMBH	3	DE
5002276	0	a-0003			Carl Zeiss SMT GmbH	3	DE
5002277	0	a-0003			CARL ZEISS SMT GMBH	3	DE
5002278	0	a-0003			Carl Zeiss SMT AG	3	DE
5002279	0	a-0003			Carl Zeiss SMT AG	3	DE
5002280	0	a-0003			Carl Zeiss SMT AG	3	DE
5002281	0	a-0003			Carl Zeiss SMT GmbH	3	DE
5002282	0	a-0003			Carl Zeiss SMT AG	3	DE
5002283	0	a-0003			Carl Zeiss SMT AG	3	DE
5002284	0	a-0003			Carl Zeiss SMT AG	3	DE
5002285	0	a-0003			Carl Zeiss SMT AG	3	DE
5002286	0	a-0003			Carl Zeiss SMT AG	3	DE
5002287	0	a-0003			Carl Zeiss SMT GmbH	3	DE
5002288	0	a-0003			CARL ZEISS SMT GMBH	3	DE
5002289	0	a-0003			CARL ZEISS SMT GMBH	3	DE
5002290	0	a-0003			Carl Zeiss SMT GmbH	3	DE
5002291	0	a-0004			Taiwan Semiconductor Manufacturing Co., Ltd.	3	TW
5002292	0	a-0004			Taiwan Semiconductor Manufacturing Company, Ltd.	3	TW
5002293	0	a-0004			Taiwan Semiconductor Manufacturing Company, Ltd.	3	TW
5002294	0	a-0004			Taiwan Semiconductor Manufacturing Co., Ltd.	3	TW
5002295	0	a-0004			Taiwan Semiconductor Manufacturing Co., Ltd.	3	TW
5002296	0	a-0004			Taiwan Semiconductor Manufacturing Company, Ltd.	3	TW
5002297	0	a-0004			Taiwan Semiconductor Manufacturing Company, Ltd.	3	TW
5002298	0	a-0004			Taiwan Semiconductor Manufacturing Company, Ltd.	3	TW
5002299	0	a-0004			Taiwan Semiconductor Manufacturing Company, Ltd.	3	TW
5002300	0	a-0004			TAIWAN SEMICONDUCTOR MANUFACTURING COMPANY LIMITED	3	TW
5002301	0	a-0004			TAIWAN SEMICONDUCTOR MANUFACTURING COMPANY LIMITED	3	TW
5002302	0	a-0004			Taiwan Semiconductor Manufacturing Company, Ltd.	3	TW
5002303	0	a-0004			TAIWAN SEMICONDUCTOR MANUFACTURING COMPANY LIMITED	3	TW
5002304	0	a-0004			Taiwan Semiconductor Manufacturing Co., Ltd.	3	TW
5002305	0	a-0004			Taiwan Semiconductor Manufacturing Co., Ltd.	3	TW
5002306	0	a-0004			Taiwan Semiconductor Manufacturing Co., Ltd.	3	TW
5002307	0	a-0004			Taiwan Semiconductor Manufacturing Co., Ltd.	3	TW
5002308	0	a-0005			Samsung Electronics Company Limited	3	KR
5002309	0	a-0005			SAMSUNG ELECTRONICS CO., LTD.	3	KR
5002310	0	a-0005			Samsung Electronics Co., Ltd.	3	KR
5002311	0	a-0005			Samsung Electronics Company Limited	3	KR
5002312	0	a-0005			Samsung Electronics Co., Ltd.	3	KR
5002313	0	a-0005			Samsung Electronics Co., Ltd.	3	KR
5002314	0	a-0005			Samsung Electronics Co., Ltd.	3	KR
5002315	0	a-0005			SAMSUNG ELECTRONICS CO., LTD.	3	KR
5002316	0	a-0005			Samsung Electronics Company Limited	3	KR
5002317	0	a-0005			SAMSUNG ELECTRONICS CO., LTD.	3	KR
5002318	0	a-0005			SAMSUNG ELECTRONICS CO., LTD.	3	KR
5002319	0	a-0005			Samsung Electronics Company Limited	3	KR
5002320	0	a-0005			Samsung Electronics Co., Ltd.	3	KR
5002321	0	a-0005			Samsung Electronics Co., Ltd.	3	KR
5002322	0	a-0006			Intel Corporation	3	US
5002323	0	a-0006			Intel Corporation	3	US
5002324	0	a-0006			INTEL CORPORATION	3	US
5002325	0	a-0006			Intel Corporation	3	US
5002326	0	a-0006			Intel Corporation	3	US
5002327	0	a-0006			Intel Corporation	3	US
5002328	0	a-0006			Intel Corporation	3	US
5002329	0	a-0006			INTEL CORPORATION	3	US
5002330	0	a-0006			INTEL CORPORATION	3	US
5002331	0	a-0006			INTEL CORPORATION	3	US
5002332	0	a-0006			INTEL CORPORATION	3	US
5002333	0	a-0006			Intel Corporation	3	US
5002334	0	a-0007			Tokyo Electron Limited	3	JP
5002335	0	a-0007			TOKYO ELECTRON LIMITED	3	JP
5002336	0	a-0007			Tokyo Electron Limited	3	JP
5002337	0	a-0007			Tokyo Electron Limited	3	JP
5002338	0	a-0007			Tokyo Electron Limited	3	JP
5002339	0	a-0007			TOKYO ELECTRON LIMITED	3	JP
5002340	0	a-0007			Tokyo Electron Limited	3	JP
5002341	0	a-0007			TOKYO ELECTRON LIMITED	3	JP
5002342	0	a-0007			Tokyo Electron Limited	3	JP
5002343	0	a-0008			APPLIED MATERIALS, INC.	3	US
5002344	0	a-0008			APPLIED MATERIALS, INC.	3	US
5002345	0	a-0008			APPLIED MATERIALS, INC.	3	US
5002346	0	a-0008			APPLIED MATERIALS, INC.	3	US
5002347	0	a-0008			Applied Materials, Inc.	3	US
5002348	0	a-0008			APPLIED MATERIALS, INC.	3	US
5002349	0	a-0008			APPLIED MATERIALS, INC.	3	US
5002350	0	a-0008			APPLIED MATERIALS, INC.	3	US
5002351	0	a-0008			APPLIED MATERIALS, INC.	3	US
5002352	0	a-0008			Applied Materials, Inc.	3	US
5002353	0	a-0008			Applied Materials, Inc.	3	US
5002354	0	a-0008			Applied Materials, Inc.	3	US
5002355	0	a-0008			APPLIED MATERIALS, INC.	3	US
5002356	0	a-0009			Gigaphoton Inc.	3	JP
5002357	0	a-0009			Gigaphoton Inc.	3	JP
5002358	0	a-0009			GIGAPHOTON INC.	3	JP
5002359	0	a-0009			GIGAPHOTON INC.	3	JP
5002360	0	a-0009			GIGAPHOTON INC.	3	JP
5002361	0	a-0009			GIGAPHOTON INC.	3	JP
5002362	0	a-0009			Gigaphoton Inc.	3	JP
5002363	0	a-0009			Gigaphoton Inc.	3	JP
5002364	0	a-0009			GIGAPHOTON INC.	3	JP
5002365	0	a-0010			CYMER, INC.	3	US
5002366	0	a-0010			CYMER, INC.	3	US
5002367	0	a-0010			Cymer, Inc.	3	US
5002368	0	a-0010			CYMER, INC.	3	US
5002369	0	a-0010			Cymer LLC	3	US
5002370	0	a-0010			Cymer LLC	3	US
5002371	0	a-0010			Cymer LLC	3	US
5002372	0	a-0010			CYMER, INC.	3	US
5002373	0	a-0010			CYMER, INC.	3	US
5002374	0	a-0010			CYMER, INC.	3	US
5002375	0	a-0011			INTERNATIONAL BUSINESS MACHINES CORPORATION	3	US
5002376	0	a-0011			INTERNATIONAL BUSINESS MACHINES CORPORATION	3	US
5002377	0	a-0011			INTERNATIONAL BUSINESS MACHINES CORPORATION	3	US
5002378	0	a-0011			INTERNATIONAL BUSINESS MACHINES CORPORATION	3	US
5002379	0	a-0011			International Business Machines Corporation	3	US
5002380	0	a-0011			INTERNATIONAL BUSINESS MACHINES CORPORATION	3	US
5002381	0	a-0011			International Business Machines Corporation	3	US
5002382	0	a-0011			International Business Machines Corporation	3	US
5002383	0	a-0011			INTERNATIONAL BUSINESS MACHINES CORPORATION	3	US
5002384	0	a-0000			ASML HOLDING N.V.	3	NL
5002385	0	a-0000			ASML Netherlands B.V.	3	NL
5002386	0	a-0000			Asml Netherlands BV	3	NL
5002387	0	a-0000			ASML Netherlands B.V.	3	NL
5002388	0	a-0000			ASML Netherlands, B.V.	3	NL
5002389	0	a-0000			ASML Netherlands B.V.	3	NL
5002390	0	a-0000			ASML HOLDING N.V.	3	NL
5002391	0	a-0000			Asml Netherlands BV	3	NL
5002392	0	a-0000			ASML Netherlands, B.V.	3	NL
5002393	0	a-0000			ASML Netherlands, B.V.	3	NL
5002394	0	a-0000			ASML Netherlands, B.V.	3	NL
5002395	0	a-0000			ASML HOLDING N.V.	3	NL
5002396	0	a-0000			ASML Netherlands, B.V.	3	NL
5002397	0	a-0000			ASML HOLDING N.V.	3	NL
5002398	0	a-0000			ASML HOLDING N.V.	3	NL
5002399	0	a-0000			Asml Netherlands BV	3	NL
5002400	0	a-0000			Asml Netherlands BV	3	NL
5002401	0	a-0000			ASML HOLDING N.V.	3	NL
5002402	0	a-0000			ASML Netherlands, B.V.	3	NL
5002403	0	a-0000			Asml Netherlands BV	3	NL
5002404	0	a-0000			ASML Netherlands B.V.	3	NL
5002405	0	a-0000			Asml Netherlands BV	3	NL
5002406	0	a-0000			ASML HOLDING N.V.	3	NL
5002407	0	a-0000			ASML HOLDING N.V.	3	NL
5002408	0	a-0000			ASML Netherlands B.V.	3	NL
5002409	0	a-0000			ASML HOLDING N.V.	3	NL
5002410	0	a-0000			Asml Netherlands BV	3	NL
5002411	0	a-0000			ASML Netherlands B.V.	3	NL
5002412	0	a-0000			ASML HOLDING N.V.	3	NL
5002413	0	a-0000			Asml Netherlands BV	3	NL
5002414	0	a-0000			ASML HOLDING N.V.	3	NL
5002415	0	a-0000			ASML Netherlands, B.V.	3	NL
5002416	0	a-0001			Canon Kabushiki Kaisha	3	JP
5002417	0	a-0001			Canon Inc.	3	JP
5002418	0	a-0001			Canon Inc.	3	JP
5002419	0	a-0001			Canon Inc.	3	JP
5002420	0	a-0001			Canon Inc.	3	JP
5002421	0	a-0001			Canon Inc.	3	JP
5002422	0	a-0001			CANON KABUSHIKI KAISHA	3	JP
5002423	0	a-0001			Canon Inc.	3	JP
5002424	0	a-0001			CANON KABUSHIKI KAISHA	3	JP
5002425	0	a-0001			Canon Inc.	3	JP
5002426	0	a-0001			Canon Inc.	3	JP
5002427	0	a-0001			Canon Kabushiki Kaisha	3	JP
5002428	0	a-0001			Canon Kabushiki Kaisha	3	JP
5002429	0	a-0001			Canon Kabushiki Kaisha	3	JP
5002430	0	a-0001			Canon Inc.	3	JP
5002431	0	a-0001			Canon Inc.	3	JP
5002432	0	a-0001			Canon Kabushiki Kaisha	3	JP
5002433	0	a-0001			CANON KABUSHIKI KAISHA	3	JP
5002434	0	a-0001			Canon Inc.	3	JP
5002435	0	a-0001			CANON KABUSHIKI KAISHA	3	JP
5002436	0	a-0001			Canon Kabushiki Kaisha	3	JP
5002437	0	a-0001			CANON KABUSHIKI KAISHA	3	JP
5002438	0	a-0001			Canon Inc.	3	JP
5002439	0	a-0001			Canon Kabushiki Kaisha	3	JP
5002440	0	a-0001			Canon Inc.	3	JP
5002441	0	a-0002			Nikon Corporation	3	JP
5002442	0	a-0002			NIKON CORPORATION	3	JP
5002443	0	a-0002			Nikon Corporation	3	JP
5002444	0	a-0002			Nikon Corp	3	JP
5002445	0	a-0002			Nikon Corp	3	JP
5002446	0	a-0002			NIKON CORPORATION	3	JP
5002447	0	a-0002			NIKON CORPORATION	3	JP
5002448	0	a-0002			Nikon Corporation	3	JP
5002449	0	a-0002			Nikon Corp	3	JP
5002450	0	a-0002			Nikon Corporation	3	JP
5002451	0	a-0002			NIKON CORPORATION	3	JP
5002452	0	a-0002			NIKON CORPORATION	3	JP
5002453	0	a-0002			Nikon Corporation	3	JP
5002454	0	a-0002			Nikon Corp	3	JP
5002455	0	a-0002			NIKON CORPORATION	3	JP
5002456	0	a-0002			NIKON CORPORATION	3	JP
5002457	0	a-0002			Nikon Corporation	3	JP
5002458	0	a-0002			Nikon Corporation	3	JP
5002459	0	a-0002			Nikon Corporation	3	JP
5002460	0	a-0002			Nikon Corp	3	JP
5002461	0	a-0002			Nikon Corp	3	JP
5002462	0	a-0002			NIKON CORPORATION	3	JP
5002463	0	a-0003			CARL ZEISS SMT GMBH	3	DE
5002464	0	a-0003			CARL ZEISS SMT GMBH	3	DE
5002465	0	a-0003			Carl Zeiss SMT AG	3	DE
5002466	0	a-0003			Carl Zeiss SMT GmbH	3	DE
5002467	0	a-0003			Carl Zeiss SMT AG	3	DE
5002468	0	a-0003			Carl Zeiss SMT GmbH	3	DE
5002469	0	a-0003			CARL ZEISS SMT GMBH	3	DE
5002470	0	a-0003			CARL ZEISS SMT GMBH	3	DE
5002471	0	a-0003			CARL ZEISS SMT GMBH	3	DE
5002472	0	a-0003			CARL ZEISS SMT GMBH	3	DE
5002473	0	a-0003			Carl Zeiss SMT AG	3	DE
5002474	0	a-0003			Carl Zeiss SMT AG	3	DE
5002475	0	a-0003			Carl Zeiss SMT GmbH	3	DE
5002476	0	a-0003			Carl Zeiss SMT AG	3	DE
5002477	0	a-0003			Carl Zeiss SMT AG	3	DE
5002478	0	a-0003			Carl Zeiss SMT AG	3	DE
5002479	0	a-0003			CARL ZEISS SMT GMBH	3	DE
5002480	0	a-0004			Taiwan Semiconductor Manufacturing Co., Ltd.	3	TW
5002481	0	a-0004			Taiwan Semiconductor Manufacturing Co., Ltd.	3	TW
5002482	0	a-0004			Taiwan Semiconductor Manufacturing Company, Ltd.	3	TW
5002483	0	a-0004			Taiwan Semiconductor Manufacturing Company, Ltd.	3	TW
5002484	0	a-0004			TAIWAN SEMICONDUCTOR MANUFACTURING COMPANY LIMITED	3	TW
5002485	0	a-0004			Taiwan Semiconductor Manufacturing Co., Ltd.	3	TW
5002486	0	a-0004			TAIWAN SEMICONDUCTOR MANUFACTURING COMPANY LIMITED	3	TW
5002487	0	a-0004			TAIWAN SEMICONDUCTOR MANUFACTURING COMPANY LIMITED	3	TW
5002488	0	a-0004			TAIWAN SEMICONDUCTOR MANUFACTURING COMPANY LIMITED	3	TW
5002489	0	a-0004			TAIWAN SEMICONDUCTOR MANUFACTURING COMPANY LIMITED	3	TW
5002490	0	a-0004			Taiwan Semiconductor Manufacturing Company, Ltd.	3	TW
5002491	0	a-0004			Taiwan Semiconductor Manufacturing Company, Ltd.	3	TW
5002492	0	a-0005			SAMSUNG ELECTRONICS CO., LTD.	3	KR
5002493	0	a-0005			Samsung Electronics Company Limited	3	KR
5002494	0	a-0005			Samsung Electronics Co., Ltd.	3	KR
5002495	0	a-0005			SAMSUNG ELECTRONICS CO., LTD.	3	KR
5002496	0	a-0005			Samsung Electronics Co., Ltd.	3	KR
5002497	0	a-0005			Samsung Electronics Company Limited	3	KR
5002498	0	a-0005			Samsung Electronics Co., Ltd.	3	KR
5002499	0	a-0005			SAMSUNG ELECTRONICS CO., LTD.	3	KR
5002500	0	a-0005			Samsung Electronics Co., Ltd.	3	KR
5002501	0	a-0006			INTEL CORPORATION	3	US
5002502	0	a-0006			Intel Corporation	3	US
5002503	0	a-0006			INTEL CORPORATION	3	US
5002504	0	a-0006			INTEL CORPORATION	3	US
5002505	0	a-0006			INTEL CORPORATION	3	US
5002506	0	a-0006			Intel Corporation	3	US
5002507	0	a-0006			INTEL CORPORATION	3	US
5002508	0	a-0006			INTEL CORPORATION	3	US
5002509	0	a-0006			INTEL CORPORATION	3	US
5002510	0	a-0006			Intel Corporation	3	US
5002511	0	a-0006			INTEL CORPORATION	3	US
5002512	0	a-0006			Intel Corporation	3	US
5002513	0	a-0006			INTEL CORPORATION	3	US
5002514	0	a-0007			TOKYO ELECTRON LIMITED	3	JP
5002515	0	a-0007			TOKYO ELECTRON LIMITED	3	JP
5002516	0	a-0007			TOKYO ELECTRON LIMITED	3	JP
5002517	0	a-0007			TOKYO ELECTRON LIMITED	3	JP
5002518	0	a-0007			Tokyo Electron Limited	3	JP
5002519	0	a-0007			TOKYO ELECTRON LIMITED	3	JP
5002520	0	a-0007			Tokyo Electron Limited	3	JP
5002521	0	a-0007			TOKYO ELECTRON LIMITED	3	JP
5002522	0	a-0007			Tokyo Electron Limited	3	JP
5002523	0	a-0007			TOKYO ELECTRON LIMITED	3	JP
5002524	0	a-0007			Tokyo Electron Limited	3	JP
5002525	0	a-0007			Tokyo Electron Limited	3	JP
5002526	0	a-0007			TOKYO ELECTRON LIMITED	3	JP
5002527	0	a-0008			Applied Materials, Inc.	3	US
5002528	0	a-0008			Applied Materials, Inc.	3	US
5002529	0	a-0008			Applied Materials, Inc.	3	US
5002530	0	a-0008			Applied Materials, Inc.	3	US
5002531	0	a-0008			Applied Materials, Inc.	3	US
5002532	0	a-0008			Applied Materials, Inc.	3	US
5002533	0	a-0008			APPLIED MATERIALS, INC.	3	US
5002534	0	a-0008			Applied Materials, Inc.	3	US
5002535	0	a-0008			Applied Materials, Inc.	3	US
5002536	0	a-0009			GIGAPHOTON INC.	3	JP
5002537	0	a-0009			GIGAPHOTON INC.	3	JP
5002538	0	a-0009			Gigaphoton Inc.	3	JP
5002539	0	a-0009			Gigaphoton Inc.	3	JP
5002540	0	a-0009			Gigaphoton Inc.	3	JP
5002541	0	a-0009			GIGAPHOTON INC.	3	JP
5002542	0	a-0009			Gigaphoton Inc.	3	JP
5002543	0	a-0009			GIGAPHOTON INC.	3	JP
5002544	0	a-0009			Gigaphoton Inc.	3	JP
5002545	0	a-0009			GIGAPHOTON INC.	3	JP
5002546	0	a-0009			GIGAPHOTON INC.	3	JP
5002547	0	a-0009			Gigaphoton Inc.	3	JP
5002548	0	a-0009			Gigaphoton Inc.	3	JP
5002549	0	a-0010			CYMER, INC.	3	US
5002550	0	a-0010			Cymer, Inc.	3	US
5002551	0	a-0010			Cymer, Inc.	3	US
5002552	0	a-0010			Cymer LLC	3	US
5002553	0	a-0010			CYMER, INC.	3	US
5002554	0	a-0010			Cymer LLC	3	US
5002555	0	a-0010			Cymer LLC	3	US
5002556	0	a-0010			Cymer LLC	3	US
5002557	0	a-0010			Cymer LLC	3	US
5002558	0	a-0010			Cymer LLC	3	US
5002559	0	a-0010			Cymer LLC	3	US
5002560	0	a-0010			Cymer, Inc.	3	US
5002561	0	a-0010			Cymer LLC	3	US
5002562	0	a-0010			Cymer, Inc.	3	US
5002563	0	a-0010			CYMER, INC.	3	US
5002564	0	a-0010			Cymer LLC	3	US
5002565	0	a-0011			International Business Machines Corporation	3	US
5002566	0	a-0011			International Business Machines Corporation	3	US
5002567	0	a-0011			International Business Machines Corporation	3	US
5002568	0	a-0011			International Business Machines Corporation	3	US
5002569	0	a-0011			International Business Machines Corporation	3	US
5002570	0	a-0011			International Business Machines Corporation	3	US
5002571	0	a-0011			International Business Machines Corporation	3	US
5002572	0	a-0011			International Business Machines Corporation	3	US
5002573	0	a-0011			INTERNATIONAL BUSINESS MACHINES CORPORATION	3	US
5002574	0	a-0011			International Business Machines Corporation	3	US
5002575	0	a-0011			INTERNATIONAL BUSINESS MACHINES CORPORATION	3	US
5002576	0	a-0011			INTERNATIONAL BUSINESS MACHINES CORPORATION	3	US
5002577	0	a-0000			Asml Netherlands BV	3	NL
5002578	0	a-0000			ASML HOLDING N.V.	3	NL
5002579	0	a-0000			ASML Netherlands B.V.	3	NL
5002580	0	a-0000			ASML Netherlands B.V.	3	NL
5002581	0	a-0000			ASML Netherlands B.V.	3	NL
5002582	0	a-0000			ASML HOLDING N.V.	3	NL
5002583	0	a-0000			Asml Netherlands BV	3	NL
5002584	0	a-0000			ASML Netherlands B.V.	3	NL
5002585	0	a-0000			Asml Netherlands BV	3	NL
5002586	0	a-0000			ASML Netherlands, B.V.	3	NL
5002587	0	a-0000			Asml Netherlands BV	3	NL
5002588	0	a-0000			ASML Netherlands, B.V.	3	NL
5002589	0	a-0000			Asml Netherlands BV	3	NL
5002590	0	a-0000			ASML Netherlands B.V.	3	NL
5002591	0	a-0000			ASML Netherlands, B.V.	3	NL
5002592	0	a-0000			ASML Netherlands, B.V.	3	NL
5002593	0	a-0000			ASML Netherlands B.V.	3	NL
5002594	0	a-0000			Asml Netherlands BV	3	NL
5002595	0	a-0000			ASML HOLDING N.V.	3	NL
5002596	0	a-0000			Asml Netherlands BV	3	NL
5002597	0	a-0000			ASML Netherlands B.V.	3	NL
5002598	0	a-0000			ASML Netherlands B.V.	3	NL
5002599	0	a-0000			ASML Netherlands, B.V.	3	NL
5002600	0	a-0000			ASML Netherlands, B.V.	3	NL
5002601	0	a-0000			ASML HOLDING N.V.	3	NL
5002602	0	a-0000			ASML HOLDING N.V.	3	NL
5002603	0	a-0000			ASML HOLDING N.V.	3	NL
5002604	0	a-0000			ASML HOLDING N.V.	3	NL
5002605	0	a-0000			ASML HOLDING N.V.	3	NL
5002606	0	a-0000			ASML Netherlands B.V.	3	NL
5002607	0	a-0000			Asml Netherlands BV	3	NL
5002608	0	a-0000			ASML HOLDING N.V.	3	NL
5002609	0	a-0000			ASML Netherlands, B.V.	3	NL
5002610	0	a-0000			ASML Netherlands, B.V.	3	NL
5002611	0	a-0001			CANON KABUSHIKI KAISHA	3	JP
5002612	0	a-0001			Canon Inc.	3	JP
5002613	0	a-0001			CANON KABUSHIKI KAISHA	3	JP
5002614	0	a-0001			Canon Kabushiki Kaisha	3	JP
5002615	0	a-0001			Canon Inc.	3	JP
5002616	0	a-0001			CANON KABUSHIKI KAISHA	3	JP
5002617	0	a-0001			Canon Inc.	3	JP
5002618	0	a-0001			Canon Kabushiki Kaisha	3	JP
5002619	0	a-0001			Canon Kabushiki Kaisha	3	JP
5002620	0	a-0001			Canon Kabushiki Kaisha	3	JP
5002621	0	a-0001			Canon Inc.	3	JP
5002622	0	a-0001			CANON KABUSHIKI KAISHA	3	JP
5002623	0	a-0001			CANON KABUSHIKI KAISHA	3	JP
5002624	0	a-0001			Canon Inc.	3	JP
5002625	0	a-0001			CANON KABUSHIKI KAISHA	3	JP
5002626	0	a-0001			CANON KABUSHIKI KAISHA	3	JP
5002627	0	a-0001			Canon Inc.	3	JP
5002628	0	a-0001			Canon Kabushiki Kaisha	3	JP
5002629	0	a-0001			CANON KABUSHIKI KAISHA	3	JP
5002630	0	a-0001			Canon Inc.	3	JP
5002631	0	a-0001			CANON KABUSHIKI KAISHA	3	JP
5002632	0	a-0001			Canon Inc.	3	JP
5002633	0	a-0001			Canon Kabushiki Kaisha	3	JP
5002634	0	a-0001			Canon Kabushiki Kaisha	3	JP
5002635	0	a-0002			Nikon Corp	3	JP
5002636	0	a-0002			Nikon Corporation	3	JP
5002637	0	a-0002			Nikon Corp	3	JP
5002638	0	a-0002			Nikon Corp	3	JP
5002639	0	a-0002			Nikon Corporation	3	JP
5002640	0	a-0002			Nikon Corp	3	JP
5002641	0	a-0002			Nikon Corporation	3	JP
5002642	0	a-0002			Nikon Corp	3	JP
5002643	0	a-0002			NIKON CORPORATION	3	JP
5002644	0	a-0002			Nikon Corp	3	JP
5002645	0	a-0002			Nikon Corp	3	JP
5002646	0	a-0002			Nikon Corporation	3	JP
5002647	0	a-0002			Nikon Corporation	3	JP
5002648	0	a-0002			Nikon Corporation	3	JP
5002649	0	a-0002			NIKON CORPORATION	3	JP
5002650	0	a-0002			NIKON CORPORATION	3	JP
5002651	0	a-0002			NIKON CORPORATION	3	JP
5002652	0	a-0002			NIKON CORPORATION	3	JP
5002653	0	a-0002			Nikon Corporation	3	JP
5002654	0	a-0002			NIKON CORPORATION	3	JP
5002655	0	a-0002			NIKON CORPORATION	3	JP
5002656	0	a-0002			Nikon Corp	3	JP
5002657	0	a-0002			NIKON CORPORATION	3	JP
5002658	0	a-0002			Nikon Corporation	3	JP
5002659	0	a-0002			Nikon Corp	3	JP
5002660	0	a-0002			Nikon Corporation	3	JP
5002661	0	a-0002			Nikon Corp	3	JP
5002662	0	a-0002			NIKON CORPORATION	3	JP
5002663	0	a-0003			Carl Zeiss SMT AG	3	DE
5002664	0	a-0003			Carl Zeiss SMT GmbH	3	DE
5002665	0	a-0003			Carl Zeiss SMT GmbH	3	DE
5002666	0	a-0003			CARL ZEISS SMT GMBH	3	DE
5002667	0	a-0003			Carl Zeiss SMT AG	3	DE
5002668	0	a-0003			Carl Zeiss SMT AG	3	DE
5002669	0	a-0003			CARL ZEISS SMT GMBH	3	DE
5002670	0	a-0003			CARL ZEISS SMT GMBH	3	DE
5002671	0	a-0003			CARL ZEISS SMT GMBH	3	DE
5002672	0	a-0003			Carl Zeiss SMT GmbH	3	DE
5002673	0	a-0003			Carl Zeiss SMT GmbH	3	DE
5002674	0	a-0003			Carl Zeiss SMT GmbH	3	DE
5002675	0	a-0003			Carl Zeiss SMT AG	3	DE
5002676	0	a-0003			CARL ZEISS SMT GMBH	3	DE
5002677	0	a-0003			Carl Zeiss SMT AG	3	DE
5002678	0	a-0003			Carl Zeiss SMT AG	3	DE
5002679	0	a-0003			Carl Zeiss SMT GmbH	3	DE
5002680	0	a-0003			CARL ZEISS SMT GMBH	3	DE
5002681	0	a-0003			Carl Zeiss SMT AG	3	DE
5002682	0	a-0003			CARL ZEISS SMT GMBH	3	DE
5002683	0	a-0003			CARL ZEISS SMT GMBH	3	DE
5002684	0	a-0003			Carl Zeiss SMT AG	3	DE
5002685	0	a-0004			TAIWAN SEMICONDUCTOR MANUFACTURING COMPANY LIMITED	3	TW
5002686	0	a-0004			Taiwan Semiconductor Manufacturing Co., Ltd.	3	TW
5002687	0	a-0004			TAIWAN SEMICONDUCTOR MANUFACTURING COMPANY LIMITED	3	TW
5002688	0	a-0004			Taiwan Semiconductor Manufacturing Company, Ltd.	3	TW
5002689	0	a-0004			TAIWAN SEMICONDUCTOR MANUFACTURING COMPANY LIMITED	3	TW
5002690	0	a-0004			Taiwan Semiconductor Manufacturing Company, Ltd.	3	TW
5002691	0	a-0004			Taiwan Semiconductor Manufacturing Co., Ltd.	3	TW
5002692	0	a-0004			Taiwan Semiconductor Manufacturing Co., Ltd.	3	TW
5002693	0	a-0004			Taiwan Semiconductor Manufacturing Co., Ltd.	3	TW
5002694	0	a-0004			Taiwan Semiconductor Manufacturing Co., Ltd.	3	TW
5002695	0	a-0004			Taiwan Semiconductor Manufacturing Co., Ltd.	3	TW
5002696	0	a-0004			TAIWAN SEMICONDUCTOR MANUFACTURING COMPANY LIMITED	3	TW
5002697	0	a-0005			SAMSUNG ELECTRONICS CO., LTD.	3	KR
5002698	0	a-0005			Samsung Electronics Co., Ltd.	3	KR
5002699	0	a-0005			Samsung Electronics Co., Ltd.	3	KR
5002700	0	a-0005			Samsung Electronics Co., Ltd.	3	KR
5002701	0	a-0005			Samsung Electronics Company Limited	3	KR
5002702	0	a-0005			SAMSUNG ELECTRONICS CO., LTD.	3	KR
5002703	0	a-0005			SAMSUNG ELECTRONICS CO., LTD.	3	KR
5002704	0	a-0005			Samsung Electronics Co., Ltd.	3	KR
5002705	0	a-0005			Samsung Electronics Company Limited	3	KR
5002706	0	a-0005			Samsung Electronics Co., Ltd.	3	KR
5002707	0	a-0005			SAMSUNG ELECTRONICS CO., LTD.	3	KR
5002708	0	a-0005			Samsung Electronics Company Limited	3	KR
5002709	0	a-0006			Intel Corporation	3	US
5002710	0	a-0006			INTEL CORPORATION	3	US
5002711	0	a-0006			Intel Corporation	3	US
5002712	0	a-0006			INTEL CORPORATION	3	US
5002713	0	a-0006			INTEL CORPORATION	3	US
5002714	0	a-0006			INTEL CORPORATION	3	US
5002715	0	a-0006			INTEL CORPORATION	3	US
5002716	0	a-0006			Intel Corporation	3	US
5002717	0	a-0006			INTEL CORPORATION	3	US
5002718	0	a-0006			INTEL CORPORATION	3	US
5002719	0	a-0006			Intel Corporation	3	US
5002720	0	a-0006			Intel Corporation	3	US
5002721	0	a-0006			Intel Corporation	3	US
5002722	0	a-0006			INTEL CORPORATION	3	US
5002723	0	a-0006			Intel Corporation	3	US
5002724	0	a-0006			INTEL CORPORATION	3	US
5002725	0	a-0006			INTEL CORPORATION	3	US
5002726	0	a-0006			INTEL CORPORATION	3	US
5002727	0	a-0006			INTEL CORPORATION	3	US
5002728	0	a-0006			Intel Corporation	3	US
5002729	0	a-0007			Tokyo Electron Limited	3	JP
5002730	0	a-0007			TOKYO ELECTRON LIMITED	3	JP
5002731	0	a-0007			Tokyo Electron Limited	3	JP
5002732	0	a-0007			Tokyo Electron Limited	3	JP
5002733	0	a-0007			TOKYO ELECTRON LIMITED	3	JP
5002734	0	a-0007			Tokyo Electron Limited	3	JP
5002735	0	a-0007			Tokyo Electron Limited	3	JP
5002736	0	a-0007			Tokyo Electron Limited	3	JP
5002737	0	a-0007			Tokyo Electron Limited	3	JP
5002738	0	a-0007			TOKYO ELECTRON LIMITED	3	JP
5002739	0	a-0007			TOKYO ELECTRON LIMITED	3	JP
5002740	0	a-0007			Tokyo Electron Limited	3	JP
5002741	0	a-0007			Tokyo Electron Limited	3	JP
5002742	0	a-0007			TOKYO ELECTRON LIMITED	3	JP
5002743	0	a-0007			TOKYO ELECTRON LIMITED	3	JP
5002744	0	a-0007			TOKYO ELECTRON LIMITED	3	JP
5002745	0	a-0007			Tokyo Electron Limited	3	JP
5002746	0	a-0008			Applied Materials, Inc.	3	US
5002747	0	a-0008			APPLIED MATERIALS, INC.	3	US
5002748	0	a-0008			Applied Materials, Inc.	3	US
5002749	0	a-0008			Applied Materials, Inc.	3	US
5002750	0	a-0008			APPLIED MATERIALS, INC.	3	US
5002751	0	a-0008			Applied Materials, Inc.	3	US
5002752	0	a-0008			Applied Materials, Inc.	3	US
5002753	0	a-0008			Applied Materials, Inc.	3	US
5002754	0	a-0008			Applied Materials, Inc.	3	US
5002755	0	a-0008			APPLIED MATERIALS, INC.	3	US
5002756	0	a-0008			Applied Materials, Inc.	3	US
5002757	0	a-0009			GIGAPHOTON INC.	3	JP
5002758	0	a-0009			GIGAPHOTON INC.	3	JP
5002759	0	a-0009			Gigaphoton Inc.	3	JP
5002760	0	a-0009			Gigaphoton Inc.	3	JP
5002761	0	a-0009			Gigaphoton Inc.	3	JP
5002762	0	a-0009			GIGAPHOTON INC.	3	JP
5002763	0	a-0009			GIGAPHOTON INC.	3	JP
5002764	0	a-0009			Gigaphoton Inc.	3	JP
5002765	0	a-0009			Gigaphoton Inc.	3	JP
5002766	0	a-0009			Gigaphoton Inc.	3	JP
5002767	0	a-0009			GIGAPHOTON INC.	3	JP
5002768	0	a-0009			GIGAPHOTON INC.	3	JP
5002769	0	a-0009			GIGAPHOTON INC.	3	JP
5002770	0	a-0010			Cymer, Inc.	3	US
5002771	0	a-0010			Cymer, Inc.	3	US
5002772	0	a-0010			Cymer LLC	3	US
5002773	0	a-0010			Cymer, Inc.	3	US
5002774	0	a-0010			Cymer LLC	3	US
5002775	0	a-0010			CYMER, INC.	3	US
5002776	0	a-0010			CYMER, INC.	3	US
5002777	0	a-0010			Cymer, Inc.	3	US
5002778	0	a-0010			Cymer, Inc.	3	US
5002779	0	a-0010			CYMER, INC.	3	US
5002780	0	a-0010			CYMER, INC.	3	US
5002781	0	a-0010			CYMER, INC.	3	US
5002782	0	a-0010			CYMER, INC.	3	US
5002783	0	a-0010			Cymer LLC	3	US
5002784	0	a-0010			CYMER, INC.	3	US
5002785	0	a-0011			INTERNATIONAL BUSINESS MACHINES CORPORATION	3	US
5002786	0	a-0011			INTERNATIONAL BUSINESS MACHINES CORPORATION	3	US
5002787	0	a-0011			International Business Machines Corporation	3	US
5002788	0	a-0011			International Business Machines Corporation	3	US
5002789	0	a-0011			INTERNATIONAL BUSINESS MACHINES CORPORATION	3	US
5002790	0	a-0011			International Business Machines Corporation	3	US
5002791	0	a-0011			International Business Machines Corporation	3	US
5002792	0	a-0011			INTERNATIONAL BUSINESS MACHINES CORPORATION	3	US
5002793	0	a-0011			International Business Machines Corporation	3	US
5002794	0	a-0011			INTERNATIONAL BUSINESS MACHINES CORPORATION	3	US
5002795	0	a-0011			INTERNATIONAL BUSINESS MACHINES CORPORATION	3	US
5002796	0	a-0011			International Business Machines Corporation	3	US
5002797	0	a-0011			INTERNATIONAL BUSINESS MACHINES CORPORATION	3	US
5002798	0	a-0011			INTERNATIONAL BUSINESS MACHINES CORPORATION	3	US
5002799	0	a-0011			INTERNATIONAL BUSINESS MACHINES CORPORATION	3	US
5002800	0	a-9999			Some Other Company, Inc.	3	US
5002801	0	a-9999			Some Other Company, Inc.	3	US
5002802	0	a-9999			Some Other Company, Inc.	3	US
5002803	0	a-9999			Some Other Company, Inc.	3	US
5002804	0	a-9999			Some Other Company, Inc.	3	US
5002805	0	a-9999			Some Other Company, Inc.	3	US
5002806	0	a-9999			Some Other Company, Inc.	3	US
5002807	0	a-9999			Some Other Company, Inc.	3	US
5002808	0	a-9999			Some Other Company, Inc.	3	US
5002809	0	a-9999			Some Other Company, Inc.	3	US
5002810	0	a-9999			Some Other Company, Inc.	3	US
5002811	0	a-9999			Some Other Company, Inc.	3	US
5002812	0	a-9999			Some Other Company, Inc.	3	US
5002813	0	a-9999			Some Other Company, Inc.	3	US
5002814	0	a-9999			Some Other Company, Inc.	3	US
5002815	0	a-9999			Some Other Company, Inc.	3	US
5002816	0	a-9999			Some Other Company, Inc.	3	US
5002817	0	a-9999			Some Other Company, Inc.	3	US
5002818	0	a-9999			Some Other Company, Inc.	3	US
5002819	0	a-9999			Some Other Company, Inc.	3	US
5002820	0	a-9999			Some Other Company, Inc.	3	US
5002821	0	a-9999			Some Other Company, Inc.	3	US
5002822	0	a-9999			Some Other Company, Inc.	3	US
5002823	0	a-9999			Some Other Company, Inc.	3	US
5002824	0	a-9999			Some Other Company, Inc.	3	US
5002825	0	a-9999			Some Other Company, Inc.	3	US
5002826	0	a-9999			Some Other Company, Inc.	3	US
5002827	0	a-9999			Some Other Company, Inc.	3	US
5002828	0	a-9999			Some Other Company, Inc.	3	US
5002829	0	a-9999			Some Other Company, Inc.	3	US
5002830	0	a-9999			Some Other Company, Inc.	3	US
5002831	0	a-9999			Some Other Company, Inc.	3	US
5002832	0	a-9999			Some Other Company, Inc.	3	US
5002833	0	a-9999			Some Other Company, Inc.	3	US
5002834	0	a-9999			Some Other Company, Inc.	3	US
5002835	0	a-9999			Some Other Company, Inc.	3	US
5002836	0	a-9999			Some Other Company, Inc.	3	US
5002837	0	a-9999			Some Other Company, Inc.	3	US
5002838	0	a-9999			Some Other Company, Inc.	3	US
5002839	0	a-9999			Some Other Company, Inc.	3	US
5002840	0	a-9999			Some Other Company, Inc.	3	US
5002841	0	a-9999			Some Other Company, Inc.	3	US
5002842	0	a-9999			Some Other Company, Inc.	3	US
5002843	0	a-9999			Some Other Company, Inc.	3	US
5002844	0	a-9999			Some Other Company, Inc.	3	US
5002845	0	a-9999			Some Other Company, Inc.	3	US
5002846	0	a-9999			Some Other Company, Inc.	3	US
5002847	0	a-9999			Some Other Company, Inc.	3	US
5002848	0	a-9999			Some Other Company, Inc.	3	US
5002849	0	a-9999			Some Other Company, Inc.	3	US
5002850	0	a-9999			Some Other Company, Inc.	3	US
5002851	0	a-9999			Some Other Company, Inc.	3	US
5002852	0	a-9999			Some Other Company, Inc.	3	US
5002853	0	a-9999			Some Other Company, Inc.	3	US
5002854	0	a-9999			Some Other Company, Inc.	3	US
5002855	0	a-9999			Some Other Company, Inc.	3	US
5002856	0	a-9999			Some Other Company, Inc.	3	US
5002857	0	a-9999			Some Other Company, Inc.	3	US
5002858	0	a-9999			Some Other Company, Inc.	3	US
5002859	0	a-9999			Some Other Company, Inc.	3	US
5002860	0	a-9999			Some Other Company, Inc.	3	US
5002861	0	a-9999			Some Other Company, Inc.	3	US
5002862	0	a-9999			Some Other Company, Inc.	3	US
5002863	0	a-9999			Some Other Company, Inc.	3	US
5002864	0	a-9999			Some Other Company, Inc.	3	US
5002865	0	a-9999			Some Other Company, Inc.	3	US
5002866	0	a-9999			Some Other Company, Inc.	3	US
5002867	0	a-9999			Some Other Company, Inc.	3	US
5002868	0	a-9999			Some Other Company, Inc.	3	US
5002869	0	a-9999			Some Other Company, Inc.	3	US
5002870	0	a-9999			Some Other Company, Inc.	3	US
5002871	0	a-9999			Some Other Company, Inc.	3	US
5002872	0	a-9999			Some Other Company, Inc.	3	US
5002873	0	a-9999			Some Other Company, Inc.	3	US
5002874	0	a-9999			Some Other Company, Inc.	3	US
5002875	0	a-9999			Some Other Company, Inc.	3	US
5002876	0	a-9999			Some Other Company, Inc.	3	US
5002877	0	a-9999			Some Other Company, Inc.	3	US
5002878	0	a-9999			Some Other Company, Inc.	3	US
5002879	0	a-9999			Some Other Company, Inc.	3	US
5002880	0	a-9999			Some Other Company, Inc.	3	US
5002881	0	a-9999			Some Other Company, Inc.	3	US
5002882	0	a-9999			Some Other Company, Inc.	3	US
5002883	0	a-9999			Some Other Company, Inc.	3	US
5002884	0	a-9999			Some Other Company, Inc.	3	US
5002885	0	a-9999			Some Other Company, Inc.	3	US
5002886	0	a-9999			Some Other Company, Inc.	3	US
5002887	0	a-9999			Some Other Company, Inc.	3	US
5002888	0	a-9999			Some Other Company, Inc.	3	US
5002889	0	a-9999			Some Other Company, Inc.	3	US
5002890	0	a-9999			Some Other Company, Inc.	3	US
5002891	0	a-9999			Some Other Company, Inc.	3	US
5002892	0	a-9999			Some Other Company, Inc.	3	US
5002893	0	a-9999			Some Other Company, Inc.	3	US
5002894	0	a-9999			Some Other Company, Inc.	3	US
5002895	0	a-9999			Some Other Company, Inc.	3	US
5002896	0	a-9999			Some Other Company, Inc.	3	US
5002897	0	a-9999			Some Other Company, Inc.	3	US
5002898	0	a-9999			Some Other Company, Inc.	3	US
5002899	0	a-9999			Some Other Company, Inc.	3	US
5002900	0	a-9999			Some Other Company, Inc.	3	US
5002901	0	a-9999			Some Other Company, Inc.	3	US
5002902	0	a-9999			Some Other Company, Inc.	3	US
5002903	0	a-9999			Some Other Company, Inc.	3	US
5002904	0	a-9999			Some Other Company, Inc.	3	US
5002905	0	a-9999			Some Other Company, Inc.	3	US
5002906	0	a-9999			Some Other Company, Inc.	3	US
5002907	0	a-9999			Some Other Company, Inc.	3	US
5002908	0	a-9999			Some Other Company, Inc.	3	US
5002909	0	a-9999			Some Other Company, Inc.	3	US
5002910	0	a-9999			Some Other Company, Inc.	3	US
5002911	0	a-9999			Some Other Company, Inc.	3	US
5002912	0	a-9999			Some Other Company, Inc.	3	US
5002913	0	a-9999			Some Other Company, Inc.	3	US
5002914	0	a-9999			Some Other Company, Inc.	3	US
5002915	0	a-9999			Some Other Company, Inc.	3	US
5002916	0	a-9999			Some Other Company, Inc.	3	US
5002917	0	a-9999			Some Other Company, Inc.	3	US
5002918	0	a-9999			Some Other Company, Inc.	3	US
5002919	0	a-9999			Some Other Company, Inc.	3	US
5002920	0	a-9999			Some Other Company, Inc.	3	US
5002921	0	a-9999			Some Other Company, Inc.	3	US
5002922	0	a-9999			Some Other Company, Inc.	3	US
5002923	0	a-9999			Some Other Company, Inc.	3	US
5002924	0	a-9999			Some Other Company, Inc.	3	US
5002925	0	a-9999			Some Other Company, Inc.	3	US
5002926	0	a-9999			Some Other Company, Inc.	3	US
5002927	0	a-9999			Some Other Company, Inc.	3	US
5002928	0	a-9999			Some Other Company, Inc.	3	US
5002929	0	a-9999			Some Other Company, Inc.	3	US
5002930	0	a-9999			Some Other Company, Inc.	3	US
5002931	0	a-9999			Some Other Company, Inc.	3	US
5002932	0	a-9999			Some Other Company, Inc.	3	US
5002933	0	a-9999			Some Other Company, Inc.	3	US
5002934	0	a-9999			Some Other Company, Inc.	3	US
5002935	0	a-9999			Some Other Company, Inc.	3	US
5002936	0	a-9999			Some Other Company, Inc.	3	US
5002937	0	a-9999			Some Other Company, Inc.	3	US
5002938	0	a-9999			Some Other Company, Inc.	3	US
5002939	0	a-9999			Some Other Company, Inc.	3	US
5002940	0	a-9999			Some Other Company, Inc.	3	US
5002941	0	a-9999			Some Other Company, Inc.	3	US
5002942	0	a-9999			Some Other Company, Inc.	3	US
5002943	0	a-9999			Some Other Company, Inc.	3	US
5002944	0	a-9999			Some Other Company, Inc.	3	US
5002945	0	a-9999			Some Other Company, Inc.	3	US
5002946	0	a-9999			Some Other Company, Inc.	3	US
5002947	0	a-9999			Some Other Company, Inc.	3	US
5002948	0	a-9999			Some Other Company, Inc.	3	US
5002949	0	a-9999			Some Other Company, Inc.	3	US
5002950	0	a-9999			Some Other Company, Inc.	3	US
5002951	0	a-9999			Some Other Company, Inc.	3	US
5002952	0	a-9999			Some Other Company, Inc.	3	US
5002953	0	a-9999			Some Other Company, Inc.	3	US
5002954	0	a-9999			Some Other Company, Inc.	3	US
5002955	0	a-9999			Some Other Company, Inc.	3	US
5002956	0	a-9999			Some Other Company, Inc.	3	US
5002957	0	a-9999			Some Other Company, Inc.	3	US
5002958	0	a-9999			Some Other Company, Inc.	3	US
5002959	0	a-9999			Some Other Company, Inc.	3	US
5002960	0	a-9999			Some Other Company, Inc.	3	US
5002961	0	a-9999			Some Other Company, Inc.	3	US
5002962	0	a-9999			Some Other Company, Inc.	3	US
5002963	0	a-9999			Some Other Company, Inc.	3	US
5002964	0	a-9999			Some Other Company, Inc.	3	US
5002965	0	a-9999			Some Other Company, Inc.	3	US
5002966	0	a-9999			Some Other Company, Inc.	3	US
5002967	0	a-9999			Some Other Company, Inc.	3	US
5002968	0	a-9999			Some Other Company, Inc.	3	US
5002969	0	a-9999			Some Other Company, Inc.	3	US
5002970	0	a-9999			Some Other Company, Inc.	3	US
5002971	0	a-9999			Some Other Company, Inc.	3	US
5002972	0	a-9999			Some Other Company, Inc.	3	US
5002973	0	a-9999			Some Other Company, Inc.	3	US
5002974	0	a-9999			Some Other Company, Inc.	3	US
5002975	0	a-9999			Some Other Company, Inc.	3	US
5002976	0	a-9999			Some Other Company, Inc.	3	US
5002977	0	a-9999			Some Other Company, Inc.	3	US
5002978	0	a-9999			Some Other Company, Inc.	3	US
5002979	0	a-9999			Some Other Company, Inc.	3	US
5002980	0	a-9999			Some Other Company, Inc.	3	US
5002981	0	a-9999			Some Other Company, Inc.	3	US
5002982	0	a-9999			Some Other Company, Inc.	3	US
5002983	0	a-9999			Some Other Company, Inc.	3	US
5002984	0	a-9999			Some Other Company, Inc.	3	US
5002985	0	a-9999			Some Other Company, Inc.	3	US
5002986	0	a-9999			Some Other Company, Inc.	3	US
5002987	0	a-9999			Some Other Company, Inc.	3	US
5002988	0	a-9999			Some Other Company, Inc.	3	US
5002989	0	a-9999			Some Other Company, Inc.	3	US
5002990	0	a-9999			Some Other Company, Inc.	3	US
5002991	0	a-9999			Some Other Company, Inc.	3	US
5002992	0	a-9999			Some Other Company, Inc.	3	US
5002993	0	a-9999			Some Other Company, Inc.	3	US
5002994	0	a-9999			Some Other Company, Inc.	3	US
5002995	0	a-9999			Some Other Company, Inc.	3	US
5002996	0	a-9999			Some Other Company, Inc.	3	US
5002997	0	a-9999			Some Other Company, Inc.	3	US
5002998	0	a-9999			Some Other Company, Inc.	3	US
5002999	0	a-9999			Some Other Company, Inc.	3	US
5003000	0	a-9999			Some Other Company, Inc.	3	US
5003001	0	a-9999			Some Other Company, Inc.	3	US
5003002	0	a-9999			Some Other Company, Inc.	3	US
5003003	0	a-9999			Some Other Company, Inc.	3	US
5003004	0	a-9999			Some Other Company, Inc.	3	US
5003005	0	a-9999			Some Other Company, Inc.	3	US
5003006	0	a-9999			Some Other Company, Inc.	3	US
5003007	0	a-9999			Some Other Company, Inc.	3	US
5003008	0	a-9999			Some Other Company, Inc.	3	US
5003009	0	a-9999			Some Other Company, Inc.	3	US
5003010	0	a-9999			Some Other Company, Inc.	3	US
5003011	0	a-9999			Some Other Company, Inc.	3	US
5003012	0	a-9999			Some Other Company, Inc.	3	US
5003013	0	a-9999			Some Other Company, Inc.	3	US
5003014	0	a-9999			Some Other Company, Inc.	3	US
5003015	0	a-9999			Some Other Company, Inc.	3	US
5003016	0	a-9999			Some Other Company, Inc.	3	US
5003017	0	a-9999			Some Other Company, Inc.	3	US
5003018	0	a-9999			Some Other Company, Inc.	3	US
5003019	0	a-9999			Some Other Company, Inc.	3	US
5003020	0	a-9999			Some Other Company, Inc.	3	US
5003021	0	a-9999			Some Other Company, Inc.	3	US
5003022	0	a-9999			Some Other Company, Inc.	3	US
5003023	0	a-9999			Some Other Company, Inc.	3	US
5003024	0	a-9999			Some Other Company, Inc.	3	US
5003025	0	a-9999			Some Other Company, Inc.	3	US
5003026	0	a-9999			Some Other Company, Inc.	3	US
5003027	0	a-9999			Some Other Company, Inc.	3	US
5003028	0	a-9999			Some Other Company, Inc.	3	US
5003029	0	a-9999			Some Other Company, Inc.	3	US
5003030	0	a-9999			Some Other Company, Inc.	3	US
5003031	0	a-9999			Some Other Company, Inc.	3	US
5003032	0	a-9999			Some Other Company, Inc.	3	US
5003033	0	a-9999			Some Other Company, Inc.	3	US
5003034	0	a-9999			Some Other Company, Inc.	3	US
5003035	0	a-9999			Some Other Company, Inc.	3	US
5003036	0	a-9999			Some Other Company, Inc.	3	US
5003037	0	a-9999			Some Other Company, Inc.	3	US
5003038	0	a-9999			Some Other Company, Inc.	3	US
5003039	0	a-9999			Some Other Company, Inc.	3	US
5003040	0	a-9999			Some Other Company, Inc.	3	US
5003041	0	a-9999			Some Other Company, Inc.	3	US
5003042	0	a-9999			Some Other Company, Inc.	3	US
5003043	0	a-9999			Some Other Company, Inc.	3	US
5003044	0	a-9999			Some Other Company, Inc.	3	US
5003045	0	a-9999			Some Other Company, Inc.	3	US
5003046	0	a-9999			Some Other Company, Inc.	3	US
5003047	0	a-9999			Some Other Company, Inc.	3	US
5003048	0	a-9999			Some Other Company, Inc.	3	US
5003049	0	a-9999			Some Other Company, Inc.	3	US
5003050	0	a-9999			Some Other Company, Inc.	3	US
5003051	0	a-9999			Some Other Company, Inc.	3	US
5003052	0	a-9999			Some Other Company, Inc.	3	US
5003053	0	a-9999			Some Other Company, Inc.	3	US
5003054	0	a-9999			Some Other Company, Inc.	3	US
5003055	0	a-9999			Some Other Company, Inc.	3	US
5003056	0	a-9999			Some Other Company, Inc.	3	US
5003057	0	a-9999			Some Other Company, Inc.	3	US
5003058	0	a-9999			Some Other Company, Inc.	3	US
5003059	0	a-9999			Some Other Company, Inc.	3	US
5003060	0	a-9999			Some Other Company, Inc.	3	US
5003061	0	a-9999			Some Other Company, Inc.	3	US
5003062	0	a-9999			Some Other Company, Inc.	3	US
5003063	0	a-9999			Some Other Company, Inc.	3	US
5003064	0	a-9999			Some Other Company, Inc.	3	US
5003065	0	a-9999			Some Other Company, Inc.	3	US
5003066	0	a-9999			Some Other Company, Inc.	3	US
5003067	0	a-9999			Some Other Company, Inc.	3	US
5003068	0	a-9999			Some Other Company, Inc.	3	US
5003069	0	a-9999			Some Other Company, Inc.	3	US
5003070	0	a-9999			Some Other Company, Inc.	3	US
5003071	0	a-9999			Some Other Company, Inc.	3	US
5003072	0	a-9999			Some Other Company, Inc.	3	US
5003073	0	a-9999			Some Other Company, Inc.	3	US
5003074	0	a-9999			Some Other Company, Inc.	3	US
5003075	0	a-9999			Some Other Company, Inc.	3	US
5003076	0	a-9999			Some Other Company, Inc.	3	US
5003077	0	a-9999			Some Other Company, Inc.	3	US
5003078	0	a-9999			Some Other Company, Inc.	3	US
5003079	0	a-9999			Some Other Company, Inc.	3	US
5003080	0	a-9999			Some Other Company, Inc.	3	US
5003081	0	a-9999			Some Other Company, Inc.	3	US
5003082	0	a-9999			Some Other Company, Inc.	3	US
5003083	0	a-9999			Some Other Company, Inc.	3	US
5003084	0	a-9999			Some Other Company, Inc.	3	US
5003085	0	a-9999			Some Other Company, Inc.	3	US
5003086	0	a-9999			Some Other Company, Inc.	3	US
5003087	0	a-9999			Some Other Company, Inc.	3	US
5003088	0	a-9999			Some Other Company, Inc.	3	US
5003089	0	a-9999			Some Other Company, Inc.	3	US
5003090	0	a-9999			Some Other Company, Inc.	3	US
5003091	0	a-9999			Some Other Company, Inc.	3	US
5003092	0	a-9999			Some Other Company, Inc.	3	US
5003093	0	a-9999			Some Other Company, Inc.	3	US
5003094	0	a-9999			Some Other Company, Inc.	3	US
5003095	0	a-9999			Some Other Company, Inc.	3	US
5003096	0	a-9999			Some Other Company, Inc.	3	US
5003097	0	a-9999			Some Other Company, Inc.	3	US
5003098	0	a-9999			Some Other Company, Inc.	3	US
5003099	0	a-9999			Some Other Company, Inc.	3	US
5003100	0	a-9999			Some Other Company, Inc.	3	US
5003101	0	a-9999			Some Other Company, Inc.	3	US
5003102	0	a-9999			Some Other Company, Inc.	3	US
5003103	0	a-9999			Some Other Company, Inc.	3	US
5003104	0	a-9999			Some Other Company, Inc.	3	US
5003105	0	a-9999			Some Other Company, Inc.	3	US
5003106	0	a-9999			Some Other Company, Inc.	3	US
5003107	0	a-9999			Some Other Company, Inc.	3	US
5003108	0	a-9999			Some Other Company, Inc.	3	US
5003109	0	a-9999			Some Other Company, Inc.	3	US
5003110	0	a-9999			Some Other Company, Inc.	3	US
5003111	0	a-9999			Some Other Company, Inc.	3	US
5003112	0	a-9999			Some Other Company, Inc.	3	US
5003113	0	a-9999			Some Other Company, Inc.	3	US
5003114	0	a-9999			Some Other Company, Inc.	3	US
5003115	0	a-9999			Some Other Company, Inc.	3	US
5003116	0	a-9999			Some Other Company, Inc.	3	US
5003117	0	a-9999			Some Other Company, Inc.	3	US
5003118	0	a-9999			Some Other Company, Inc.	3	US
5003119	0	a-9999			Some Other Company, Inc.	3	US
5003120	0	a-9999			Some Other Company, Inc.	3	US
5003121	0	a-9999			Some Other Company, Inc.	3	US
5003122	0	a-9999			Some Other Company, Inc.	3	US
5003123	0	a-9999			Some Other Company, Inc.	3	US
5003124	0	a-9999			Some Other Company, Inc.	3	US
5003125	0	a-9999			Some Other Company, Inc.	3	US
5003126	0	a-9999			Some Other Company, Inc.	3	US
5003127	0	a-9999			Some Other Company, Inc.	3	US
5003128	0	a-9999			Some Other Company, Inc.	3	US
5003129	0	a-9999			Some Other Company, Inc.	3	US
5003130	0	a-9999			Some Other Company, Inc.	3	US
5003131	0	a-9999			Some Other Company, Inc.	3	US
5003132	0	a-9999			Some Other Company, Inc.	3	US
5003133	0	a-9999			Some Other Company, Inc.	3	US
5003134	0	a-9999			Some Other Company, Inc.	3	US
5003135	0	a-9999			Some Other Company, Inc.	3	US
5003136	0	a-9999			Some Other Company, Inc.	3	US
5003137	0	a-9999			Some Other Company, Inc.	3	US
5003138	0	a-9999			Some Other Company, Inc.	3	US
5003139	0	a-9999			Some Other Company, Inc.	3	US
5003140	0	a-9999			Some Other Company, Inc.	3	US
5003141	0	a-9999			Some Other Company, Inc.	3	US
5003142	0	a-9999			Some Other Company, Inc.	3	US
5003143	0	a-9999			Some Other Company, Inc.	3	US
5003144	0	a-9999			Some Other Company, Inc.	3	US
5003145	0	a-9999			Some Other Company, Inc.	3	US
5003146	0	a-9999			Some Other Company, Inc.	3	US
5003147	0	a-9999			Some Other Company, Inc.	3	US
5003148	0	a-9999			Some Other Company, Inc.	3	US
5003149	0	a-9999			Some Other Company, Inc.	3	US
5003150	0	a-9999			Some Other Company, Inc.	3	US
5003151	0	a-9999			Some Other Company, Inc.	3	US
5003152	0	a-9999			Some Other Company, Inc.	3	US
5003153	0	a-9999			Some Other Company, Inc.	3	US
5003154	0	a-9999			Some Other Company, Inc.	3	US
5003155	0	a-9999			Some Other Company, Inc.	3	US
5003156	0	a-9999			Some Other Company, Inc.	3	US
5003157	0	a-9999			Some Other Company, Inc.	3	US
5003158	0	a-9999			Some Other Company, Inc.	3	US
5003159	0	a-9999			Some Other Company, Inc.	3	US
5003160	0	a-9999			Some Other Company, Inc.	3	US
5003161	0	a-9999			Some Other Company, Inc.	3	US
5003162	0	a-9999			Some Other Company, Inc.	3	US
5003163	0	a-9999			Some Other Company, Inc.	3	US
5003164	0	a-9999			Some Other Company, Inc.	3	US
5003165	0	a-9999			Some Other Company, Inc.	3	US
5003166	0	a-9999			Some Other Company, Inc.	3	US
5003167	0	a-9999			Some Other Company, Inc.	3	US
5003168	0	a-9999			Some Other Company, Inc.	3	US
5003169	0	a-9999			Some Other Company, Inc.	3	US
5003170	0	a-9999			Some Other Company, Inc.	3	US
5003171	0	a-9999			Some Other Company, Inc.	3	US
5003172	0	a-9999			Some Other Company, Inc.	3	US
5003173	0	a-9999			Some Other Company, Inc.	3	US
5003174	0	a-9999			Some Other Company, Inc.	3	US
5003175	0	a-9999			Some Other Company, Inc.	3	US
5003176	0	a-9999			Some Other Company, Inc.	3	US
5003177	0	a-9999			Some Other Company, Inc.	3	US
5003178	0	a-9999			Some Other Company, Inc.	3	US
5003179	0	a-9999			Some Other Company, Inc.	3	US
5003180	0	a-9999			Some Other Company, Inc.	3	US
5003181	0	a-9999			Some Other Company, Inc.	3	US
5003182	0	a-9999			Some Other Company, Inc.	3	US
5003183	0	a-9999			Some Other Company, Inc.	3	US
5003184	0	a-9999			Some Other Company, Inc.	3	US
5003185	0	a-9999			Some Other Company, Inc.	3	US
5003186	0	a-9999			Some Other Company, Inc.	3	US
5003187	0	a-9999			Some Other Company, Inc.	3	US
5003188	0	a-9999			Some Other Company, Inc.	3	US
5003189	0	a-9999			Some Other Company, Inc.	3	US
5003190	0	a-9999			Some Other Company, Inc.	3	US
5003191	0	a-9999			Some Other Company, Inc.	3	US
5003192	0	a-9999			Some Other Company, Inc.	3	US
5003193	0	a-9999			Some Other Company, Inc.	3	US
5003194	0	a-9999			Some Other Company, Inc.	3	US
5003195	0	a-9999			Some Other Company, Inc.	3	US
5003196	0	a-9999			Some Other Company, Inc.	3	US
5003197	0	a-9999			Some Other Company, Inc.	3	US
5003198	0	a-9999			Some Other Company, Inc.	3	US
5003199	0	a-9999			Some Other Company, Inc.	3	US
5003200	0	a-0002			NIKON CORPORATION	3	JP
5003201	0	a-0002			NIKON CORPORATION	3	JP
5003202	0	a-0002			Nikon Corporation	3	JP
5003203	0	a-0002			Nikon Corp	3	JP
5003204	0	a-0002			NIKON CORPORATION	3	JP
5003205	0	a-0002			Nikon Corp	3	JP
5003206	0	a-0002			NIKON CORPORATION	3	JP
5003207	0	a-0002			NIKON CORPORATION	3	JP
5003208	0	a-0002			NIKON CORPORATION	3	JP
5003209	0	a-0002			Nikon Corporation	3	JP
5003210	0	a-0002			Nikon Corporation	3	JP
5003211	0	a-0002			Nikon Corporation	3	JP
5003212	0	a-0002			NIKON CORPORATION	3	JP
5003213	0	a-0002			Nikon Corporation	3	JP
5003214	0	a-0002			Nikon Corp	3	JP
5003215	0	a-0002			Nikon Corp	3	JP
5003216	0	a-0002			NIKON CORPORATION	3	JP
5003217	0	a-0002			NIKON CORPORATION	3	JP
5003218	0	a-0002			NIKON CORPORATION	3	JP
5003219	0	a-0002			Nikon Corp	3	JP
5003220	0	a-0002			NIKON CORPORATION	3	JP
5003221	0	a-0002			NIKON CORPORATION	3	JP
5003222	0	a-0002			Nikon Corporation	3	JP
5003223	0	a-0002			NIKON CORPORATION	3	JP
5003224	0	a-0002			Nikon Corporation	3	JP
5003225	0	a-0002			NIKON CORPORATION	3	JP
5003226	0	a-0002			Nikon Corporation	3	JP
5003227	0	a-0002			Nikon Corp	3	JP
5003228	0	a-0002			NIKON CORPORATION	3	JP
5003229	0	a-0002			NIKON CORPORATION	3	JP
5003230	0	a-0002			Nikon Corporation	3	JP
5003231	0	a-0002			Nikon Corp	3	JP
5003232	0	a-0002			Nikon Corp	3	JP
5003233	0	a-0002			NIKON CORPORATION	3	JP
5003234	0	a-0002			Nikon Corporation	3	JP
5003235	0	a-0002			Nikon Corp	3	JP
5003236	0	a-0002			Nikon Corp	3	JP
5003237	0	a-0002			Nikon Corporation	3	JP
5003238	0	a-0002			NIKON CORPORATION	3	JP
5003239	0	a-0002			NIKON CORPORATION	3	JP
5003240	0	a-0002			NIKON CORPORATION	3	JP
5003241	0	a-0002			Nikon Corp	3	JP
5003242	0	a-0002			Nikon Corp	3	JP
5003243	0	a-0002			NIKON CORPORATION	3	JP
5003244	0	a-0002			Nikon Corp	3	JP
5003245	0	a-0002			NIKON CORPORATION	3	JP
5003246	0	a-0002			Nikon Corporation	3	JP
5003247	0	a-0002			Nikon Corp	3	JP
5003248	0	a-0002			Nikon Corp	3	JP
5003249	0	a-0002			NIKON CORPORATION	3	JP
5003250	0	a-0002			NIKON CORPORATION	3	JP
5003251	0	a-0002			NIKON CORPORATION	3	JP
5003252	0	a-0002			Nikon Corp	3	JP
5003253	0	a-0002			Nikon Corp	3	JP
5003254	0	a-0002			Nikon Corporation	3	JP
5003255	0	a-0002			Nikon Corporation	3	JP
5003256	0	a-0002			Nikon Corporation	3	JP
5003257	0	a-0002			NIKON CORPORATION	3	JP
5003258	0	a-0002			Nikon Corporation	3	JP
5003259	0	a-0002			Nikon Corporation	3	JP
