patent_id	patent_type	patent_date	patent_title	wipo_kind	num_claims	withdrawn
5000001	utility	4/25/2005	Exposure apparatus method and apparatus	B2	12	0
5000002	utility	1/17/2005	Exposure; illumination method and apparatus	B2	8	0
5000003	utility	1/14/2005	Exposure; illumination method and apparatus	B2	25	0
5000004	utility	10/29/2005	Exposure apparatus method and apparatus	B2	16	0
5000005	utility	3/23/2005	Alignment / registration method and apparatus	B2	30	0
5000006	utility	6/22/2005	Exposure apparatus method and apparatus	B2	11	0
5000007	utility	6/26/2005	Exposure apparatus method and apparatus	B2	27	0
5000008	utility	10/2/2005	Alignment / registration method and apparatus	B2	11	0
5000009	utility	5/31/2005	Exposure apparatus method and apparatus	B2	28	0
5000010	utility	12/27/2005	Exposure; illumination method and apparatus	B2	10	0
5000011	utility	2/10/2005	Exposure; illumination method and apparatus	B2	15	0
5000012	utility	11/22/2005	Exposure apparatus method and apparatus	B2	19	0
5000013	utility	5/17/2005	Exposure apparatus method and apparatus	B2	30	0
5000014	utility	11/22/2005	Exposure apparatus method and apparatus	B2	13	0
5000015	utility	7/14/2005	Exposure apparatus method and apparatus	B2	16	0
5000016	utility	1/29/2005	Exposure apparatus method and apparatus	B2	15	0
5000017	utility	2/3/2005	Exposure apparatus method and apparatus	B2	14	0
5000018	utility	6/11/2005	Alignment / registration method and apparatus	B2	14	0
5000019	utility	11/26/2005	Alignment / registration method and apparatus	B2	22	0
5000020	utility	10/15/2005	Exposure apparatus method and apparatus	B2	25	0
5000021	utility	10/26/2005	Exposure apparatus method and apparatus	B2	20	0
5000022	utility	2/16/2005	Exposure; illumination method and apparatus	B2	9	0
5000023	utility	12/15/2005	Exposure; illumination method and apparatus	B2	21	0
5000024	utility	8/28/2005	Exposure apparatus method and apparatus	B2	24	0
5000025	utility	1/6/2005	Exposure; illumination method and apparatus	B2	29	0
5000026	utility	5/17/2005	Exposure; illumination method and apparatus	B2	28	0
5000027	utility	8/21/2005	Exposure apparatus method and apparatus	B2	8	0
5000028	utility	2/24/2005	Masks / reticles method and apparatus	B2	28	0
5000029	utility	4/12/2005	EUV masks method and apparatus	B2	12	0
5000030	utility	9/29/2005	EUV masks method and apparatus	B2	8	0
5000031	utility	7/5/2005	Masks / reticles method and apparatus	B2	17	0
5000032	utility	2/10/2005	Photoresist / process method and apparatus	B2	10	0
5000033	utility	9/30/2005	Photoresist / process method and apparatus	B2	12	0
5000034	utility	3/26/2005	Photoresist / process method and apparatus	B2	16	0
5000035	utility	4/19/2005	EUV masks method and apparatus	B2	25	0
5000036	utility	6/9/2005	Masks / reticles method and apparatus	B2	20	0
5000037	utility	9/22/2005	EUV masks method and apparatus	B2	22	0
5000038	utility	10/29/2005	Photoresist / process method and apparatus	B2	15	0
5000039	utility	1/17/2005	EUV masks method and apparatus	B2	18	0
5000040	utility	9/6/2005	EUV masks method and apparatus	B2	14	0
5000041	utility	8/31/2005	EUV masks method and apparatus	B2	21	0
5000042	utility	7/1/2005	Photoresist / process method and apparatus	B2	21	0
5000043	utility	11/27/2005	Photoresist / process method and apparatus	B2	11	0
5000044	utility	2/25/2005	Photoresist / process method and apparatus	B2	15	0
5000045	utility	4/4/2005	Resist coating method and apparatus	B2	16	0
5000046	utility	1/26/2005	Exposure; illumination method and apparatus	B2	28	0
5000047	utility	5/2/2005	Exposure; illumination method and apparatus	B2	13	0
5000048	utility	7/25/2005	Exposure; illumination method and apparatus	B2	9	0
5000049	utility	5/16/2005	Exposure; illumination method and apparatus	B2	22	0
5000050	utility	6/1/2005	Exposure; illumination method and apparatus	B2	14	0
5000051	utility	1/30/2005	Exposure; illumination method and apparatus	B2	9	0
5000052	utility	2/5/2005	Exposure; illumination method and apparatus	B2	27	0
5000053	utility	10/19/2005	Exposure; illumination method and apparatus	B2	15	0
5000054	utility	8/3/2005	Exposure; illumination method and apparatus	B2	29	0
5000055	utility	5/14/2005	Exposure; illumination method and apparatus	B2	14	0
5000056	utility	7/22/2005	Exposure; illumination method and apparatus	B2	12	0
5000057	utility	2/7/2005	Exposure; illumination method and apparatus	B2	8	0
5000058	utility	2/7/2005	Exposure; illumination method and apparatus	B2	25	0
5000059	utility	6/28/2005	Photoresist / process method and apparatus	B2	10	0
5000060	utility	8/13/2005	Photoresist / process method and apparatus	B2	25	0
5000061	utility	10/11/2005	Masks / reticles method and apparatus	B2	17	0
5000062	utility	3/10/2005	Masks / reticles method and apparatus	B2	16	0
5000063	utility	3/21/2005	Masks / reticles method and apparatus	B2	16	0
5000064	utility	5/16/2006	Exposure; illumination method and apparatus	B2	24	0
5000065	utility	8/5/2006	Exposure apparatus method and apparatus	B2	16	0
5000066	utility	11/23/2006	Alignment / registration method and apparatus	B2	16	0
5000067	utility	8/7/2006	Exposure; illumination method and apparatus	B2	25	0
5000068	utility	12/20/2006	EUV masks method and apparatus	B2	12	0
5000069	utility	3/17/2006	Exposure; illumination method and apparatus	B2	21	0
5000070	utility	1/21/2006	Exposure apparatus method and apparatus	B2	19	0
5000071	utility	7/1/2006	Alignment / registration method and apparatus	B2	25	0
5000072	utility	3/21/2006	EUV masks method and apparatus	B2	15	0
5000073	utility	1/13/2006	Resist coating method and apparatus	B2	13	0
5000074	utility	7/30/2006	Exposure; illumination method and apparatus	B2	29	0
5000075	utility	12/26/2006	Exposure apparatus method and apparatus	B2	11	0
5000076	utility	4/24/2006	Resist coating method and apparatus	B2	14	0
5000077	utility	4/27/2006	Exposure apparatus method and apparatus	B2	15	0
5000078	utility	5/23/2006	Exposure apparatus method and apparatus	B2	10	0
5000079	utility	10/2/2006	Exposure; illumination method and apparatus	B2	18	0
5000080	utility	5/14/2006	Alignment / registration method and apparatus	B2	13	0
5000081	utility	11/2/2006	Exposure apparatus method and apparatus	B2	21	0
5000082	utility	9/19/2006	Exposure apparatus method and apparatus	B2	11	0
5000083	utility	1/23/2006	Exposure apparatus method and apparatus	B2	30	0
5000084	utility	10/3/2006	Alignment / registration method and apparatus	B2	29	0
5000085	utility	4/11/2006	Exposure; illumination method and apparatus	B2	19	0
5000086	utility	11/16/2006	Exposure; illumination method and apparatus	B2	18	0
5000087	utility	6/3/2006	Exposure; illumination method and apparatus	B2	24	0
5000088	utility	12/23/2006	Exposure apparatus method and apparatus	B2	17	0
5000089	utility	7/14/2006	Exposure apparatus method and apparatus	B2	29	0
5000090	utility	6/4/2006	Exposure; illumination method and apparatus	B2	20	0
5000091	utility	4/18/2006	Exposure apparatus method and apparatus	B2	21	0
5000092	utility	8/27/2006	Exposure; illumination method and apparatus	B2	22	0
5000093	utility	3/28/2006	Exposure apparatus method and apparatus	B2	29	0
5000094	utility	11/14/2006	Exposure; illumination method and apparatus	B2	18	0
5000095	utility	1/13/2006	Masks / reticles method and apparatus	B2	9	0
5000096	utility	2/7/2006	EUV masks method and apparatus	B2	22	0
5000097	utility	12/23/2006	EUV masks method and apparatus	B2	20	0
5000098	utility	12/19/2006	Masks / reticles method and apparatus	B2	8	0
5000099	utility	4/23/2006	Photoresist / process method and apparatus	B2	13	0
5000100	utility	3/4/2006	EUV masks method and apparatus	B2	22	0
5000101	utility	10/14/2006	Photoresist / process method and apparatus	B2	27	0
5000102	utility	9/16/2006	Photoresist / process method and apparatus	B2	21	0
5000103	utility	9/1/2006	Photoresist / process method and apparatus	B2	22	0
5000104	utility	5/22/2006	Photoresist / process method and apparatus	B2	24	0
5000105	utility	2/9/2006	Resist coating method and apparatus	B2	30	0
5000106	utility	10/4/2006	Resist coating method and apparatus	B2	10	0
5000107	utility	8/1/2006	Resist coating method and apparatus	B2	21	0
5000108	utility	4/16/2006	Resist coating method and apparatus	B2	21	0
5000109	utility	10/22/2006	Photoresist / process method and apparatus	B2	20	0
5000110	utility	7/19/2006	Exposure; illumination method and apparatus	B2	21	0
5000111	utility	5/20/2006	Exposure; illumination method and apparatus	B2	21	0
5000112	utility	12/14/2006	Exposure; illumination method and apparatus	B2	20	0
5000113	utility	11/15/2006	Exposure; illumination method and apparatus	B2	25	0
5000114	utility	12/6/2006	Exposure; illumination method and apparatus	B2	8	0
5000115	utility	7/14/2006	Exposure; illumination method and apparatus	B2	18	0
5000116	utility	7/14/2006	Exposure; illumination method and apparatus	B2	16	0
5000117	utility	2/11/2006	Exposure; illumination method and apparatus	B2	23	0
5000118	utility	6/29/2006	Exposure; illumination method and apparatus	B2	15	0
5000119	utility	1/16/2006	Exposure; illumination method and apparatus	B2	15	0
5000120	utility	5/3/2006	Exposure; illumination method and apparatus	B2	12	0
5000121	utility	4/22/2006	Photoresist / process method and apparatus	B2	22	0
5000122	utility	11/7/2006	Photoresist / process method and apparatus	B2	30	0
5000123	utility	2/25/2006	Masks / reticles method and apparatus	B2	26	0
5000124	utility	7/12/2006	Photoresist / process method and apparatus	B2	20	0
5000125	utility	12/20/2006	Photoresist / process method and apparatus	B2	28	0
5000126	utility	11/4/2006	Masks / reticles method and apparatus	B2	11	0
5000127	utility	9/17/2007	Exposure apparatus method and apparatus	B2	28	0
5000128	utility	2/24/2007	Alignment / registration method and apparatus	B2	21	0
5000129	utility	8/11/2007	Alignment / registration method and apparatus	B2	13	0
5000130	utility	10/3/2007	Exposure; illumination method and apparatus	B2	23	0
5000131	utility	5/6/2007	Exposure apparatus method and apparatus	B2	10	0
5000132	utility	8/26/2007	Exposure apparatus method and apparatus	B2	26	0
5000133	utility	9/11/2007	Exposure apparatus method and apparatus	B2	18	0
5000134	utility	5/13/2007	Exposure apparatus method and apparatus	B2	18	0
5000135	utility	9/22/2007	Exposure; illumination method and apparatus	B2	14	0
5000136	utility	5/4/2007	Exposure apparatus method and apparatus	B2	30	0
5000137	utility	1/9/2007	Exposure apparatus method and apparatus	B2	10	0
5000138	utility	6/6/2007	Exposure; illumination method and apparatus	B2	29	0
5000139	utility	6/26/2007	Exposure; illumination method and apparatus	B2	21	0
5000140	utility	12/26/2007	Exposure apparatus method and apparatus	B2	22	0
5000141	utility	4/9/2007	Exposure apparatus method and apparatus	B2	18	0
5000142	utility	12/20/2007	Resist coating method and apparatus	B2	13	0
5000143	utility	10/29/2007	Exposure apparatus method and apparatus	B2	24	0
5000144	utility	6/1/2007	Resist coating method and apparatus	B2	15	0
5000145	utility	10/1/2007	Exposure apparatus method and apparatus	B2	12	0
5000146	utility	12/24/2007	Exposure; illumination method and apparatus	B2	12	0
5000147	utility	1/7/2007	Exposure apparatus method and apparatus	B2	26	0
5000148	utility	9/2/2007	Exposure apparatus method and apparatus	B2	11	0
5000149	utility	10/23/2007	Exposure apparatus method and apparatus	B2	28	0
5000150	utility	10/16/2007	Exposure apparatus method and apparatus	B2	17	0
5000151	utility	8/2/2007	Exposure apparatus method and apparatus	B2	27	0
5000152	utility	9/25/2007	Exposure apparatus method and apparatus	B2	20	0
5000153	utility	10/29/2007	Exposure apparatus method and apparatus	B2	21	0
5000154	utility	2/20/2007	Exposure apparatus method and apparatus	B2	14	0
5000155	utility	3/22/2007	Exposure; illumination method and apparatus	B2	15	0
5000156	utility	7/29/2007	Exposure apparatus method and apparatus	B2	22	0
5000157	utility	4/29/2007	Exposure apparatus method and apparatus	B2	17	0
5000158	utility	2/6/2007	Exposure; illumination method and apparatus	B2	29	0
5000159	utility	11/17/2007	Exposure; illumination method and apparatus	B2	26	0
5000160	utility	10/6/2007	Exposure apparatus method and apparatus	B2	15	0
5000161	utility	2/6/2007	Exposure; illumination method and apparatus	B2	9	0
5000162	utility	10/19/2007	Exposure; illumination method and apparatus	B2	17	0
5000163	utility	12/25/2007	Exposure; illumination method and apparatus	B2	20	0
5000164	utility	8/13/2007	Exposure apparatus method and apparatus	B2	10	0
5000165	utility	4/28/2007	Masks / reticles method and apparatus	B2	29	0
5000166	utility	1/11/2007	EUV masks method and apparatus	B2	29	0
5000167	utility	3/31/2007	Masks / reticles method and apparatus	B2	23	0
5000168	utility	4/3/2007	Alignment / registration method and apparatus	B2	26	0
5000169	utility	6/14/2007	EUV masks method and apparatus	B2	29	0
5000170	utility	12/22/2007	EUV masks method and apparatus	B2	23	0
5000171	utility	10/9/2007	Alignment / registration method and apparatus	B2	9	0
5000172	utility	3/1/2007	EUV masks method and apparatus	B2	20	0
5000173	utility	10/5/2007	Photoresist / process method and apparatus	B2	22	0
5000174	utility	11/15/2007	Photoresist / process method and apparatus	B2	23	0
5000175	utility	10/9/2007	EUV masks method and apparatus	B2	12	0
5000176	utility	9/6/2007	Alignment / registration method and apparatus	B2	11	0
5000177	utility	6/9/2007	Photoresist / process method and apparatus	B2	25	0
5000178	utility	2/28/2007	Resist coating method and apparatus	B2	22	0
5000179	utility	5/30/2007	Resist coating method and apparatus	B2	24	0
5000180	utility	8/30/2007	Photoresist / process method and apparatus	B2	15	0
5000181	utility	3/11/2007	Exposure; illumination method and apparatus	B2	10	0
5000182	utility	9/17/2007	Exposure; illumination method and apparatus	B2	16	0
5000183	utility	10/28/2007	Exposure; illumination method and apparatus	B2	26	0
5000184	utility	8/17/2007	Exposure; illumination method and apparatus	B2	25	0
5000185	utility	10/6/2007	Exposure; illumination method and apparatus	B2	20	0
5000186	utility	12/24/2007	Exposure; illumination method and apparatus	B2	15	0
5000187	utility	7/30/2007	Exposure; illumination method and apparatus	B2	9	0
5000188	utility	7/15/2007	Exposure; illumination method and apparatus	B2	20	0
5000189	utility	1/19/2007	Exposure; illumination method and apparatus	B2	12	0
5000190	utility	9/27/2007	Exposure; illumination method and apparatus	B2	22	0
5000191	utility	12/2/2007	Exposure; illumination method and apparatus	B2	12	0
5000192	utility	12/21/2007	Exposure; illumination method and apparatus	B2	20	0
5000193	utility	10/1/2007	Exposure; illumination method and apparatus	B2	20	0
5000194	utility	9/7/2007	Exposure; illumination method and apparatus	B2	25	0
5000195	utility	12/17/2007	Exposure; illumination method and apparatus	B2	17	0
5000196	utility	2/20/2007	Exposure; illumination method and apparatus	B2	28	0
5000197	utility	12/22/2007	Exposure; illumination method and apparatus	B2	17	0
5000198	utility	1/29/2007	Exposure; illumination method and apparatus	B2	17	0
5000199	utility	4/2/2008	Exposure; illumination method and apparatus	B2	13	0
5000200	utility	5/3/2008	Exposure; illumination method and apparatus	B2	23	0
5000201	utility	11/22/2008	Exposure apparatus method and apparatus	B2	16	0
5000202	utility	8/26/2008	EUV masks method and apparatus	B2	17	0
5000203	utility	6/25/2008	Exposure apparatus method and apparatus	B2	26	0
5000204	utility	8/21/2008	Alignment / registration method and apparatus	B2	17	0
5000205	utility	2/24/2008	Alignment / registration method and apparatus	B2	15	0
5000206	utility	12/24/2008	Exposure; illumination method and apparatus	B2	17	0
5000207	utility	10/16/2008	Exposure apparatus method and apparatus	B2	29	0
5000208	utility	9/11/2008	EUV masks method and apparatus	B2	17	0
5000209	utility	6/29/2008	Exposure; illumination method and apparatus	B2	15	0
5000210	utility	12/3/2008	Alignment / registration method and apparatus	B2	29	0
5000211	utility	11/26/2008	EUV masks method and apparatus	B2	9	0
5000212	utility	7/5/2008	Exposure apparatus method and apparatus	B2	12	0
5000213	utility	7/31/2008	Exposure apparatus method and apparatus	B2	13	0
5000214	utility	7/6/2008	Resist coating method and apparatus	B2	24	0
5000215	utility	5/11/2008	Resist coating method and apparatus	B2	23	0
5000216	utility	6/22/2008	Exposure; illumination method and apparatus	B2	11	0
5000217	utility	4/25/2008	Exposure apparatus method and apparatus	B2	29	0
5000218	utility	10/12/2008	Resist coating method and apparatus	B2	19	0
5000219	utility	10/1/2008	Exposure apparatus method and apparatus	B2	11	0
5000220	utility	5/14/2008	Exposure; illumination method and apparatus	B2	26	0
5000221	utility	2/25/2008	Resist coating method and apparatus	B2	29	0
5000222	utility	10/14/2008	Exposure; illumination method and apparatus	B2	18	0
5000223	utility	11/21/2008	Exposure; illumination method and apparatus	B2	22	0
5000224	utility	2/29/2008	Exposure; illumination method and apparatus	B2	12	0
5000225	utility	9/9/2008	Exposure apparatus method and apparatus	B2	11	0
5000226	utility	12/22/2008	Exposure; illumination method and apparatus	B2	25	0
5000227	utility	7/31/2008	Exposure; illumination method and apparatus	B2	28	0
5000228	utility	5/23/2008	Exposure; illumination method and apparatus	B2	9	0
5000229	utility	4/30/2008	Exposure apparatus method and apparatus	B2	19	0
5000230	utility	11/26/2008	Exposure apparatus method and apparatus	B2	19	0
5000231	utility	3/3/2008	Exposure apparatus method and apparatus	B2	22	0
5000232	utility	11/1/2008	Exposure; illumination method and apparatus	B2	8	0
5000233	utility	3/5/2008	Exposure apparatus method and apparatus	B2	26	0
5000234	utility	4/20/2008	Exposure apparatus method and apparatus	B2	15	0
5000235	utility	11/1/2008	Exposure; illumination method and apparatus	B2	8	0
5000236	utility	10/3/2008	Alignment / registration method and apparatus	B2	16	0
5000237	utility	1/14/2008	Exposure; illumination method and apparatus	B2	12	0
5000238	utility	1/9/2008	Exposure; illumination method and apparatus	B2	13	0
5000239	utility	9/26/2008	Exposure; illumination method and apparatus	B2	11	0
5000240	utility	7/4/2008	Exposure apparatus method and apparatus	B2	24	0
5000241	utility	11/10/2008	Exposure apparatus method and apparatus	B2	9	0
5000242	utility	8/22/2008	Exposure apparatus method and apparatus	B2	28	0
5000243	utility	7/24/2008	Exposure; illumination method and apparatus	B2	21	0
5000244	utility	8/15/2008	Exposure; illumination method and apparatus	B2	10	0
5000245	utility	2/3/2008	Exposure; illumination method and apparatus	B2	12	0
5000246	utility	12/30/2008	Exposure; illumination method and apparatus	B2	18	0
5000247	utility	8/20/2008	Exposure apparatus method and apparatus	B2	24	0
5000248	utility	2/28/2008	Exposure; illumination method and apparatus	B2	28	0
5000249	utility	4/20/2008	Exposure; illumination method and apparatus	B2	21	0
5000250	utility	8/20/2008	Exposure apparatus method and apparatus	B2	20	0
5000251	utility	3/19/2008	Masks / reticles method and apparatus	B2	29	0
5000252	utility	2/13/2008	Masks / reticles method and apparatus	B2	10	0
5000253	utility	3/7/2008	Photoresist / process method and apparatus	B2	25	0
5000254	utility	12/9/2008	EUV masks method and apparatus	B2	11	0
5000255	utility	8/4/2008	Photoresist / process method and apparatus	B2	9	0
5000256	utility	2/23/2008	Masks / reticles method and apparatus	B2	26	0
5000257	utility	4/24/2008	EUV masks method and apparatus	B2	11	0
5000258	utility	5/22/2008	EUV masks method and apparatus	B2	26	0
5000259	utility	11/14/2008	Photoresist / process method and apparatus	B2	27	0
5000260	utility	12/2/2008	Masks / reticles method and apparatus	B2	30	0
5000261	utility	6/7/2008	Masks / reticles method and apparatus	B2	18	0
5000262	utility	3/13/2008	EUV masks method and apparatus	B2	28	0
5000263	utility	4/20/2008	Alignment / registration method and apparatus	B2	20	0
5000264	utility	6/8/2008	EUV masks method and apparatus	B2	18	0
5000265	utility	3/20/2008	Alignment / registration method and apparatus	B2	13	0
5000266	utility	5/19/2008	Photoresist / process method and apparatus	B2	22	0
5000267	utility	7/31/2008	Photoresist / process method and apparatus	B2	16	0
5000268	utility	2/26/2008	EUV masks method and apparatus	B2	17	0
5000269	utility	6/6/2008	Photoresist / process method and apparatus	B2	9	0
5000270	utility	6/3/2008	Resist coating method and apparatus	B2	14	0
5000271	utility	3/2/2008	Resist coating method and apparatus	B2	8	0
5000272	utility	9/13/2008	Photoresist / process method and apparatus	B2	25	0
5000273	utility	1/22/2008	Resist coating method and apparatus	B2	21	0
5000274	utility	10/21/2008	Photoresist / process method and apparatus	B2	21	0
5000275	utility	7/26/2008	Resist coating method and apparatus	B2	8	0
5000276	utility	11/12/2008	Photoresist / process method and apparatus	B2	22	0
5000277	utility	2/24/2008	Resist coating method and apparatus	B2	15	0
5000278	utility	7/21/2008	Exposure; illumination method and apparatus	B2	17	0
5000279	utility	3/27/2008	Exposure; illumination method and apparatus	B2	10	0
5000280	utility	4/9/2008	Exposure; illumination method and apparatus	B2	19	0
5000281	utility	3/15/2008	Exposure; illumination method and apparatus	B2	16	0
5000282	utility	12/1/2008	Exposure; illumination method and apparatus	B2	10	0
5000283	utility	10/15/2008	Exposure; illumination method and apparatus	B2	26	0
5000284	utility	11/17/2008	Exposure; illumination method and apparatus	B2	18	0
5000285	utility	11/19/2008	Exposure; illumination method and apparatus	B2	17	0
5000286	utility	1/20/2008	Exposure; illumination method and apparatus	B2	9	0
5000287	utility	2/16/2008	Exposure; illumination method and apparatus	B2	27	0
5000288	utility	10/10/2008	Exposure; illumination method and apparatus	B2	9	0
5000289	utility	6/13/2008	Exposure; illumination method and apparatus	B2	27	0
5000290	utility	8/18/2008	Masks / reticles method and apparatus	B2	11	0
5000291	utility	2/13/2008	Masks / reticles method and apparatus	B2	24	0
5000292	utility	8/12/2008	Photoresist / process method and apparatus	B2	22	0
5000293	utility	5/24/2008	Photoresist / process method and apparatus	B2	20	0
5000294	utility	1/27/2008	Masks / reticles method and apparatus	B2	28	0
5000295	utility	10/12/2008	Photoresist / process method and apparatus	B2	29	0
5000296	utility	3/18/2009	EUV masks method and apparatus	B2	18	0
5000297	utility	6/8/2009	EUV masks method and apparatus	B2	28	0
5000298	utility	12/29/2009	Exposure apparatus method and apparatus	B2	10	0
5000299	utility	6/18/2009	Exposure; illumination method and apparatus	B2	12	0
5000300	utility	8/5/2009	Exposure; illumination method and apparatus	B2	24	0
5000301	utility	4/20/2009	Exposure apparatus method and apparatus	B2	18	0
5000302	utility	3/12/2009	Exposure apparatus method and apparatus	B2	12	0
5000303	utility	10/4/2009	Exposure; illumination method and apparatus	B2	24	0
5000304	utility	11/13/2009	EUV masks method and apparatus	B2	12	0
5000305	utility	12/21/2009	Exposure apparatus method and apparatus	B2	27	0
5000306	utility	1/23/2009	Alignment / registration method and apparatus	B2	21	0
5000307	utility	11/9/2009	EUV masks method and apparatus	B2	17	0
5000308	utility	5/3/2009	Exposure apparatus method and apparatus	B2	17	0
5000309	utility	4/10/2009	Resist coating method and apparatus	B2	19	0
5000310	utility	8/25/2009	Resist coating method and apparatus	B2	17	0
5000311	utility	3/24/2009	Exposure; illumination method and apparatus	B2	14	0
5000312	utility	1/27/2009	Resist coating method and apparatus	B2	28	0
5000313	utility	2/22/2009	Exposure; illumination method and apparatus	B2	30	0
5000314	utility	3/24/2009	Exposure apparatus method and apparatus	B2	16	0
5000315	utility	4/24/2009	Alignment / registration method and apparatus	B2	22	0
5000316	utility	7/22/2009	Exposure apparatus method and apparatus	B2	24	0
5000317	utility	7/11/2009	Alignment / registration method and apparatus	B2	15	0
5000318	utility	11/29/2009	Alignment / registration method and apparatus	B2	18	0
5000319	utility	8/30/2009	Exposure apparatus method and apparatus	B2	30	0
5000320	utility	11/12/2009	Exposure apparatus method and apparatus	B2	8	0
5000321	utility	3/18/2009	Exposure apparatus method and apparatus	B2	25	0
5000322	utility	2/26/2009	Exposure; illumination method and apparatus	B2	17	0
5000323	utility	8/3/2009	Exposure apparatus method and apparatus	B2	28	0
5000324	utility	9/13/2009	Exposure apparatus method and apparatus	B2	27	0
5000325	utility	5/4/2009	Exposure; illumination method and apparatus	B2	30	0
5000326	utility	6/30/2009	Exposure apparatus method and apparatus	B2	15	0
5000327	utility	2/13/2009	Exposure; illumination method and apparatus	B2	24	0
5000328	utility	10/6/2009	Exposure; illumination method and apparatus	B2	24	0
5000329	utility	7/19/2009	Exposure apparatus method and apparatus	B2	23	0
5000330	utility	5/10/2009	Exposure; illumination method and apparatus	B2	8	0
5000331	utility	12/3/2009	Exposure apparatus method and apparatus	B2	28	0
5000332	utility	6/20/2009	Exposure; illumination method and apparatus	B2	12	0
5000333	utility	11/26/2009	Exposure apparatus method and apparatus	B2	13	0
5000334	utility	12/23/2009	Exposure apparatus method and apparatus	B2	23	0
5000335	utility	8/23/2009	Exposure apparatus method and apparatus	B2	9	0
5000336	utility	1/22/2009	Exposure; illumination method and apparatus	B2	18	0
5000337	utility	10/6/2009	Exposure apparatus method and apparatus	B2	23	0
5000338	utility	7/2/2009	Exposure apparatus method and apparatus	B2	9	0
5000339	utility	7/8/2009	Exposure apparatus method and apparatus	B2	21	0
5000340	utility	4/6/2009	EUV masks method and apparatus	B2	23	0
5000341	utility	9/23/2009	Photoresist / process method and apparatus	B2	16	0
5000342	utility	8/9/2009	EUV masks method and apparatus	B2	27	0
5000343	utility	6/14/2009	EUV masks method and apparatus	B2	11	0
5000344	utility	8/17/2009	Masks / reticles method and apparatus	B2	27	0
5000345	utility	6/29/2009	Photoresist / process method and apparatus	B2	22	0
5000346	utility	8/11/2009	EUV masks method and apparatus	B2	16	0
5000347	utility	11/23/2009	Masks / reticles method and apparatus	B2	20	0
5000348	utility	11/8/2009	EUV masks method and apparatus	B2	29	0
5000349	utility	5/1/2009	EUV masks method and apparatus	B2	28	0
5000350	utility	8/19/2009	Resist coating method and apparatus	B2	19	0
5000351	utility	9/29/2009	Resist coating method and apparatus	B2	19	0
5000352	utility	2/28/2009	Resist coating method and apparatus	B2	8	0
5000353	utility	10/15/2009	Resist coating method and apparatus	B2	11	0
5000354	utility	4/20/2009	Photoresist / process method and apparatus	B2	27	0
5000355	utility	3/11/2009	Resist coating method and apparatus	B2	10	0
5000356	utility	12/16/2009	Exposure; illumination method and apparatus	B2	18	0
5000357	utility	5/29/2009	Exposure; illumination method and apparatus	B2	17	0
5000358	utility	9/18/2009	Exposure; illumination method and apparatus	B2	15	0
5000359	utility	5/2/2009	Exposure; illumination method and apparatus	B2	23	0
5000360	utility	10/10/2009	Exposure; illumination method and apparatus	B2	12	0
5000361	utility	9/3/2009	Exposure; illumination method and apparatus	B2	24	0
5000362	utility	2/7/2009	Exposure; illumination method and apparatus	B2	12	0
5000363	utility	8/27/2009	Exposure; illumination method and apparatus	B2	29	0
5000364	utility	10/10/2009	Exposure; illumination method and apparatus	B2	28	0
5000365	utility	1/29/2009	Exposure; illumination method and apparatus	B2	11	0
5000366	utility	6/15/2009	Exposure; illumination method and apparatus	B2	30	0
5000367	utility	2/10/2009	Exposure; illumination method and apparatus	B2	16	0
5000368	utility	11/17/2009	Exposure; illumination method and apparatus	B2	17	0
5000369	utility	3/28/2009	Photoresist / process method and apparatus	B2	26	0
5000370	utility	11/16/2009	Photoresist / process method and apparatus	B2	27	0
5000371	utility	1/15/2009	Masks / reticles method and apparatus	B2	10	0
5000372	utility	10/20/2009	Masks / reticles method and apparatus	B2	21	0
5000373	utility	11/18/2009	Photoresist / process method and apparatus	B2	25	0
5000374	utility	12/17/2009	Photoresist / process method and apparatus	B2	20	0
5000375	utility	3/22/2009	Masks / reticles method and apparatus	B2	22	0
5000376	utility	6/13/2010	Exposure apparatus method and apparatus	B2	19	0
5000377	utility	9/21/2010	Alignment / registration method and apparatus	B2	25	0
5000378	utility	5/17/2010	Exposure; illumination method and apparatus	B2	22	0
5000379	utility	7/16/2010	Exposure apparatus method and apparatus	B2	27	0
5000380	utility	10/23/2010	Alignment / registration method and apparatus	B2	18	0
5000381	utility	9/21/2010	Exposure; illumination method and apparatus	B2	22	0
5000382	utility	2/16/2010	Exposure; illumination method and apparatus	B2	20	0
5000383	utility	6/30/2010	Exposure apparatus method and apparatus	B2	9	0
5000384	utility	12/1/2010	Exposure; illumination method and apparatus	B2	29	0
5000385	utility	8/9/2010	Alignment / registration method and apparatus	B2	12	0
5000386	utility	7/7/2010	Alignment / registration method and apparatus	B2	9	0
5000387	utility	5/28/2010	Exposure apparatus method and apparatus	B2	10	0
5000388	utility	5/24/2010	Alignment / registration method and apparatus	B2	27	0
5000389	utility	2/19/2010	Exposure apparatus method and apparatus	B2	20	0
5000390	utility	7/7/2010	Exposure; illumination method and apparatus	B2	12	0
5000391	utility	1/24/2010	Exposure; illumination method and apparatus	B2	9	0
5000392	utility	9/23/2010	Resist coating method and apparatus	B2	22	0
5000393	utility	11/10/2010	Exposure apparatus method and apparatus	B2	18	0
5000394	utility	6/3/2010	Exposure; illumination method and apparatus	B2	26	0
5000395	utility	12/29/2010	Exposure; illumination method and apparatus	B2	26	0
5000396	utility	12/11/2010	Exposure apparatus method and apparatus	B2	11	0
5000397	utility	12/19/2010	Exposure apparatus method and apparatus	B2	28	0
5000398	utility	12/2/2010	Exposure apparatus method and apparatus	B2	26	0
5000399	utility	9/3/2010	Exposure apparatus method and apparatus	B2	13	0
5000400	utility	7/14/2010	Exposure; illumination method and apparatus	B2	12	0
5000401	utility	12/25/2010	Exposure apparatus method and apparatus	B2	11	0
5000402	utility	3/19/2010	Exposure apparatus method and apparatus	B2	21	0
5000403	utility	11/10/2010	Exposure; illumination method and apparatus	B2	23	0
5000404	utility	12/28/2010	Exposure; illumination method and apparatus	B2	12	0
5000405	utility	12/6/2010	Exposure apparatus method and apparatus	B2	23	0
5000406	utility	8/24/2010	Resist coating method and apparatus	B2	25	0
5000407	utility	12/21/2010	Exposure; illumination method and apparatus	B2	16	0
5000408	utility	5/23/2010	Alignment / registration method and apparatus	B2	25	0
5000409	utility	12/27/2010	Exposure; illumination method and apparatus	B2	14	0
5000410	utility	6/28/2010	Exposure apparatus method and apparatus	B2	25	0
5000411	utility	3/4/2010	Exposure apparatus method and apparatus	B2	26	0
5000412	utility	7/22/2010	Alignment / registration method and apparatus	B2	19	0
5000413	utility	5/28/2010	Exposure apparatus method and apparatus	B2	30	0
5000414	utility	9/3/2010	Exposure; illumination method and apparatus	B2	14	0
5000415	utility	10/15/2010	Exposure apparatus method and apparatus	B2	30	0
5000416	utility	10/28/2010	Exposure; illumination method and apparatus	B2	15	0
5000417	utility	4/26/2010	Exposure; illumination method and apparatus	B2	28	0
5000418	utility	8/30/2010	Exposure apparatus method and apparatus	B2	11	0
5000419	utility	10/9/2010	Exposure apparatus method and apparatus	B2	13	0
5000420	utility	4/13/2010	Exposure apparatus method and apparatus	B2	17	0
5000421	utility	2/15/2010	Exposure apparatus method and apparatus	B2	28	0
5000422	utility	3/31/2010	Masks / reticles method and apparatus	B2	21	0
5000423	utility	1/19/2010	Alignment / registration method and apparatus	B2	20	0
5000424	utility	5/29/2010	Alignment / registration method and apparatus	B2	9	0
5000425	utility	6/21/2010	EUV masks method and apparatus	B2	17	0
5000426	utility	9/10/2010	EUV masks method and apparatus	B2	12	0
5000427	utility	8/23/2010	EUV masks method and apparatus	B2	28	0
5000428	utility	6/22/2010	EUV masks method and apparatus	B2	17	0
5000429	utility	11/24/2010	EUV masks method and apparatus	B2	20	0
5000430	utility	12/9/2010	EUV masks method and apparatus	B2	11	0
5000431	utility	5/8/2010	Photoresist / process method and apparatus	B2	8	0
5000432	utility	5/17/2010	Resist coating method and apparatus	B2	18	0
5000433	utility	7/4/2010	Resist coating method and apparatus	B2	30	0
5000434	utility	3/23/2010	Resist coating method and apparatus	B2	20	0
5000435	utility	11/24/2010	Photoresist / process method and apparatus	B2	17	0
5000436	utility	3/10/2010	Resist coating method and apparatus	B2	23	0
5000437	utility	10/9/2010	Resist coating method and apparatus	B2	23	0
5000438	utility	12/15/2010	Photoresist / process method and apparatus	B2	27	0
5000439	utility	9/28/2010	Resist coating method and apparatus	B2	30	0
5000440	utility	10/8/2010	Resist coating method and apparatus	B2	24	0
5000441	utility	9/24/2010	Resist coating method and apparatus	B2	22	0
5000442	utility	9/8/2010	Photoresist / process method and apparatus	B2	10	0
5000443	utility	8/22/2010	Resist coating method and apparatus	B2	26	0
5000444	utility	6/7/2010	Photoresist / process method and apparatus	B2	8	0
5000445	utility	10/24/2010	Photoresist / process method and apparatus	B2	10	0
5000446	utility	10/5/2010	Photoresist / process method and apparatus	B2	9	0
5000447	utility	8/30/2010	Photoresist / process method and apparatus	B2	9	0
5000448	utility	11/25/2010	Photoresist / process method and apparatus	B2	28	0
5000449	utility	7/15/2010	Photoresist / process method and apparatus	B2	22	0
5000450	utility	12/16/2010	Exposure; illumination method and apparatus	B2	29	0
5000451	utility	6/28/2010	Exposure; illumination method and apparatus	B2	11	0
5000452	utility	4/25/2010	Exposure; illumination method and apparatus	B2	8	0
5000453	utility	7/14/2010	Exposure; illumination method and apparatus	B2	15	0
5000454	utility	4/7/2010	Photoresist / process method and apparatus	B2	11	0
5000455	utility	1/9/2010	Masks / reticles method and apparatus	B2	15	0
5000456	utility	8/17/2010	Photoresist / process method and apparatus	B2	27	0
5000457	utility	1/23/2010	Photoresist / process method and apparatus	B2	20	0
5000458	utility	1/29/2010	Masks / reticles method and apparatus	B2	12	0
5000459	utility	10/22/2010	Photoresist / process method and apparatus	B2	18	0
5000460	utility	3/15/2010	Photoresist / process method and apparatus	B2	29	0
5000461	utility	3/31/2011	EUV masks method and apparatus	B2	28	0
5000462	utility	6/26/2011	Exposure apparatus method and apparatus	B2	28	0
5000463	utility	7/29/2011	Alignment / registration method and apparatus	B2	12	0
5000464	utility	8/31/2011	Alignment / registration method and apparatus	B2	15	0
5000465	utility	3/15/2011	Alignment / registration method and apparatus	B2	22	0
5000466	utility	10/13/2011	EUV masks method and apparatus	B2	24	0
5000467	utility	6/19/2011	Exposure apparatus method and apparatus	B2	28	0
5000468	utility	2/17/2011	Alignment / registration method and apparatus	B2	25	0
5000469	utility	7/13/2011	Exposure apparatus method and apparatus	B2	29	0
5000470	utility	4/7/2011	EUV masks method and apparatus	B2	26	0
5000471	utility	6/20/2011	Exposure; illumination method and apparatus	B2	17	0
5000472	utility	4/8/2011	Exposure apparatus method and apparatus	B2	11	0
5000473	utility	12/23/2011	EUV masks method and apparatus	B2	27	0
5000474	utility	10/10/2011	EUV masks method and apparatus	B2	18	0
5000475	utility	11/29/2011	Exposure; illumination method and apparatus	B2	19	0
5000476	utility	9/12/2011	Exposure; illumination method and apparatus	B2	22	0
5000477	utility	6/13/2011	Exposure apparatus method and apparatus	B2	14	0
5000478	utility	4/24/2011	Exposure apparatus method and apparatus	B2	12	0
5000479	utility	10/24/2011	Resist coating method and apparatus	B2	21	0
5000480	utility	7/14/2011	Exposure apparatus method and apparatus	B2	26	0
5000481	utility	12/17/2011	Exposure; illumination method and apparatus	B2	18	0
5000482	utility	11/25/2011	Resist coating method and apparatus	B2	23	0
5000483	utility	3/28/2011	Exposure; illumination method and apparatus	B2	12	0
5000484	utility	10/5/2011	Exposure apparatus method and apparatus	B2	28	0
5000485	utility	2/8/2011	Exposure apparatus method and apparatus	B2	29	0
5000486	utility	11/19/2011	Exposure apparatus method and apparatus	B2	15	0
5000487	utility	9/16/2011	Exposure apparatus method and apparatus	B2	22	0
5000488	utility	11/12/2011	Exposure; illumination method and apparatus	B2	23	0
5000489	utility	10/10/2011	Exposure apparatus method and apparatus	B2	21	0
5000490	utility	9/15/2011	Exposure apparatus method and apparatus	B2	30	0
5000491	utility	2/19/2011	Exposure apparatus method and apparatus	B2	24	0
5000492	utility	5/10/2011	Exposure; illumination method and apparatus	B2	19	0
5000493	utility	7/27/2011	Exposure apparatus method and apparatus	B2	22	0
5000494	utility	12/17/2011	Exposure apparatus method and apparatus	B2	10	0
5000495	utility	2/17/2011	Exposure; illumination method and apparatus	B2	20	0
5000496	utility	11/23/2011	Exposure apparatus method and apparatus	B2	8	0
5000497	utility	8/11/2011	Exposure apparatus method and apparatus	B2	28	0
5000498	utility	2/18/2011	Alignment / registration method and apparatus	B2	24	0
5000499	utility	12/21/2011	Exposure apparatus method and apparatus	B2	26	0
5000500	utility	12/17/2011	Alignment / registration method and apparatus	B2	16	0
5000501	utility	4/2/2011	Exposure; illumination method and apparatus	B2	18	0
5000502	utility	12/31/2011	Exposure; illumination method and apparatus	B2	20	0
5000503	utility	5/4/2011	Exposure apparatus method and apparatus	B2	26	0
5000504	utility	10/4/2011	Exposure; illumination method and apparatus	B2	18	0
5000505	utility	12/19/2011	Exposure apparatus method and apparatus	B2	10	0
5000506	utility	8/12/2011	Exposure apparatus method and apparatus	B2	15	0
5000507	utility	11/11/2011	Exposure; illumination method and apparatus	B2	27	0
5000508	utility	5/20/2011	Exposure apparatus method and apparatus	B2	22	0
5000509	utility	7/12/2011	Exposure apparatus method and apparatus	B2	21	0
5000510	utility	2/13/2011	Exposure; illumination method and apparatus	B2	27	0
5000511	utility	12/31/2011	Masks / reticles method and apparatus	B2	28	0
5000512	utility	2/24/2011	EUV masks method and apparatus	B2	10	0
5000513	utility	5/19/2011	EUV masks method and apparatus	B2	11	0
5000514	utility	10/13/2011	EUV masks method and apparatus	B2	25	0
5000515	utility	7/1/2011	Masks / reticles method and apparatus	B2	25	0
5000516	utility	7/17/2011	Photoresist / process method and apparatus	B2	8	0
5000517	utility	10/14/2011	Photoresist / process method and apparatus	B2	15	0
5000518	utility	3/28/2011	Photoresist / process method and apparatus	B2	12	0
5000519	utility	2/2/2011	EUV masks method and apparatus	B2	13	0
5000520	utility	2/9/2011	Masks / reticles method and apparatus	B2	19	0
5000521	utility	9/11/2011	Photoresist / process method and apparatus	B2	27	0
5000522	utility	6/20/2011	Alignment / registration method and apparatus	B2	27	0
5000523	utility	8/9/2011	Photoresist / process method and apparatus	B2	28	0
5000524	utility	11/5/2011	EUV masks method and apparatus	B2	30	0
5000525	utility	7/23/2011	EUV masks method and apparatus	B2	18	0
5000526	utility	5/5/2011	Alignment / registration method and apparatus	B2	18	0
5000527	utility	10/16/2011	EUV masks method and apparatus	B2	14	0
5000528	utility	10/9/2011	Photoresist / process method and apparatus	B2	8	0
5000529	utility	4/18/2011	Alignment / registration method and apparatus	B2	22	0
5000530	utility	7/29/2011	Photoresist / process method and apparatus	B2	29	0
5000531	utility	12/4/2011	Resist coating method and apparatus	B2	12	0
5000532	utility	11/3/2011	Resist coating method and apparatus	B2	23	0
5000533	utility	7/4/2011	Resist coating method and apparatus	B2	30	0
5000534	utility	5/8/2011	Resist coating method and apparatus	B2	29	0
5000535	utility	1/23/2011	Photoresist / process method and apparatus	B2	26	0
5000536	utility	6/19/2011	Photoresist / process method and apparatus	B2	21	0
5000537	utility	9/19/2011	Resist coating method and apparatus	B2	24	0
5000538	utility	10/29/2011	Photoresist / process method and apparatus	B2	30	0
5000539	utility	9/5/2011	Photoresist / process method and apparatus	B2	11	0
5000540	utility	3/14/2011	Resist coating method and apparatus	B2	19	0
5000541	utility	9/24/2011	Photoresist / process method and apparatus	B2	23	0
5000542	utility	12/23/2011	Exposure; illumination method and apparatus	B2	22	0
5000543	utility	12/30/2011	Exposure; illumination method and apparatus	B2	11	0
5000544	utility	12/13/2011	Exposure; illumination method and apparatus	B2	13	0
5000545	utility	10/10/2011	Exposure; illumination method and apparatus	B2	13	0
5000546	utility	4/29/2011	Exposure; illumination method and apparatus	B2	20	0
5000547	utility	8/10/2011	Exposure; illumination method and apparatus	B2	20	0
5000548	utility	8/8/2011	Exposure; illumination method and apparatus	B2	20	0
5000549	utility	2/2/2011	Exposure; illumination method and apparatus	B2	26	0
5000550	utility	6/16/2011	Exposure; illumination method and apparatus	B2	14	0
5000551	utility	9/8/2011	Exposure; illumination method and apparatus	B2	24	0
5000552	utility	11/9/2011	Exposure; illumination method and apparatus	B2	20	0
5000553	utility	8/23/2011	Exposure; illumination method and apparatus	B2	27	0
5000554	utility	6/2/2011	Exposure; illumination method and apparatus	B2	27	0
5000555	utility	3/2/2011	Exposure; illumination method and apparatus	B2	15	0
5000556	utility	3/14/2011	Exposure; illumination method and apparatus	B2	24	0
5000557	utility	7/16/2011	Photoresist / process method and apparatus	B2	21	0
5000558	utility	9/8/2011	Photoresist / process method and apparatus	B2	17	0
5000559	utility	11/14/2011	Masks / reticles method and apparatus	B2	9	0
5000560	utility	4/10/2011	Photoresist / process method and apparatus	B2	20	0
5000561	utility	9/9/2011	Photoresist / process method and apparatus	B2	21	0
5000562	utility	2/12/2011	Photoresist / process method and apparatus	B2	26	0
5000563	utility	5/21/2011	Photoresist / process method and apparatus	B2	15	0
5000564	utility	10/17/2011	Masks / reticles method and apparatus	B2	23	0
5000565	utility	5/18/2011	Photoresist / process method and apparatus	B2	25	0
5000566	utility	1/22/2011	Photoresist / process method and apparatus	B2	22	0
5000567	utility	12/1/2011	Photoresist / process method and apparatus	B2	15	0
5000568	utility	8/12/2012	Alignment / registration method and apparatus	B2	11	0
5000569	utility	10/28/2012	Exposure apparatus method and apparatus	B2	30	0
5000570	utility	3/12/2012	Exposure apparatus method and apparatus	B2	14	0
5000571	utility	9/29/2012	Exposure; illumination method and apparatus	B2	16	0
5000572	utility	12/26/2012	Exposure apparatus method and apparatus	B2	17	0
5000573	utility	9/20/2012	EUV masks method and apparatus	B2	29	0
5000574	utility	7/29/2012	EUV masks method and apparatus	B2	9	0
5000575	utility	3/8/2012	Alignment / registration method and apparatus	B2	15	0
5000576	utility	12/12/2012	Alignment / registration method and apparatus	B2	20	0
5000577	utility	7/11/2012	Exposure; illumination method and apparatus	B2	22	0
5000578	utility	5/22/2012	Exposure; illumination method and apparatus	B2	30	0
5000579	utility	9/6/2012	Exposure; illumination method and apparatus	B2	18	0
5000580	utility	8/22/2012	Alignment / registration method and apparatus	B2	28	0
5000581	utility	9/30/2012	Resist coating method and apparatus	B2	20	0
5000582	utility	9/10/2012	Resist coating method and apparatus	B2	16	0
5000583	utility	10/22/2012	Exposure apparatus method and apparatus	B2	12	0
5000584	utility	12/15/2012	Exposure; illumination method and apparatus	B2	9	0
5000585	utility	8/23/2012	Exposure; illumination method and apparatus	B2	8	0
5000586	utility	1/1/2012	Exposure apparatus method and apparatus	B2	21	0
5000587	utility	11/28/2012	Resist coating method and apparatus	B2	17	0
5000588	utility	7/3/2012	Exposure apparatus method and apparatus	B2	16	0
5000589	utility	3/25/2012	Resist coating method and apparatus	B2	9	0
5000590	utility	4/29/2012	Exposure; illumination method and apparatus	B2	21	0
5000591	utility	4/19/2012	Exposure apparatus method and apparatus	B2	23	0
5000592	utility	12/14/2012	Exposure apparatus method and apparatus	B2	22	0
5000593	utility	3/2/2012	Exposure apparatus method and apparatus	B2	21	0
5000594	utility	7/15/2012	Exposure apparatus method and apparatus	B2	10	0
5000595	utility	7/7/2012	Exposure apparatus method and apparatus	B2	17	0
5000596	utility	10/15/2012	Exposure apparatus method and apparatus	B2	8	0
5000597	utility	4/19/2012	Exposure apparatus method and apparatus	B2	28	0
5000598	utility	8/14/2012	Exposure; illumination method and apparatus	B2	14	0
5000599	utility	3/4/2012	Exposure apparatus method and apparatus	B2	26	0
5000600	utility	6/10/2012	Alignment / registration method and apparatus	B2	12	0
5000601	utility	10/10/2012	Exposure apparatus method and apparatus	B2	27	0
5000602	utility	12/19/2012	Exposure apparatus method and apparatus	B2	8	0
5000603	utility	4/15/2012	Alignment / registration method and apparatus	B2	24	0
5000604	utility	5/31/2012	Exposure; illumination method and apparatus	B2	28	0
5000605	utility	2/27/2012	Exposure apparatus method and apparatus	B2	15	0
5000606	utility	1/7/2012	Exposure apparatus method and apparatus	B2	19	0
5000607	utility	10/18/2012	Exposure apparatus method and apparatus	B2	21	0
5000608	utility	8/29/2012	Exposure apparatus method and apparatus	B2	10	0
5000609	utility	4/20/2012	Exposure apparatus method and apparatus	B2	9	0
5000610	utility	11/17/2012	Exposure apparatus method and apparatus	B2	30	0
5000611	utility	7/24/2012	Exposure apparatus method and apparatus	B2	10	0
5000612	utility	5/22/2012	Exposure; illumination method and apparatus	B2	10	0
5000613	utility	3/20/2012	Exposure; illumination method and apparatus	B2	25	0
5000614	utility	11/28/2012	Exposure; illumination method and apparatus	B2	29	0
5000615	utility	5/2/2012	Exposure; illumination method and apparatus	B2	9	0
5000616	utility	12/7/2012	Masks / reticles method and apparatus	B2	29	0
5000617	utility	3/11/2012	Masks / reticles method and apparatus	B2	30	0
5000618	utility	9/24/2012	Alignment / registration method and apparatus	B2	24	0
5000619	utility	7/9/2012	Masks / reticles method and apparatus	B2	12	0
5000620	utility	3/1/2012	Photoresist / process method and apparatus	B2	8	0
5000621	utility	2/2/2012	Masks / reticles method and apparatus	B2	16	0
5000622	utility	9/11/2012	Photoresist / process method and apparatus	B2	22	0
5000623	utility	10/17/2012	EUV masks method and apparatus	B2	13	0
5000624	utility	10/20/2012	Photoresist / process method and apparatus	B2	29	0
5000625	utility	1/2/2012	Photoresist / process method and apparatus	B2	9	0
5000626	utility	8/29/2012	Masks / reticles method and apparatus	B2	19	0
5000627	utility	1/19/2012	Masks / reticles method and apparatus	B2	25	0
5000628	utility	8/2/2012	Photoresist / process method and apparatus	B2	15	0
5000629	utility	6/12/2012	Photoresist / process method and apparatus	B2	16	0
5000630	utility	9/14/2012	EUV masks method and apparatus	B2	29	0
5000631	utility	9/21/2012	Masks / reticles method and apparatus	B2	9	0
5000632	utility	5/24/2012	Photoresist / process method and apparatus	B2	17	0
5000633	utility	7/7/2012	EUV masks method and apparatus	B2	14	0
5000634	utility	5/4/2012	Photoresist / process method and apparatus	B2	22	0
5000635	utility	4/10/2012	Photoresist / process method and apparatus	B2	25	0
5000636	utility	10/4/2012	EUV masks method and apparatus	B2	19	0
5000637	utility	1/1/2012	Alignment / registration method and apparatus	B2	29	0
5000638	utility	9/28/2012	EUV masks method and apparatus	B2	15	0
5000639	utility	3/13/2012	Alignment / registration method and apparatus	B2	30	0
5000640	utility	9/23/2012	Alignment / registration method and apparatus	B2	21	0
5000641	utility	2/13/2012	Photoresist / process method and apparatus	B2	26	0
5000642	utility	7/20/2012	Photoresist / process method and apparatus	B2	10	0
5000643	utility	3/7/2012	Photoresist / process method and apparatus	B2	15	0
5000644	utility	7/20/2012	Alignment / registration method and apparatus	B2	30	0
5000645	utility	5/19/2012	EUV masks method and apparatus	B2	15	0
5000646	utility	10/26/2012	EUV masks method and apparatus	B2	11	0
5000647	utility	6/9/2012	Resist coating method and apparatus	B2	21	0
5000648	utility	4/16/2012	Photoresist / process method and apparatus	B2	22	0
5000649	utility	2/16/2012	Photoresist / process method and apparatus	B2	13	0
5000650	utility	12/22/2012	Photoresist / process method and apparatus	B2	27	0
5000651	utility	12/30/2012	Resist coating method and apparatus	B2	15	0
5000652	utility	12/12/2012	Resist coating method and apparatus	B2	17	0
5000653	utility	7/26/2012	Resist coating method and apparatus	B2	22	0
5000654	utility	2/22/2012	Resist coating method and apparatus	B2	12	0
5000655	utility	4/23/2012	Photoresist / process method and apparatus	B2	12	0
5000656	utility	11/18/2012	Resist coating method and apparatus	B2	28	0
5000657	utility	2/8/2012	Photoresist / process method and apparatus	B2	8	0
5000658	utility	8/15/2012	Photoresist / process method and apparatus	B2	12	0
5000659	utility	8/24/2012	Resist coating method and apparatus	B2	9	0
5000660	utility	12/15/2012	Resist coating method and apparatus	B2	21	0
5000661	utility	5/20/2012	Photoresist / process method and apparatus	B2	16	0
5000662	utility	11/13/2012	Resist coating method and apparatus	B2	27	0
5000663	utility	10/8/2012	Resist coating method and apparatus	B2	23	0
5000664	utility	8/2/2012	Resist coating method and apparatus	B2	14	0
5000665	utility	10/5/2012	Photoresist / process method and apparatus	B2	8	0
5000666	utility	9/5/2012	Resist coating method and apparatus	B2	19	0
5000667	utility	4/2/2012	Resist coating method and apparatus	B2	8	0
5000668	utility	5/23/2012	Exposure; illumination method and apparatus	B2	9	0
5000669	utility	10/26/2012	Exposure; illumination method and apparatus	B2	15	0
5000670	utility	5/3/2012	Exposure; illumination method and apparatus	B2	16	0
5000671	utility	4/22/2012	Exposure; illumination method and apparatus	B2	26	0
5000672	utility	3/31/2012	Exposure; illumination method and apparatus	B2	15	0
5000673	utility	10/29/2012	Exposure; illumination method and apparatus	B2	8	0
5000674	utility	10/15/2012	Exposure; illumination method and apparatus	B2	12	0
5000675	utility	9/9/2012	Masks / reticles method and apparatus	B2	25	0
5000676	utility	1/29/2012	Photoresist / process method and apparatus	B2	15	0
5000677	utility	1/1/2012	Photoresist / process method and apparatus	B2	18	0
5000678	utility	6/23/2012	Masks / reticles method and apparatus	B2	30	0
5000679	utility	3/16/2012	Photoresist / process method and apparatus	B2	26	0
5000680	utility	9/26/2012	Masks / reticles method and apparatus	B2	19	0
5000681	utility	12/5/2012	Masks / reticles method and apparatus	B2	20	0
5000682	utility	3/10/2012	Photoresist / process method and apparatus	B2	13	0
5000683	utility	9/6/2012	Masks / reticles method and apparatus	B2	28	0
5000684	utility	10/28/2012	Photoresist / process method and apparatus	B2	13	0
5000685	utility	1/1/2012	Photoresist / process method and apparatus	B2	30	0
5000686	utility	4/4/2013	Exposure; illumination method and apparatus	B2	27	0
5000687	utility	2/23/2013	Exposure; illumination method and apparatus	B2	23	0
5000688	utility	6/13/2013	Exposure apparatus method and apparatus	B2	13	0
5000689	utility	12/10/2013	Alignment / registration method and apparatus	B2	28	0
5000690	utility	5/16/2013	Exposure; illumination method and apparatus	B2	14	0
5000691	utility	2/25/2013	Exposure apparatus method and apparatus	B2	8	0
5000692	utility	3/27/2013	Alignment / registration method and apparatus	B2	21	0
5000693	utility	7/12/2013	Exposure apparatus method and apparatus	B2	11	0
5000694	utility	2/7/2013	Exposure apparatus method and apparatus	B2	9	0
5000695	utility	2/23/2013	Exposure apparatus method and apparatus	B2	10	0
5000696	utility	2/8/2013	Exposure apparatus method and apparatus	B2	25	0
5000697	utility	11/11/2013	Exposure apparatus method and apparatus	B2	23	0
5000698	utility	3/26/2013	EUV masks method and apparatus	B2	27	0
5000699	utility	6/19/2013	Exposure apparatus method and apparatus	B2	14	0
5000700	utility	10/4/2013	Alignment / registration method and apparatus	B2	16	0
5000701	utility	1/26/2013	Exposure apparatus method and apparatus	B2	20	0
5000702	utility	7/4/2013	Exposure apparatus method and apparatus	B2	8	0
5000703	utility	11/17/2013	Alignment / registration method and apparatus	B2	27	0
5000704	utility	3/29/2013	Exposure apparatus method and apparatus	B2	28	0
5000705	utility	3/1/2013	Exposure; illumination method and apparatus	B2	17	0
5000706	utility	12/5/2013	Exposure apparatus method and apparatus	B2	16	0
5000707	utility	7/9/2013	Exposure apparatus method and apparatus	B2	20	0
5000708	utility	8/14/2013	Exposure apparatus method and apparatus	B2	22	0
5000709	utility	3/19/2013	Exposure; illumination method and apparatus	B2	30	0
5000710	utility	10/5/2013	Exposure; illumination method and apparatus	B2	21	0
5000711	utility	2/1/2013	Exposure apparatus method and apparatus	B2	20	0
5000712	utility	12/18/2013	Resist coating method and apparatus	B2	23	0
5000713	utility	2/10/2013	Exposure apparatus method and apparatus	B2	20	0
5000714	utility	10/20/2013	Exposure apparatus method and apparatus	B2	24	0
5000715	utility	3/17/2013	Resist coating method and apparatus	B2	11	0
5000716	utility	3/27/2013	Exposure apparatus method and apparatus	B2	14	0
5000717	utility	4/14/2013	Exposure; illumination method and apparatus	B2	28	0
5000718	utility	2/4/2013	Exposure apparatus method and apparatus	B2	10	0
5000719	utility	5/22/2013	Exposure; illumination method and apparatus	B2	24	0
5000720	utility	11/16/2013	Exposure; illumination method and apparatus	B2	26	0
5000721	utility	3/18/2013	Exposure apparatus method and apparatus	B2	12	0
5000722	utility	2/21/2013	Exposure; illumination method and apparatus	B2	11	0
5000723	utility	10/2/2013	Exposure; illumination method and apparatus	B2	19	0
5000724	utility	9/6/2013	Exposure apparatus method and apparatus	B2	26	0
5000725	utility	7/26/2013	Exposure apparatus method and apparatus	B2	12	0
5000726	utility	1/20/2013	Exposure; illumination method and apparatus	B2	20	0
5000727	utility	1/26/2013	Exposure; illumination method and apparatus	B2	23	0
5000728	utility	6/5/2013	Exposure apparatus method and apparatus	B2	17	0
5000729	utility	12/17/2013	Alignment / registration method and apparatus	B2	11	0
5000730	utility	8/15/2013	Exposure apparatus method and apparatus	B2	18	0
5000731	utility	2/15/2013	Exposure; illumination method and apparatus	B2	14	0
5000732	utility	9/22/2013	Exposure; illumination method and apparatus	B2	19	0
5000733	utility	2/3/2013	Exposure; illumination method and apparatus	B2	17	0
5000734	utility	9/26/2013	Exposure apparatus method and apparatus	B2	26	0
5000735	utility	4/13/2013	Exposure; illumination method and apparatus	B2	9	0
5000736	utility	7/4/2013	Exposure apparatus method and apparatus	B2	30	0
5000737	utility	9/16/2013	Exposure; illumination method and apparatus	B2	20	0
5000738	utility	5/4/2013	Exposure; illumination method and apparatus	B2	19	0
5000739	utility	8/31/2013	Exposure apparatus method and apparatus	B2	26	0
5000740	utility	5/13/2013	Exposure apparatus method and apparatus	B2	30	0
5000741	utility	3/25/2013	Exposure apparatus method and apparatus	B2	26	0
5000742	utility	11/28/2013	Exposure; illumination method and apparatus	B2	15	0
5000743	utility	9/20/2013	Exposure; illumination method and apparatus	B2	8	0
5000744	utility	3/9/2013	Exposure apparatus method and apparatus	B2	28	0
5000745	utility	11/8/2013	Exposure apparatus method and apparatus	B2	17	0
5000746	utility	8/5/2013	Exposure; illumination method and apparatus	B2	20	0
5000747	utility	11/16/2013	Photoresist / process method and apparatus	B2	20	0
5000748	utility	12/6/2013	EUV masks method and apparatus	B2	19	0
5000749	utility	6/2/2013	EUV masks method and apparatus	B2	29	0
5000750	utility	5/22/2013	EUV masks method and apparatus	B2	28	0
5000751	utility	12/31/2013	Masks / reticles method and apparatus	B2	28	0
5000752	utility	5/4/2013	EUV masks method and apparatus	B2	9	0
5000753	utility	6/13/2013	EUV masks method and apparatus	B2	29	0
5000754	utility	6/1/2013	EUV masks method and apparatus	B2	16	0
5000755	utility	1/19/2013	EUV masks method and apparatus	B2	26	0
5000756	utility	6/25/2013	Photoresist / process method and apparatus	B2	30	0
5000757	utility	9/1/2013	EUV masks method and apparatus	B2	29	0
5000758	utility	12/3/2013	Photoresist / process method and apparatus	B2	25	0
5000759	utility	5/13/2013	EUV masks method and apparatus	B2	25	0
5000760	utility	6/21/2013	Photoresist / process method and apparatus	B2	28	0
5000761	utility	6/7/2013	Masks / reticles method and apparatus	B2	21	0
5000762	utility	10/27/2013	EUV masks method and apparatus	B2	17	0
5000763	utility	11/21/2013	EUV masks method and apparatus	B2	26	0
5000764	utility	4/10/2013	Masks / reticles method and apparatus	B2	24	0
5000765	utility	3/19/2013	EUV masks method and apparatus	B2	12	0
5000766	utility	10/19/2013	EUV masks method and apparatus	B2	22	0
5000767	utility	9/7/2013	Alignment / registration method and apparatus	B2	18	0
5000768	utility	1/30/2013	EUV masks method and apparatus	B2	8	0
5000769	utility	3/28/2013	Alignment / registration method and apparatus	B2	26	0
5000770	utility	2/15/2013	Photoresist / process method and apparatus	B2	12	0
5000771	utility	9/2/2013	Resist coating method and apparatus	B2	20	0
5000772	utility	1/8/2013	Photoresist / process method and apparatus	B2	18	0
5000773	utility	1/3/2013	Resist coating method and apparatus	B2	28	0
5000774	utility	6/26/2013	Photoresist / process method and apparatus	B2	17	0
5000775	utility	6/6/2013	Resist coating method and apparatus	B2	13	0
5000776	utility	5/29/2013	Resist coating method and apparatus	B2	22	0
5000777	utility	12/18/2013	Resist coating method and apparatus	B2	12	0
5000778	utility	4/7/2013	Resist coating method and apparatus	B2	13	0
5000779	utility	4/19/2013	Photoresist / process method and apparatus	B2	8	0
5000780	utility	12/31/2013	Resist coating method and apparatus	B2	28	0
5000781	utility	5/11/2013	Photoresist / process method and apparatus	B2	25	0
5000782	utility	12/1/2013	Photoresist / process method and apparatus	B2	8	0
5000783	utility	7/14/2013	Resist coating method and apparatus	B2	11	0
5000784	utility	4/16/2013	Photoresist / process method and apparatus	B2	30	0
5000785	utility	12/5/2013	Resist coating method and apparatus	B2	11	0
5000786	utility	12/25/2013	Photoresist / process method and apparatus	B2	12	0
5000787	utility	11/13/2013	Resist coating method and apparatus	B2	11	0
5000788	utility	11/8/2013	Exposure; illumination method and apparatus	B2	14	0
5000789	utility	7/29/2013	Exposure; illumination method and apparatus	B2	17	0
5000790	utility	12/19/2013	Exposure; illumination method and apparatus	B2	23	0
5000791	utility	2/15/2013	Exposure; illumination method and apparatus	B2	11	0
5000792	utility	2/16/2013	Exposure; illumination method and apparatus	B2	24	0
5000793	utility	11/26/2013	Exposure; illumination method and apparatus	B2	15	0
5000794	utility	1/26/2013	Exposure; illumination method and apparatus	B2	11	0
5000795	utility	7/4/2013	Exposure; illumination method and apparatus	B2	29	0
5000796	utility	3/12/2013	Exposure; illumination method and apparatus	B2	29	0
5000797	utility	8/13/2013	Exposure; illumination method and apparatus	B2	27	0
5000798	utility	6/25/2013	Exposure; illumination method and apparatus	B2	13	0
5000799	utility	5/20/2013	Exposure; illumination method and apparatus	B2	20	0
5000800	utility	11/29/2013	Exposure; illumination method and apparatus	B2	13	0
5000801	utility	3/23/2013	Exposure; illumination method and apparatus	B2	11	0
5000802	utility	10/19/2013	Exposure; illumination method and apparatus	B2	29	0
5000803	utility	7/3/2013	Exposure; illumination method and apparatus	B2	27	0
5000804	utility	3/8/2013	Exposure; illumination method and apparatus	B2	23	0
5000805	utility	8/14/2013	Exposure; illumination method and apparatus	B2	9	0
5000806	utility	12/27/2013	Exposure; illumination method and apparatus	B2	29	0
5000807	utility	10/17/2013	Exposure; illumination method and apparatus	B2	15	0
5000808	utility	9/23/2013	Masks / reticles method and apparatus	B2	24	0
5000809	utility	5/8/2013	Photoresist / process method and apparatus	B2	23	0
5000810	utility	10/13/2013	Photoresist / process method and apparatus	B2	27	0
5000811	utility	8/29/2013	Photoresist / process method and apparatus	B2	23	0
5000812	utility	6/14/2013	Masks / reticles method and apparatus	B2	15	0
5000813	utility	4/25/2013	Photoresist / process method and apparatus	B2	25	0
5000814	utility	2/10/2013	Masks / reticles method and apparatus	B2	22	0
5000815	utility	9/13/2013	Photoresist / process method and apparatus	B2	22	0
5000816	utility	1/10/2013	Masks / reticles method and apparatus	B2	11	0
5000817	utility	1/1/2013	Photoresist / process method and apparatus	B2	10	0
5000818	utility	8/22/2014	Exposure; illumination method and apparatus	B2	18	0
5000819	utility	8/21/2014	Alignment / registration method and apparatus	B2	18	0
5000820	utility	7/6/2014	Alignment / registration method and apparatus	B2	30	0
5000821	utility	4/24/2014	Alignment / registration method and apparatus	B2	8	0
5000822	utility	7/11/2014	Exposure; illumination method and apparatus	B2	30	0
5000823	utility	7/29/2014	Exposure; illumination method and apparatus	B2	11	0
5000824	utility	7/21/2014	Exposure apparatus method and apparatus	B2	14	0
5000825	utility	2/25/2014	Alignment / registration method and apparatus	B2	21	0
5000826	utility	8/19/2014	Alignment / registration method and apparatus	B2	22	0
5000827	utility	1/3/2014	EUV masks method and apparatus	B2	24	0
5000828	utility	9/5/2014	Alignment / registration method and apparatus	B2	24	0
5000829	utility	3/30/2014	Alignment / registration method and apparatus	B2	12	0
5000830	utility	7/16/2014	Exposure; illumination method and apparatus	B2	21	0
5000831	utility	6/25/2014	Exposure apparatus method and apparatus	B2	17	0
5000832	utility	11/5/2014	Exposure apparatus method and apparatus	B2	30	0
5000833	utility	10/8/2014	Alignment / registration method and apparatus	B2	18	0
5000834	utility	11/16/2014	Exposure apparatus method and apparatus	B2	30	0
5000835	utility	3/9/2014	EUV masks method and apparatus	B2	30	0
5000836	utility	12/22/2014	Exposure; illumination method and apparatus	B2	28	0
5000837	utility	10/15/2014	Alignment / registration method and apparatus	B2	23	0
5000838	utility	10/1/2014	Alignment / registration method and apparatus	B2	17	0
5000839	utility	9/25/2014	Resist coating method and apparatus	B2	11	0
5000840	utility	1/29/2014	Exposure apparatus method and apparatus	B2	14	0
5000841	utility	12/16/2014	Resist coating method and apparatus	B2	16	0
5000842	utility	6/1/2014	Exposure; illumination method and apparatus	B2	14	0
5000843	utility	8/20/2014	Exposure apparatus method and apparatus	B2	11	0
5000844	utility	4/25/2014	Exposure; illumination method and apparatus	B2	28	0
5000845	utility	12/23/2014	Exposure; illumination method and apparatus	B2	17	0
5000846	utility	7/18/2014	Resist coating method and apparatus	B2	21	0
5000847	utility	10/10/2014	Exposure apparatus method and apparatus	B2	9	0
5000848	utility	8/15/2014	Exposure apparatus method and apparatus	B2	15	0
5000849	utility	7/8/2014	Exposure; illumination method and apparatus	B2	26	0
5000850	utility	4/10/2014	Exposure apparatus method and apparatus	B2	17	0
5000851	utility	3/30/2014	Exposure apparatus method and apparatus	B2	24	0
5000852	utility	10/12/2014	Exposure apparatus method and apparatus	B2	16	0
5000853	utility	3/21/2014	Exposure apparatus method and apparatus	B2	9	0
5000854	utility	11/17/2014	Exposure; illumination method and apparatus	B2	27	0
5000855	utility	10/21/2014	Exposure apparatus method and apparatus	B2	25	0
5000856	utility	4/23/2014	Exposure apparatus method and apparatus	B2	13	0
5000857	utility	10/6/2014	Exposure apparatus method and apparatus	B2	25	0
5000858	utility	4/20/2014	Exposure apparatus method and apparatus	B2	29	0
5000859	utility	11/13/2014	Exposure apparatus method and apparatus	B2	24	0
5000860	utility	11/29/2014	Alignment / registration method and apparatus	B2	8	0
5000861	utility	11/25/2014	Exposure apparatus method and apparatus	B2	27	0
5000862	utility	12/16/2014	Alignment / registration method and apparatus	B2	18	0
5000863	utility	10/4/2014	Exposure apparatus method and apparatus	B2	17	0
5000864	utility	7/11/2014	Alignment / registration method and apparatus	B2	24	0
5000865	utility	6/1/2014	Exposure apparatus method and apparatus	B2	28	0
5000866	utility	2/19/2014	Exposure apparatus method and apparatus	B2	13	0
5000867	utility	11/17/2014	Exposure; illumination method and apparatus	B2	10	0
5000868	utility	12/17/2014	Exposure; illumination method and apparatus	B2	21	0
5000869	utility	12/26/2014	Exposure apparatus method and apparatus	B2	21	0
5000870	utility	3/20/2014	Exposure; illumination method and apparatus	B2	8	0
5000871	utility	2/7/2014	Exposure apparatus method and apparatus	B2	9	0
5000872	utility	10/22/2014	Exposure apparatus method and apparatus	B2	15	0
5000873	utility	11/19/2014	Exposure apparatus method and apparatus	B2	20	0
5000874	utility	3/2/2014	Exposure apparatus method and apparatus	B2	25	0
5000875	utility	10/27/2014	Exposure; illumination method and apparatus	B2	9	0
5000876	utility	9/15/2014	Exposure apparatus method and apparatus	B2	11	0
5000877	utility	2/14/2014	Exposure apparatus method and apparatus	B2	17	0
5000878	utility	12/5/2014	Exposure apparatus method and apparatus	B2	8	0
5000879	utility	7/20/2014	Exposure apparatus method and apparatus	B2	25	0
5000880	utility	12/13/2014	Exposure apparatus method and apparatus	B2	28	0
5000881	utility	10/12/2014	Exposure apparatus method and apparatus	B2	12	0
5000882	utility	7/21/2014	Exposure; illumination method and apparatus	B2	25	0
5000883	utility	6/26/2014	Alignment / registration method and apparatus	B2	14	0
5000884	utility	3/14/2014	Alignment / registration method and apparatus	B2	13	0
5000885	utility	4/10/2014	Photoresist / process method and apparatus	B2	11	0
5000886	utility	10/9/2014	Alignment / registration method and apparatus	B2	22	0
5000887	utility	2/4/2014	Masks / reticles method and apparatus	B2	16	0
5000888	utility	6/19/2014	EUV masks method and apparatus	B2	19	0
5000889	utility	5/26/2014	Masks / reticles method and apparatus	B2	27	0
5000890	utility	8/19/2014	Masks / reticles method and apparatus	B2	18	0
5000891	utility	3/20/2014	Photoresist / process method and apparatus	B2	26	0
5000892	utility	3/28/2014	Photoresist / process method and apparatus	B2	8	0
5000893	utility	11/25/2014	Photoresist / process method and apparatus	B2	21	0
5000894	utility	6/19/2014	Masks / reticles method and apparatus	B2	23	0
5000895	utility	9/7/2014	Photoresist / process method and apparatus	B2	25	0
5000896	utility	5/24/2014	EUV masks method and apparatus	B2	12	0
5000897	utility	11/17/2014	Masks / reticles method and apparatus	B2	10	0
5000898	utility	11/20/2014	Photoresist / process method and apparatus	B2	8	0
5000899	utility	10/30/2014	EUV masks method and apparatus	B2	14	0
5000900	utility	10/4/2014	Masks / reticles method and apparatus	B2	23	0
5000901	utility	4/25/2014	EUV masks method and apparatus	B2	26	0
5000902	utility	7/6/2014	EUV masks method and apparatus	B2	24	0
5000903	utility	11/11/2014	Alignment / registration method and apparatus	B2	29	0
5000904	utility	4/2/2014	Photoresist / process method and apparatus	B2	26	0
5000905	utility	9/5/2014	Alignment / registration method and apparatus	B2	19	0
5000906	utility	5/16/2014	EUV masks method and apparatus	B2	19	0
5000907	utility	7/4/2014	Photoresist / process method and apparatus	B2	20	0
5000908	utility	1/21/2014	Alignment / registration method and apparatus	B2	28	0
5000909	utility	5/15/2014	Alignment / registration method and apparatus	B2	26	0
5000910	utility	7/13/2014	EUV masks method and apparatus	B2	19	0
5000911	utility	7/12/2014	Photoresist / process method and apparatus	B2	15	0
5000912	utility	6/26/2014	Photoresist / process method and apparatus	B2	23	0
5000913	utility	3/13/2014	Resist coating method and apparatus	B2	22	0
5000914	utility	5/24/2014	Resist coating method and apparatus	B2	14	0
5000915	utility	3/2/2014	Resist coating method and apparatus	B2	29	0
5000916	utility	9/4/2014	Photoresist / process method and apparatus	B2	29	0
5000917	utility	11/28/2014	Photoresist / process method and apparatus	B2	21	0
5000918	utility	10/31/2014	Resist coating method and apparatus	B2	13	0
5000919	utility	3/17/2014	Photoresist / process method and apparatus	B2	9	0
5000920	utility	7/27/2014	Resist coating method and apparatus	B2	27	0
5000921	utility	12/5/2014	Photoresist / process method and apparatus	B2	17	0
5000922	utility	3/29/2014	Exposure; illumination method and apparatus	B2	15	0
5000923	utility	4/4/2014	Exposure; illumination method and apparatus	B2	27	0
5000924	utility	12/18/2014	Exposure; illumination method and apparatus	B2	18	0
5000925	utility	7/17/2014	Exposure; illumination method and apparatus	B2	12	0
5000926	utility	9/16/2014	Exposure; illumination method and apparatus	B2	29	0
5000927	utility	4/1/2014	Exposure; illumination method and apparatus	B2	23	0
5000928	utility	9/30/2014	Exposure; illumination method and apparatus	B2	24	0
5000929	utility	3/8/2014	Exposure; illumination method and apparatus	B2	27	0
5000930	utility	12/14/2014	Exposure; illumination method and apparatus	B2	28	0
5000931	utility	1/23/2014	Exposure; illumination method and apparatus	B2	30	0
5000932	utility	9/4/2014	Exposure; illumination method and apparatus	B2	20	0
5000933	utility	2/12/2014	Exposure; illumination method and apparatus	B2	17	0
5000934	utility	4/7/2014	Exposure; illumination method and apparatus	B2	8	0
5000935	utility	3/2/2014	Exposure; illumination method and apparatus	B2	24	0
5000936	utility	6/11/2014	Exposure; illumination method and apparatus	B2	21	0
5000937	utility	10/27/2014	Exposure; illumination method and apparatus	B2	16	0
5000938	utility	7/7/2014	Exposure; illumination method and apparatus	B2	27	0
5000939	utility	4/15/2014	Photoresist / process method and apparatus	B2	21	0
5000940	utility	10/14/2014	Photoresist / process method and apparatus	B2	25	0
5000941	utility	12/28/2014	Photoresist / process method and apparatus	B2	20	0
5000942	utility	8/17/2014	Masks / reticles method and apparatus	B2	30	0
5000943	utility	7/25/2014	Photoresist / process method and apparatus	B2	18	0
5000944	utility	11/22/2014	Photoresist / process method and apparatus	B2	8	0
5000945	utility	11/4/2014	Photoresist / process method and apparatus	B2	21	0
5000946	utility	2/10/2014	Photoresist / process method and apparatus	B2	27	0
5000947	utility	7/25/2014	Masks / reticles method and apparatus	B2	27	0
5000948	utility	3/31/2015	EUV masks method and apparatus	B2	28	0
5000949	utility	12/3/2015	Exposure apparatus method and apparatus	B2	24	0
5000950	utility	9/19/2015	Alignment / registration method and apparatus	B2	24	0
5000951	utility	7/4/2015	Alignment / registration method and apparatus	B2	15	0
5000952	utility	5/22/2015	Exposure apparatus method and apparatus	B2	20	0
5000953	utility	4/13/2015	Exposure; illumination method and apparatus	B2	24	0
5000954	utility	10/9/2015	EUV masks method and apparatus	B2	17	0
5000955	utility	5/22/2015	Exposure apparatus method and apparatus	B2	15	0
5000956	utility	7/26/2015	Exposure; illumination method and apparatus	B2	26	0
5000957	utility	2/24/2015	Exposure; illumination method and apparatus	B2	25	0
5000958	utility	3/1/2015	Exposure apparatus method and apparatus	B2	24	0
5000959	utility	7/13/2015	Alignment / registration method and apparatus	B2	26	0
5000960	utility	8/23/2015	Alignment / registration method and apparatus	B2	29	0
5000961	utility	5/13/2015	Exposure; illumination method and apparatus	B2	10	0
5000962	utility	4/28/2015	Alignment / registration method and apparatus	B2	18	0
5000963	utility	1/5/2015	Exposure; illumination method and apparatus	B2	30	0
5000964	utility	7/24/2015	Exposure apparatus method and apparatus	B2	29	0
5000965	utility	4/2/2015	Exposure apparatus method and apparatus	B2	23	0
5000966	utility	5/18/2015	Resist coating method and apparatus	B2	13	0
5000967	utility	4/8/2015	Resist coating method and apparatus	B2	23	0
5000968	utility	5/16/2015	Exposure; illumination method and apparatus	B2	14	0
5000969	utility	7/2/2015	Resist coating method and apparatus	B2	12	0
5000970	utility	12/13/2015	Resist coating method and apparatus	B2	29	0
5000971	utility	10/5/2015	Exposure; illumination method and apparatus	B2	9	0
5000972	utility	9/10/2015	Exposure; illumination method and apparatus	B2	26	0
5000973	utility	9/19/2015	Exposure apparatus method and apparatus	B2	16	0
5000974	utility	9/27/2015	Exposure apparatus method and apparatus	B2	21	0
5000975	utility	6/27/2015	Exposure apparatus method and apparatus	B2	20	0
5000976	utility	3/3/2015	Exposure apparatus method and apparatus	B2	30	0
5000977	utility	1/7/2015	Exposure; illumination method and apparatus	B2	29	0
5000978	utility	7/5/2015	Exposure apparatus method and apparatus	B2	27	0
5000979	utility	11/10/2015	Exposure apparatus method and apparatus	B2	18	0
5000980	utility	8/3/2015	Exposure apparatus method and apparatus	B2	30	0
5000981	utility	5/24/2015	Alignment / registration method and apparatus	B2	22	0
5000982	utility	12/18/2015	Alignment / registration method and apparatus	B2	15	0
5000983	utility	5/1/2015	Exposure apparatus method and apparatus	B2	25	0
5000984	utility	3/18/2015	Exposure apparatus method and apparatus	B2	23	0
5000985	utility	3/10/2015	Exposure apparatus method and apparatus	B2	28	0
5000986	utility	9/7/2015	Exposure apparatus method and apparatus	B2	17	0
5000987	utility	2/20/2015	Exposure apparatus method and apparatus	B2	30	0
5000988	utility	9/1/2015	Alignment / registration method and apparatus	B2	28	0
5000989	utility	7/4/2015	Exposure apparatus method and apparatus	B2	19	0
5000990	utility	7/30/2015	Exposure apparatus method and apparatus	B2	11	0
5000991	utility	4/12/2015	Alignment / registration method and apparatus	B2	26	0
5000992	utility	5/26/2015	Exposure; illumination method and apparatus	B2	19	0
5000993	utility	8/17/2015	Exposure apparatus method and apparatus	B2	10	0
5000994	utility	3/16/2015	Exposure apparatus method and apparatus	B2	13	0
5000995	utility	11/10/2015	Exposure apparatus method and apparatus	B2	26	0
5000996	utility	6/25/2015	Exposure apparatus method and apparatus	B2	15	0
5000997	utility	5/17/2015	Exposure apparatus method and apparatus	B2	27	0
5000998	utility	7/5/2015	Exposure; illumination method and apparatus	B2	26	0
5000999	utility	4/5/2015	Exposure apparatus method and apparatus	B2	8	0
5001000	utility	12/25/2015	Exposure; illumination method and apparatus	B2	10	0
5001001	utility	2/2/2015	Exposure apparatus method and apparatus	B2	23	0
5001002	utility	9/26/2015	Exposure; illumination method and apparatus	B2	10	0
5001003	utility	12/2/2015	Exposure apparatus method and apparatus	B2	20	0
5001004	utility	8/15/2015	Exposure; illumination method and apparatus	B2	28	0
5001005	utility	1/15/2015	Exposure; illumination method and apparatus	B2	9	0
5001006	utility	8/28/2015	Exposure; illumination method and apparatus	B2	25	0
5001007	utility	12/24/2015	Exposure apparatus method and apparatus	B2	25	0
5001008	utility	8/11/2015	Alignment / registration method and apparatus	B2	24	0
5001009	utility	6/27/2015	EUV masks method and apparatus	B2	23	0
5001010	utility	7/7/2015	EUV masks method and apparatus	B2	21	0
5001011	utility	9/25/2015	Masks / reticles method and apparatus	B2	12	0
5001012	utility	12/19/2015	EUV masks method and apparatus	B2	23	0
5001013	utility	8/9/2015	Masks / reticles method and apparatus	B2	17	0
5001014	utility	4/7/2015	EUV masks method and apparatus	B2	21	0
5001015	utility	3/25/2015	EUV masks method and apparatus	B2	30	0
5001016	utility	4/23/2015	Photoresist / process method and apparatus	B2	16	0
5001017	utility	11/10/2015	Masks / reticles method and apparatus	B2	30	0
5001018	utility	9/30/2015	EUV masks method and apparatus	B2	16	0
5001019	utility	5/29/2015	Masks / reticles method and apparatus	B2	11	0
5001020	utility	12/25/2015	EUV masks method and apparatus	B2	27	0
5001021	utility	4/6/2015	Photoresist / process method and apparatus	B2	11	0
5001022	utility	1/5/2015	Alignment / registration method and apparatus	B2	15	0
5001023	utility	6/25/2015	Photoresist / process method and apparatus	B2	21	0
5001024	utility	8/26/2015	Alignment / registration method and apparatus	B2	30	0
5001025	utility	3/16/2015	EUV masks method and apparatus	B2	9	0
5001026	utility	8/29/2015	EUV masks method and apparatus	B2	13	0
5001027	utility	1/7/2015	Alignment / registration method and apparatus	B2	11	0
5001028	utility	8/15/2015	EUV masks method and apparatus	B2	15	0
5001029	utility	2/18/2015	EUV masks method and apparatus	B2	24	0
5001030	utility	12/15/2015	Resist coating method and apparatus	B2	17	0
5001031	utility	1/22/2015	Photoresist / process method and apparatus	B2	25	0
5001032	utility	6/2/2015	Resist coating method and apparatus	B2	14	0
5001033	utility	4/22/2015	Photoresist / process method and apparatus	B2	11	0
5001034	utility	3/27/2015	Resist coating method and apparatus	B2	16	0
5001035	utility	1/5/2015	Photoresist / process method and apparatus	B2	9	0
5001036	utility	3/21/2015	Photoresist / process method and apparatus	B2	19	0
5001037	utility	2/16/2015	Resist coating method and apparatus	B2	29	0
5001038	utility	2/24/2015	Photoresist / process method and apparatus	B2	12	0
5001039	utility	11/27/2015	Photoresist / process method and apparatus	B2	19	0
5001040	utility	1/11/2015	Photoresist / process method and apparatus	B2	30	0
5001041	utility	1/21/2015	Resist coating method and apparatus	B2	23	0
5001042	utility	9/8/2015	Resist coating method and apparatus	B2	14	0
5001043	utility	8/28/2015	Resist coating method and apparatus	B2	16	0
5001044	utility	3/21/2015	Resist coating method and apparatus	B2	22	0
5001045	utility	8/21/2015	Resist coating method and apparatus	B2	8	0
5001046	utility	1/10/2015	Photoresist / process method and apparatus	B2	27	0
5001047	utility	2/2/2015	Resist coating method and apparatus	B2	29	0
5001048	utility	12/16/2015	Resist coating method and apparatus	B2	23	0
5001049	utility	6/15/2015	Photoresist / process method and apparatus	B2	21	0
5001050	utility	12/4/2015	Exposure; illumination method and apparatus	B2	10	0
5001051	utility	1/17/2015	Exposure; illumination method and apparatus	B2	14	0
5001052	utility	10/20/2015	Exposure; illumination method and apparatus	B2	28	0
5001053	utility	12/26/2015	Exposure; illumination method and apparatus	B2	26	0
5001054	utility	2/6/2015	Exposure; illumination method and apparatus	B2	8	0
5001055	utility	2/10/2015	Exposure; illumination method and apparatus	B2	22	0
5001056	utility	8/1/2015	Exposure; illumination method and apparatus	B2	19	0
5001057	utility	5/17/2015	Exposure; illumination method and apparatus	B2	24	0
5001058	utility	2/9/2015	Exposure; illumination method and apparatus	B2	14	0
5001059	utility	4/29/2015	Exposure; illumination method and apparatus	B2	25	0
5001060	utility	4/2/2015	Exposure; illumination method and apparatus	B2	25	0
5001061	utility	11/23/2015	Exposure; illumination method and apparatus	B2	26	0
5001062	utility	8/7/2015	Exposure; illumination method and apparatus	B2	11	0
5001063	utility	9/16/2015	Exposure; illumination method and apparatus	B2	18	0
5001064	utility	8/15/2015	Exposure; illumination method and apparatus	B2	19	0
5001065	utility	6/16/2015	Exposure; illumination method and apparatus	B2	19	0
5001066	utility	6/15/2015	Photoresist / process method and apparatus	B2	27	0
5001067	utility	10/9/2015	Photoresist / process method and apparatus	B2	16	0
5001068	utility	7/23/2015	Photoresist / process method and apparatus	B2	8	0
5001069	utility	9/23/2015	Photoresist / process method and apparatus	B2	12	0
5001070	utility	4/24/2015	Photoresist / process method and apparatus	B2	14	0
5001071	utility	12/20/2015	Masks / reticles method and apparatus	B2	16	0
5001072	utility	8/24/2015	Photoresist / process method and apparatus	B2	19	0
5001073	utility	10/26/2015	Photoresist / process method and apparatus	B2	15	0
5001074	utility	2/9/2016	EUV masks method and apparatus	B2	18	0
5001075	utility	12/19/2016	Exposure; illumination method and apparatus	B2	30	0
5001076	utility	6/2/2016	Exposure; illumination method and apparatus	B2	9	0
5001077	utility	1/29/2016	Exposure apparatus method and apparatus	B2	18	0
5001078	utility	3/2/2016	Exposure; illumination method and apparatus	B2	15	0
5001079	utility	11/19/2016	Exposure; illumination method and apparatus	B2	20	0
5001080	utility	10/16/2016	Exposure apparatus method and apparatus	B2	12	0
5001081	utility	12/10/2016	Exposure apparatus method and apparatus	B2	20	0
5001082	utility	5/28/2016	Exposure apparatus method and apparatus	B2	20	0
5001083	utility	10/19/2016	Exposure apparatus method and apparatus	B2	9	0
5001084	utility	9/13/2016	Exposure apparatus method and apparatus	B2	21	0
5001085	utility	9/3/2016	Alignment / registration method and apparatus	B2	25	0
5001086	utility	4/10/2016	Exposure; illumination method and apparatus	B2	25	0
5001087	utility	5/16/2016	Exposure apparatus method and apparatus	B2	21	0
5001088	utility	7/30/2016	Exposure apparatus method and apparatus	B2	21	0
5001089	utility	10/31/2016	Exposure apparatus method and apparatus	B2	28	0
5001090	utility	6/28/2016	Exposure apparatus method and apparatus	B2	27	0
5001091	utility	8/13/2016	Exposure; illumination method and apparatus	B2	9	0
5001092	utility	7/10/2016	Exposure apparatus method and apparatus	B2	12	0
5001093	utility	1/28/2016	Exposure apparatus method and apparatus	B2	15	0
5001094	utility	5/27/2016	EUV masks method and apparatus	B2	8	0
5001095	utility	8/29/2016	Exposure apparatus method and apparatus	B2	8	0
5001096	utility	9/24/2016	Exposure apparatus method and apparatus	B2	16	0
5001097	utility	12/8/2016	Exposure; illumination method and apparatus	B2	8	0
5001098	utility	5/10/2016	Exposure; illumination method and apparatus	B2	13	0
5001099	utility	11/12/2016	Exposure; illumination method and apparatus	B2	16	0
5001100	utility	2/4/2016	Resist coating method and apparatus	B2	20	0
5001101	utility	12/3/2016	Resist coating method and apparatus	B2	19	0
5001102	utility	11/28/2016	Exposure apparatus method and apparatus	B2	20	0
5001103	utility	12/29/2016	Exposure; illumination method and apparatus	B2	11	0
5001104	utility	9/29/2016	Resist coating method and apparatus	B2	10	0
5001105	utility	10/14/2016	Resist coating method and apparatus	B2	30	0
5001106	utility	6/5/2016	Resist coating method and apparatus	B2	18	0
5001107	utility	6/26/2016	Exposure apparatus method and apparatus	B2	29	0
5001108	utility	9/13/2016	Exposure apparatus method and apparatus	B2	16	0
5001109	utility	7/17/2016	Exposure apparatus method and apparatus	B2	8	0
5001110	utility	6/23/2016	Exposure apparatus method and apparatus	B2	20	0
5001111	utility	9/23/2016	Exposure; illumination method and apparatus	B2	29	0
5001112	utility	8/1/2016	Exposure; illumination method and apparatus	B2	15	0
5001113	utility	11/5/2016	Resist coating method and apparatus	B2	18	0
5001114	utility	3/11/2016	Exposure apparatus method and apparatus	B2	26	0
5001115	utility	6/7/2016	Resist coating method and apparatus	B2	30	0
5001116	utility	8/8/2016	Resist coating method and apparatus	B2	12	0
5001117	utility	3/1/2016	Exposure; illumination method and apparatus	B2	13	0
5001118	utility	6/12/2016	Exposure; illumination method and apparatus	B2	21	0
5001119	utility	11/22/2016	Exposure apparatus method and apparatus	B2	16	0
5001120	utility	4/4/2016	Exposure apparatus method and apparatus	B2	8	0
5001121	utility	11/6/2016	Exposure; illumination method and apparatus	B2	26	0
5001122	utility	12/17/2016	Exposure apparatus method and apparatus	B2	8	0
5001123	utility	3/9/2016	Exposure; illumination method and apparatus	B2	24	0
5001124	utility	7/10/2016	Exposure; illumination method and apparatus	B2	13	0
5001125	utility	3/24/2016	Exposure apparatus method and apparatus	B2	14	0
5001126	utility	1/8/2016	Exposure; illumination method and apparatus	B2	16	0
5001127	utility	4/13/2016	Exposure; illumination method and apparatus	B2	14	0
5001128	utility	9/7/2016	Alignment / registration method and apparatus	B2	30	0
5001129	utility	8/6/2016	Alignment / registration method and apparatus	B2	20	0
5001130	utility	7/13/2016	Exposure; illumination method and apparatus	B2	18	0
5001131	utility	10/1/2016	Exposure; illumination method and apparatus	B2	24	0
5001132	utility	9/23/2016	Exposure; illumination method and apparatus	B2	11	0
5001133	utility	5/5/2016	Alignment / registration method and apparatus	B2	24	0
5001134	utility	7/17/2016	Exposure apparatus method and apparatus	B2	24	0
5001135	utility	8/13/2016	Exposure apparatus method and apparatus	B2	20	0
5001136	utility	8/4/2016	Exposure apparatus method and apparatus	B2	17	0
5001137	utility	3/13/2016	Exposure; illumination method and apparatus	B2	22	0
5001138	utility	9/13/2016	Exposure apparatus method and apparatus	B2	11	0
5001139	utility	12/22/2016	Exposure; illumination method and apparatus	B2	25	0
5001140	utility	1/13/2016	Exposure apparatus method and apparatus	B2	13	0
5001141	utility	8/20/2016	Exposure; illumination method and apparatus	B2	10	0
5001142	utility	12/30/2016	Exposure; illumination method and apparatus	B2	13	0
5001143	utility	12/27/2016	Exposure apparatus method and apparatus	B2	22	0
5001144	utility	7/15/2016	Exposure apparatus method and apparatus	B2	24	0
5001145	utility	7/13/2016	Exposure apparatus method and apparatus	B2	9	0
5001146	utility	12/3/2016	Exposure apparatus method and apparatus	B2	12	0
5001147	utility	12/30/2016	Exposure apparatus method and apparatus	B2	9	0
5001148	utility	8/16/2016	Exposure; illumination method and apparatus	B2	17	0
5001149	utility	4/13/2016	Exposure; illumination method and apparatus	B2	8	0
5001150	utility	9/11/2016	Exposure apparatus method and apparatus	B2	23	0
5001151	utility	12/3/2016	Masks / reticles method and apparatus	B2	23	0
5001152	utility	11/3/2016	Masks / reticles method and apparatus	B2	8	0
5001153	utility	11/17/2016	Masks / reticles method and apparatus	B2	25	0
5001154	utility	3/16/2016	Masks / reticles method and apparatus	B2	9	0
5001155	utility	1/17/2016	Masks / reticles method and apparatus	B2	29	0
5001156	utility	2/14/2016	Masks / reticles method and apparatus	B2	9	0
5001157	utility	5/25/2016	Masks / reticles method and apparatus	B2	27	0
5001158	utility	10/14/2016	EUV masks method and apparatus	B2	13	0
5001159	utility	1/19/2016	EUV masks method and apparatus	B2	10	0
5001160	utility	7/13/2016	EUV masks method and apparatus	B2	10	0
5001161	utility	8/29/2016	Masks / reticles method and apparatus	B2	12	0
5001162	utility	7/30/2016	Masks / reticles method and apparatus	B2	24	0
5001163	utility	2/25/2016	EUV masks method and apparatus	B2	26	0
5001164	utility	11/5/2016	Alignment / registration method and apparatus	B2	30	0
5001165	utility	10/21/2016	EUV masks method and apparatus	B2	27	0
5001166	utility	9/11/2016	Photoresist / process method and apparatus	B2	24	0
5001167	utility	4/2/2016	Photoresist / process method and apparatus	B2	27	0
5001168	utility	1/1/2016	Alignment / registration method and apparatus	B2	11	0
5001169	utility	4/16/2016	Alignment / registration method and apparatus	B2	27	0
5001170	utility	6/28/2016	EUV masks method and apparatus	B2	25	0
5001171	utility	4/13/2016	EUV masks method and apparatus	B2	30	0
5001172	utility	9/16/2016	Resist coating method and apparatus	B2	25	0
5001173	utility	6/19/2016	Resist coating method and apparatus	B2	18	0
5001174	utility	4/9/2016	Photoresist / process method and apparatus	B2	18	0
5001175	utility	1/19/2016	Photoresist / process method and apparatus	B2	28	0
5001176	utility	10/1/2016	Photoresist / process method and apparatus	B2	18	0
5001177	utility	1/29/2016	Photoresist / process method and apparatus	B2	24	0
5001178	utility	1/10/2016	Resist coating method and apparatus	B2	14	0
5001179	utility	6/30/2016	Photoresist / process method and apparatus	B2	10	0
5001180	utility	6/22/2016	Photoresist / process method and apparatus	B2	20	0
5001181	utility	6/6/2016	Resist coating method and apparatus	B2	30	0
5001182	utility	2/14/2016	Resist coating method and apparatus	B2	23	0
5001183	utility	6/3/2016	Resist coating method and apparatus	B2	14	0
5001184	utility	1/20/2016	Resist coating method and apparatus	B2	14	0
5001185	utility	9/4/2016	Resist coating method and apparatus	B2	24	0
5001186	utility	9/25/2016	Photoresist / process method and apparatus	B2	17	0
5001187	utility	2/20/2016	Exposure; illumination method and apparatus	B2	24	0
5001188	utility	1/19/2016	Exposure; illumination method and apparatus	B2	22	0
5001189	utility	1/23/2016	Exposure; illumination method and apparatus	B2	29	0
5001190	utility	1/24/2016	Exposure; illumination method and apparatus	B2	11	0
5001191	utility	6/8/2016	Exposure; illumination method and apparatus	B2	28	0
5001192	utility	5/26/2016	Exposure; illumination method and apparatus	B2	16	0
5001193	utility	5/19/2016	Exposure; illumination method and apparatus	B2	12	0
5001194	utility	4/15/2016	Exposure; illumination method and apparatus	B2	25	0
5001195	utility	12/26/2016	Exposure; illumination method and apparatus	B2	17	0
5001196	utility	11/9/2016	Exposure; illumination method and apparatus	B2	18	0
5001197	utility	8/29/2016	Exposure; illumination method and apparatus	B2	29	0
5001198	utility	8/6/2016	Exposure; illumination method and apparatus	B2	20	0
5001199	utility	11/18/2016	Exposure; illumination method and apparatus	B2	30	0
5001200	utility	6/19/2016	Exposure; illumination method and apparatus	B2	14	0
5001201	utility	2/10/2016	Exposure; illumination method and apparatus	B2	22	0
5001202	utility	12/23/2016	Exposure; illumination method and apparatus	B2	22	0
5001203	utility	12/29/2016	Exposure; illumination method and apparatus	B2	22	0
5001204	utility	11/11/2016	Exposure; illumination method and apparatus	B2	16	0
5001205	utility	12/6/2016	Exposure; illumination method and apparatus	B2	18	0
5001206	utility	1/16/2016	Exposure; illumination method and apparatus	B2	10	0
5001207	utility	3/28/2016	Photoresist / process method and apparatus	B2	17	0
5001208	utility	7/26/2016	Photoresist / process method and apparatus	B2	30	0
5001209	utility	2/6/2016	Photoresist / process method and apparatus	B2	17	0
5001210	utility	5/2/2016	Photoresist / process method and apparatus	B2	27	0
5001211	utility	7/15/2016	Masks / reticles method and apparatus	B2	10	0
5001212	utility	8/10/2016	Masks / reticles method and apparatus	B2	26	0
5001213	utility	12/8/2016	Photoresist / process method and apparatus	B2	10	0
5001214	utility	11/1/2016	Photoresist / process method and apparatus	B2	22	0
5001215	utility	3/31/2016	Masks / reticles method and apparatus	B2	17	0
5001216	utility	7/14/2017	Exposure; illumination method and apparatus	B2	18	0
5001217	utility	3/13/2017	Exposure apparatus method and apparatus	B2	26	0
5001218	utility	12/5/2017	Alignment / registration method and apparatus	B2	12	0
5001219	utility	10/23/2017	Exposure apparatus method and apparatus	B2	22	0
5001220	utility	12/14/2017	Exposure apparatus method and apparatus	B2	17	0
5001221	utility	6/26/2017	Alignment / registration method and apparatus	B2	10	0
5001222	utility	5/31/2017	Alignment / registration method and apparatus	B2	9	0
5001223	utility	10/14/2017	Exposure apparatus method and apparatus	B2	19	0
5001224	utility	5/1/2017	Alignment / registration method and apparatus	B2	21	0
5001225	utility	12/31/2017	Exposure; illumination method and apparatus	B2	20	0
5001226	utility	12/6/2017	Exposure; illumination method and apparatus	B2	13	0
5001227	utility	7/4/2017	Exposure; illumination method and apparatus	B2	21	0
5001228	utility	2/6/2017	Exposure apparatus method and apparatus	B2	28	0
5001229	utility	3/11/2017	Exposure; illumination method and apparatus	B2	10	0
5001230	utility	12/23/2017	Alignment / registration method and apparatus	B2	27	0
5001231	utility	8/6/2017	Exposure; illumination method and apparatus	B2	25	0
5001232	utility	4/6/2017	Exposure apparatus method and apparatus	B2	21	0
5001233	utility	5/2/2017	Alignment / registration method and apparatus	B2	30	0
5001234	utility	10/23/2017	Resist coating method and apparatus	B2	19	0
5001235	utility	12/27/2017	Exposure; illumination method and apparatus	B2	19	0
5001236	utility	2/10/2017	Resist coating method and apparatus	B2	12	0
5001237	utility	5/24/2017	Resist coating method and apparatus	B2	22	0
5001238	utility	2/15/2017	Resist coating method and apparatus	B2	15	0
5001239	utility	12/9/2017	Exposure; illumination method and apparatus	B2	10	0
5001240	utility	6/9/2017	Exposure; illumination method and apparatus	B2	27	0
5001241	utility	1/6/2017	Exposure; illumination method and apparatus	B2	23	0
5001242	utility	6/19/2017	Exposure; illumination method and apparatus	B2	21	0
5001243	utility	1/19/2017	Exposure apparatus method and apparatus	B2	30	0
5001244	utility	10/16/2017	Exposure apparatus method and apparatus	B2	16	0
5001245	utility	10/21/2017	Exposure; illumination method and apparatus	B2	9	0
5001246	utility	11/16/2017	Resist coating method and apparatus	B2	8	0
5001247	utility	2/9/2017	Exposure apparatus method and apparatus	B2	16	0
5001248	utility	5/12/2017	Exposure apparatus method and apparatus	B2	8	0
5001249	utility	10/30/2017	Exposure apparatus method and apparatus	B2	12	0
5001250	utility	9/6/2017	Exposure; illumination method and apparatus	B2	13	0
5001251	utility	2/13/2017	Exposure apparatus method and apparatus	B2	12	0
5001252	utility	7/31/2017	Alignment / registration method and apparatus	B2	20	0
5001253	utility	3/27/2017	Exposure; illumination method and apparatus	B2	14	0
5001254	utility	5/16/2017	Exposure apparatus method and apparatus	B2	11	0
5001255	utility	6/4/2017	Exposure apparatus method and apparatus	B2	23	0
5001256	utility	12/16/2017	Exposure apparatus method and apparatus	B2	30	0
5001257	utility	8/11/2017	Exposure apparatus method and apparatus	B2	8	0
5001258	utility	6/11/2017	Exposure apparatus method and apparatus	B2	24	0
5001259	utility	9/30/2017	Exposure apparatus method and apparatus	B2	28	0
5001260	utility	11/30/2017	Exposure; illumination method and apparatus	B2	16	0
5001261	utility	5/11/2017	Alignment / registration method and apparatus	B2	28	0
5001262	utility	5/4/2017	Exposure; illumination method and apparatus	B2	29	0
5001263	utility	12/13/2017	Exposure; illumination method and apparatus	B2	30	0
5001264	utility	12/11/2017	Exposure; illumination method and apparatus	B2	8	0
5001265	utility	9/26/2017	Exposure apparatus method and apparatus	B2	11	0
5001266	utility	5/26/2017	Exposure apparatus method and apparatus	B2	16	0
5001267	utility	1/30/2017	Exposure; illumination method and apparatus	B2	27	0
5001268	utility	11/23/2017	Alignment / registration method and apparatus	B2	11	0
5001269	utility	11/6/2017	Exposure apparatus method and apparatus	B2	12	0
5001270	utility	4/5/2017	Exposure apparatus method and apparatus	B2	11	0
5001271	utility	12/5/2017	Exposure apparatus method and apparatus	B2	10	0
5001272	utility	12/21/2017	Exposure; illumination method and apparatus	B2	29	0
5001273	utility	2/7/2017	Exposure apparatus method and apparatus	B2	16	0
5001274	utility	1/31/2017	Exposure apparatus method and apparatus	B2	16	0
5001275	utility	2/5/2017	Exposure apparatus method and apparatus	B2	23	0
5001276	utility	4/2/2017	Exposure; illumination method and apparatus	B2	28	0
5001277	utility	8/9/2017	Exposure apparatus method and apparatus	B2	14	0
5001278	utility	5/13/2017	Exposure; illumination method and apparatus	B2	11	0
5001279	utility	5/9/2017	Exposure apparatus method and apparatus	B2	22	0
5001280	utility	11/24/2017	Exposure apparatus method and apparatus	B2	8	0
5001281	utility	3/19/2017	Exposure apparatus method and apparatus	B2	30	0
5001282	utility	9/21/2017	Exposure; illumination method and apparatus	B2	30	0
5001283	utility	7/26/2017	Exposure apparatus method and apparatus	B2	10	0
5001284	utility	3/4/2017	Photoresist / process method and apparatus	B2	26	0
5001285	utility	6/5/2017	EUV masks method and apparatus	B2	20	0
5001286	utility	10/1/2017	Masks / reticles method and apparatus	B2	18	0
5001287	utility	5/29/2017	Photoresist / process method and apparatus	B2	28	0
5001288	utility	7/16/2017	Masks / reticles method and apparatus	B2	29	0
5001289	utility	2/24/2017	EUV masks method and apparatus	B2	28	0
5001290	utility	11/20/2017	Masks / reticles method and apparatus	B2	22	0
5001291	utility	1/13/2017	Masks / reticles method and apparatus	B2	26	0
5001292	utility	10/4/2017	Masks / reticles method and apparatus	B2	28	0
5001293	utility	8/19/2017	Photoresist / process method and apparatus	B2	8	0
5001294	utility	1/22/2017	EUV masks method and apparatus	B2	20	0
5001295	utility	8/23/2017	Photoresist / process method and apparatus	B2	29	0
5001296	utility	10/24/2017	Masks / reticles method and apparatus	B2	15	0
5001297	utility	9/8/2017	Photoresist / process method and apparatus	B2	28	0
5001298	utility	12/26/2017	Masks / reticles method and apparatus	B2	28	0
5001299	utility	6/7/2017	EUV masks method and apparatus	B2	11	0
5001300	utility	2/2/2017	Photoresist / process method and apparatus	B2	11	0
5001301	utility	4/23/2017	Photoresist / process method and apparatus	B2	10	0
5001302	utility	7/25/2017	Alignment / registration method and apparatus	B2	18	0
5001303	utility	4/20/2017	EUV masks method and apparatus	B2	9	0
5001304	utility	5/21/2017	EUV masks method and apparatus	B2	12	0
5001305	utility	10/11/2017	Photoresist / process method and apparatus	B2	13	0
5001306	utility	11/20/2017	EUV masks method and apparatus	B2	27	0
5001307	utility	9/7/2017	EUV masks method and apparatus	B2	10	0
5001308	utility	12/28/2017	Photoresist / process method and apparatus	B2	28	0
5001309	utility	9/1/2017	Resist coating method and apparatus	B2	30	0
5001310	utility	9/25/2017	Photoresist / process method and apparatus	B2	22	0
5001311	utility	1/20/2017	Photoresist / process method and apparatus	B2	27	0
5001312	utility	2/15/2017	Photoresist / process method and apparatus	B2	28	0
5001313	utility	1/3/2017	Resist coating method and apparatus	B2	25	0
5001314	utility	2/18/2017	Photoresist / process method and apparatus	B2	27	0
5001315	utility	11/17/2017	Resist coating method and apparatus	B2	29	0
5001316	utility	3/18/2017	Resist coating method and apparatus	B2	29	0
5001317	utility	3/23/2017	Resist coating method and apparatus	B2	29	0
5001318	utility	5/26/2017	Photoresist / process method and apparatus	B2	14	0
5001319	utility	8/21/2017	Photoresist / process method and apparatus	B2	9	0
5001320	utility	4/1/2017	Photoresist / process method and apparatus	B2	13	0
5001321	utility	2/6/2017	Resist coating method and apparatus	B2	15	0
5001322	utility	4/28/2017	Photoresist / process method and apparatus	B2	11	0
5001323	utility	7/31/2017	Resist coating method and apparatus	B2	14	0
5001324	utility	10/27/2017	Resist coating method and apparatus	B2	23	0
5001325	utility	11/9/2017	Resist coating method and apparatus	B2	22	0
5001326	utility	4/10/2017	Resist coating method and apparatus	B2	28	0
5001327	utility	3/7/2017	Exposure; illumination method and apparatus	B2	9	0
5001328	utility	2/26/2017	Exposure; illumination method and apparatus	B2	22	0
5001329	utility	4/23/2017	Exposure; illumination method and apparatus	B2	17	0
5001330	utility	10/11/2017	Exposure; illumination method and apparatus	B2	15	0
5001331	utility	4/21/2017	Exposure; illumination method and apparatus	B2	26	0
5001332	utility	8/8/2017	Exposure; illumination method and apparatus	B2	15	0
5001333	utility	10/30/2017	Exposure; illumination method and apparatus	B2	12	0
5001334	utility	1/23/2017	Exposure; illumination method and apparatus	B2	9	0
5001335	utility	7/21/2017	Exposure; illumination method and apparatus	B2	23	0
5001336	utility	5/4/2017	Exposure; illumination method and apparatus	B2	10	0
5001337	utility	7/28/2017	Exposure; illumination method and apparatus	B2	14	0
5001338	utility	2/16/2017	Exposure; illumination method and apparatus	B2	8	0
5001339	utility	10/26/2017	Exposure; illumination method and apparatus	B2	8	0
5001340	utility	12/27/2017	Exposure; illumination method and apparatus	B2	20	0
5001341	utility	12/27/2017	Exposure; illumination method and apparatus	B2	28	0
5001342	utility	12/20/2017	Exposure; illumination method and apparatus	B2	18	0
5001343	utility	5/19/2017	Exposure; illumination method and apparatus	B2	30	0
5001344	utility	4/17/2017	Exposure; illumination method and apparatus	B2	29	0
5001345	utility	1/29/2017	Exposure; illumination method and apparatus	B2	24	0
5001346	utility	1/27/2017	Exposure; illumination method and apparatus	B2	11	0
5001347	utility	7/7/2017	Exposure; illumination method and apparatus	B2	19	0
5001348	utility	10/15/2017	Exposure; illumination method and apparatus	B2	30	0
5001349	utility	5/3/2017	Exposure; illumination method and apparatus	B2	25	0
5001350	utility	10/25/2017	Masks / reticles method and apparatus	B2	30	0
5001351	utility	5/17/2017	Photoresist / process method and apparatus	B2	24	0
5001352	utility	7/10/2017	Photoresist / process method and apparatus	B2	19	0
5001353	utility	9/30/2017	Photoresist / process method and apparatus	B2	29	0
5001354	utility	7/8/2017	Photoresist / process method and apparatus	B2	29	0
5001355	utility	8/23/2017	Photoresist / process method and apparatus	B2	10	0
5001356	utility	2/9/2017	Photoresist / process method and apparatus	B2	11	0
5001357	utility	9/12/2017	Masks / reticles method and apparatus	B2	12	0
5001358	utility	12/16/2017	Photoresist / process method and apparatus	B2	25	0
5001359	utility	8/16/2017	Photoresist / process method and apparatus	B2	28	0
5001360	utility	4/29/2017	Photoresist / process method and apparatus	B2	24	0
5001361	utility	12/2/2017	Photoresist / process method and apparatus	B2	28	0
5001362	utility	8/16/2018	Alignment / registration method and apparatus	B2	22	0
5001363	utility	6/6/2018	EUV masks method and apparatus	B2	13	0
5001364	utility	5/28/2018	Exposure; illumination method and apparatus	B2	9	0
5001365	utility	3/27/2018	Exposure; illumination method and apparatus	B2	27	0
5001366	utility	3/31/2018	Exposure apparatus method and apparatus	B2	30	0
5001367	utility	3/1/2018	Exposure apparatus method and apparatus	B2	9	0
5001368	utility	7/9/2018	Exposure; illumination method and apparatus	B2	13	0
5001369	utility	6/26/2018	Exposure; illumination method and apparatus	B2	12	0
5001370	utility	3/4/2018	Exposure; illumination method and apparatus	B2	8	0
5001371	utility	8/23/2018	Alignment / registration method and apparatus	B2	18	0
5001372	utility	6/1/2018	Exposure; illumination method and apparatus	B2	23	0
5001373	utility	8/15/2018	Alignment / registration method and apparatus	B2	18	0
5001374	utility	3/13/2018	EUV masks method and apparatus	B2	29	0
5001375	utility	11/13/2018	Exposure apparatus method and apparatus	B2	15	0
5001376	utility	11/8/2018	Exposure apparatus method and apparatus	B2	28	0
5001377	utility	5/23/2018	Alignment / registration method and apparatus	B2	14	0
5001378	utility	2/14/2018	Alignment / registration method and apparatus	B2	24	0
5001379	utility	11/6/2018	Exposure apparatus method and apparatus	B2	24	0
5001380	utility	8/7/2018	Exposure apparatus method and apparatus	B2	19	0
5001381	utility	6/29/2018	Exposure apparatus method and apparatus	B2	17	0
5001382	utility	8/16/2018	Exposure apparatus method and apparatus	B2	21	0
5001383	utility	8/6/2018	Exposure apparatus method and apparatus	B2	21	0
5001384	utility	3/15/2018	Exposure; illumination method and apparatus	B2	14	0
5001385	utility	2/3/2018	Resist coating method and apparatus	B2	26	0
5001386	utility	11/24/2018	Exposure apparatus method and apparatus	B2	16	0
5001387	utility	10/18/2018	Exposure apparatus method and apparatus	B2	12	0
5001388	utility	9/9/2018	Exposure apparatus method and apparatus	B2	9	0
5001389	utility	6/5/2018	Resist coating method and apparatus	B2	23	0
5001390	utility	1/2/2018	Exposure apparatus method and apparatus	B2	12	0
5001391	utility	8/30/2018	Resist coating method and apparatus	B2	11	0
5001392	utility	9/9/2018	Exposure apparatus method and apparatus	B2	30	0
5001393	utility	5/22/2018	Exposure apparatus method and apparatus	B2	23	0
5001394	utility	7/5/2018	Exposure; illumination method and apparatus	B2	26	0
5001395	utility	11/18/2018	Resist coating method and apparatus	B2	29	0
5001396	utility	7/11/2018	Resist coating method and apparatus	B2	24	0
5001397	utility	3/25/2018	Resist coating method and apparatus	B2	26	0
5001398	utility	1/28/2018	Exposure apparatus method and apparatus	B2	16	0
5001399	utility	7/2/2018	Alignment / registration method and apparatus	B2	9	0
5001400	utility	2/9/2018	Exposure; illumination method and apparatus	B2	24	0
5001401	utility	2/18/2018	Exposure apparatus method and apparatus	B2	27	0
5001402	utility	6/11/2018	Exposure apparatus method and apparatus	B2	29	0
5001403	utility	12/19/2018	Exposure; illumination method and apparatus	B2	19	0
5001404	utility	3/15/2018	Exposure apparatus method and apparatus	B2	8	0
5001405	utility	9/6/2018	Exposure apparatus method and apparatus	B2	21	0
5001406	utility	3/21/2018	Exposure apparatus method and apparatus	B2	24	0
5001407	utility	10/14/2018	Exposure; illumination method and apparatus	B2	27	0
5001408	utility	12/31/2018	Alignment / registration method and apparatus	B2	25	0
5001409	utility	2/9/2018	Exposure apparatus method and apparatus	B2	11	0
5001410	utility	6/9/2018	Exposure apparatus method and apparatus	B2	30	0
5001411	utility	11/2/2018	Alignment / registration method and apparatus	B2	24	0
5001412	utility	6/5/2018	Exposure apparatus method and apparatus	B2	8	0
5001413	utility	12/22/2018	Exposure apparatus method and apparatus	B2	12	0
5001414	utility	3/8/2018	Exposure apparatus method and apparatus	B2	10	0
5001415	utility	9/5/2018	Exposure apparatus method and apparatus	B2	21	0
5001416	utility	12/4/2018	Exposure apparatus method and apparatus	B2	24	0
5001417	utility	5/10/2018	Exposure apparatus method and apparatus	B2	9	0
5001418	utility	2/19/2018	Exposure apparatus method and apparatus	B2	11	0
5001419	utility	4/13/2018	Exposure; illumination method and apparatus	B2	13	0
5001420	utility	5/23/2018	Exposure apparatus method and apparatus	B2	26	0
5001421	utility	11/10/2018	Exposure; illumination method and apparatus	B2	15	0
5001422	utility	10/24/2018	Exposure apparatus method and apparatus	B2	8	0
5001423	utility	5/25/2018	Exposure apparatus method and apparatus	B2	13	0
5001424	utility	2/20/2018	Exposure apparatus method and apparatus	B2	14	0
5001425	utility	12/24/2018	Exposure apparatus method and apparatus	B2	26	0
5001426	utility	4/3/2018	Exposure; illumination method and apparatus	B2	19	0
5001427	utility	4/27/2018	Exposure apparatus method and apparatus	B2	21	0
5001428	utility	2/26/2018	Exposure apparatus method and apparatus	B2	24	0
5001429	utility	10/13/2018	Exposure; illumination method and apparatus	B2	9	0
5001430	utility	5/26/2018	Exposure apparatus method and apparatus	B2	22	0
5001431	utility	8/16/2018	Exposure; illumination method and apparatus	B2	15	0
5001432	utility	8/8/2018	Exposure; illumination method and apparatus	B2	14	0
5001433	utility	12/12/2018	Masks / reticles method and apparatus	B2	23	0
5001434	utility	12/4/2018	EUV masks method and apparatus	B2	29	0
5001435	utility	12/22/2018	EUV masks method and apparatus	B2	26	0
5001436	utility	3/28/2018	Alignment / registration method and apparatus	B2	10	0
5001437	utility	11/1/2018	EUV masks method and apparatus	B2	20	0
5001438	utility	5/23/2018	Photoresist / process method and apparatus	B2	30	0
5001439	utility	11/26/2018	Masks / reticles method and apparatus	B2	20	0
5001440	utility	7/27/2018	EUV masks method and apparatus	B2	23	0
5001441	utility	2/25/2018	Photoresist / process method and apparatus	B2	11	0
5001442	utility	3/10/2018	Masks / reticles method and apparatus	B2	8	0
5001443	utility	9/13/2018	Photoresist / process method and apparatus	B2	29	0
5001444	utility	12/14/2018	EUV masks method and apparatus	B2	18	0
5001445	utility	2/9/2018	EUV masks method and apparatus	B2	29	0
5001446	utility	4/14/2018	Photoresist / process method and apparatus	B2	17	0
5001447	utility	10/5/2018	EUV masks method and apparatus	B2	18	0
5001448	utility	1/17/2018	EUV masks method and apparatus	B2	21	0
5001449	utility	6/11/2018	EUV masks method and apparatus	B2	20	0
5001450	utility	10/13/2018	Masks / reticles method and apparatus	B2	29	0
5001451	utility	3/26/2018	Photoresist / process method and apparatus	B2	23	0
5001452	utility	9/7/2018	Photoresist / process method and apparatus	B2	11	0
5001453	utility	12/17/2018	EUV masks method and apparatus	B2	25	0
5001454	utility	5/15/2018	EUV masks method and apparatus	B2	23	0
5001455	utility	6/30/2018	Photoresist / process method and apparatus	B2	17	0
5001456	utility	3/7/2018	Photoresist / process method and apparatus	B2	19	0
5001457	utility	11/17/2018	Alignment / registration method and apparatus	B2	18	0
5001458	utility	7/2/2018	EUV masks method and apparatus	B2	21	0
5001459	utility	11/28/2018	EUV masks method and apparatus	B2	17	0
5001460	utility	2/28/2018	Alignment / registration method and apparatus	B2	18	0
5001461	utility	12/3/2018	EUV masks method and apparatus	B2	21	0
5001462	utility	12/23/2018	Resist coating method and apparatus	B2	23	0
5001463	utility	7/19/2018	Resist coating method and apparatus	B2	18	0
5001464	utility	12/12/2018	Resist coating method and apparatus	B2	14	0
5001465	utility	6/3/2018	Resist coating method and apparatus	B2	19	0
5001466	utility	2/8/2018	Resist coating method and apparatus	B2	25	0
5001467	utility	10/21/2018	Resist coating method and apparatus	B2	20	0
5001468	utility	10/24/2018	Photoresist / process method and apparatus	B2	11	0
5001469	utility	9/29/2018	Resist coating method and apparatus	B2	23	0
5001470	utility	11/30/2018	Photoresist / process method and apparatus	B2	17	0
5001471	utility	7/25/2018	Resist coating method and apparatus	B2	16	0
5001472	utility	10/8/2018	Photoresist / process method and apparatus	B2	13	0
5001473	utility	4/20/2018	Resist coating method and apparatus	B2	29	0
5001474	utility	11/23/2018	Resist coating method and apparatus	B2	25	0
5001475	utility	11/17/2018	Photoresist / process method and apparatus	B2	9	0
5001476	utility	5/4/2018	Resist coating method and apparatus	B2	12	0
5001477	utility	7/30/2018	Exposure; illumination method and apparatus	B2	18	0
5001478	utility	7/31/2018	Exposure; illumination method and apparatus	B2	16	0
5001479	utility	11/4/2018	Exposure; illumination method and apparatus	B2	15	0
5001480	utility	1/15/2018	Exposure; illumination method and apparatus	B2	15	0
5001481	utility	10/14/2018	Exposure; illumination method and apparatus	B2	21	0
5001482	utility	5/20/2018	Exposure; illumination method and apparatus	B2	12	0
5001483	utility	4/1/2018	Exposure; illumination method and apparatus	B2	28	0
5001484	utility	1/29/2018	Exposure; illumination method and apparatus	B2	10	0
5001485	utility	7/28/2018	Exposure; illumination method and apparatus	B2	19	0
5001486	utility	3/13/2018	Exposure; illumination method and apparatus	B2	15	0
5001487	utility	10/25/2018	Exposure; illumination method and apparatus	B2	24	0
5001488	utility	6/18/2018	Exposure; illumination method and apparatus	B2	26	0
5001489	utility	8/5/2018	Exposure; illumination method and apparatus	B2	14	0
5001490	utility	5/21/2018	Exposure; illumination method and apparatus	B2	22	0
5001491	utility	10/1/2018	Exposure; illumination method and apparatus	B2	19	0
5001492	utility	8/5/2018	Exposure; illumination method and apparatus	B2	23	0
5001493	utility	3/16/2018	Exposure; illumination method and apparatus	B2	19	0
5001494	utility	1/11/2018	Exposure; illumination method and apparatus	B2	28	0
5001495	utility	12/6/2018	Exposure; illumination method and apparatus	B2	9	0
5001496	utility	10/10/2018	Exposure; illumination method and apparatus	B2	20	0
5001497	utility	12/17/2018	Exposure; illumination method and apparatus	B2	11	0
5001498	utility	7/18/2018	Masks / reticles method and apparatus	B2	8	0
5001499	utility	5/11/2018	Masks / reticles method and apparatus	B2	17	0
5001500	utility	3/24/2018	Photoresist / process method and apparatus	B2	22	0
5001501	utility	5/21/2018	Masks / reticles method and apparatus	B2	10	0
5001502	utility	7/31/2018	Photoresist / process method and apparatus	B2	18	0
5001503	utility	12/24/2018	Masks / reticles method and apparatus	B2	16	0
5001504	utility	10/8/2018	Photoresist / process method and apparatus	B2	18	0
5001505	utility	11/25/2018	Masks / reticles method and apparatus	B2	28	0
5001506	utility	3/11/2018	Masks / reticles method and apparatus	B2	8	0
5001507	utility	2/12/2018	Photoresist / process method and apparatus	B2	11	0
5001508	utility	12/18/2018	Masks / reticles method and apparatus	B2	21	0
5001509	utility	3/30/2019	Exposure apparatus method and apparatus	B2	29	0
5001510	utility	4/12/2019	Alignment / registration method and apparatus	B2	10	0
5001511	utility	7/13/2019	Exposure apparatus method and apparatus	B2	26	0
5001512	utility	11/28/2019	EUV masks method and apparatus	B2	27	0
5001513	utility	4/12/2019	EUV masks method and apparatus	B2	16	0
5001514	utility	11/13/2019	Exposure apparatus method and apparatus	B2	21	0
5001515	utility	7/8/2019	Exposure apparatus method and apparatus	B2	13	0
5001516	utility	9/27/2019	Exposure apparatus method and apparatus	B2	21	0
5001517	utility	9/11/2019	Alignment / registration method and apparatus	B2	11	0
5001518	utility	5/17/2019	Exposure apparatus method and apparatus	B2	17	0
5001519	utility	4/16/2019	Exposure apparatus method and apparatus	B2	27	0
5001520	utility	4/7/2019	Alignment / registration method and apparatus	B2	21	0
5001521	utility	5/15/2019	Exposure apparatus method and apparatus	B2	15	0
5001522	utility	12/17/2019	Exposure apparatus method and apparatus	B2	28	0
5001523	utility	6/15/2019	Exposure; illumination method and apparatus	B2	30	0
5001524	utility	12/29/2019	Alignment / registration method and apparatus	B2	21	0
5001525	utility	10/13/2019	Exposure apparatus method and apparatus	B2	9	0
5001526	utility	7/1/2019	Exposure; illumination method and apparatus	B2	27	0
5001527	utility	9/16/2019	Exposure apparatus method and apparatus	B2	27	0
5001528	utility	3/9/2019	Exposure; illumination method and apparatus	B2	25	0
5001529	utility	9/15/2019	Exposure apparatus method and apparatus	B2	23	0
5001530	utility	6/12/2019	Exposure apparatus method and apparatus	B2	30	0
5001531	utility	6/10/2019	Exposure apparatus method and apparatus	B2	9	0
5001532	utility	5/24/2019	Resist coating method and apparatus	B2	19	0
5001533	utility	5/15/2019	Resist coating method and apparatus	B2	27	0
5001534	utility	8/12/2019	Exposure; illumination method and apparatus	B2	13	0
5001535	utility	3/19/2019	Exposure; illumination method and apparatus	B2	25	0
5001536	utility	8/14/2019	Exposure; illumination method and apparatus	B2	9	0
5001537	utility	1/19/2019	Exposure apparatus method and apparatus	B2	23	0
5001538	utility	3/1/2019	Exposure apparatus method and apparatus	B2	23	0
5001539	utility	10/15/2019	Resist coating method and apparatus	B2	23	0
5001540	utility	3/17/2019	Resist coating method and apparatus	B2	11	0
5001541	utility	4/3/2019	Resist coating method and apparatus	B2	13	0
5001542	utility	12/6/2019	Exposure; illumination method and apparatus	B2	26	0
5001543	utility	10/20/2019	Exposure; illumination method and apparatus	B2	13	0
5001544	utility	9/13/2019	Exposure apparatus method and apparatus	B2	29	0
5001545	utility	12/15/2019	Exposure apparatus method and apparatus	B2	29	0
5001546	utility	2/24/2019	Exposure; illumination method and apparatus	B2	18	0
5001547	utility	12/29/2019	Exposure apparatus method and apparatus	B2	29	0
5001548	utility	11/1/2019	Resist coating method and apparatus	B2	29	0
5001549	utility	8/20/2019	Exposure; illumination method and apparatus	B2	18	0
5001550	utility	1/25/2019	Exposure apparatus method and apparatus	B2	28	0
5001551	utility	10/8/2019	Exposure; illumination method and apparatus	B2	27	0
5001552	utility	5/3/2019	Exposure apparatus method and apparatus	B2	20	0
5001553	utility	7/26/2019	Exposure apparatus method and apparatus	B2	17	0
5001554	utility	6/2/2019	Exposure apparatus method and apparatus	B2	23	0
5001555	utility	6/8/2019	Alignment / registration method and apparatus	B2	29	0
5001556	utility	7/8/2019	Exposure; illumination method and apparatus	B2	24	0
5001557	utility	9/1/2019	Alignment / registration method and apparatus	B2	16	0
5001558	utility	8/5/2019	Exposure apparatus method and apparatus	B2	19	0
5001559	utility	2/17/2019	Exposure; illumination method and apparatus	B2	9	0
5001560	utility	11/28/2019	Exposure; illumination method and apparatus	B2	29	0
5001561	utility	11/28/2019	Exposure; illumination method and apparatus	B2	24	0
5001562	utility	9/2/2019	Exposure apparatus method and apparatus	B2	17	0
5001563	utility	6/3/2019	Exposure; illumination method and apparatus	B2	15	0
5001564	utility	10/10/2019	Exposure; illumination method and apparatus	B2	10	0
5001565	utility	8/6/2019	Exposure apparatus method and apparatus	B2	21	0
5001566	utility	5/10/2019	Exposure; illumination method and apparatus	B2	19	0
5001567	utility	1/9/2019	Exposure; illumination method and apparatus	B2	11	0
5001568	utility	4/4/2019	Exposure apparatus method and apparatus	B2	20	0
5001569	utility	6/2/2019	Alignment / registration method and apparatus	B2	18	0
5001570	utility	8/19/2019	Exposure; illumination method and apparatus	B2	27	0
5001571	utility	4/6/2019	Alignment / registration method and apparatus	B2	14	0
5001572	utility	5/13/2019	Alignment / registration method and apparatus	B2	29	0
5001573	utility	7/22/2019	Exposure apparatus method and apparatus	B2	11	0
5001574	utility	12/21/2019	Exposure apparatus method and apparatus	B2	20	0
5001575	utility	9/7/2019	Exposure; illumination method and apparatus	B2	17	0
5001576	utility	12/11/2019	Exposure apparatus method and apparatus	B2	30	0
5001577	utility	3/11/2019	Exposure apparatus method and apparatus	B2	8	0
5001578	utility	4/7/2019	Exposure; illumination method and apparatus	B2	8	0
5001579	utility	5/4/2019	Exposure apparatus method and apparatus	B2	21	0
5001580	utility	6/4/2019	Exposure apparatus method and apparatus	B2	22	0
5001581	utility	3/27/2019	Exposure apparatus method and apparatus	B2	12	0
5001582	utility	8/30/2019	Exposure; illumination method and apparatus	B2	8	0
5001583	utility	5/31/2019	Exposure apparatus method and apparatus	B2	26	0
5001584	utility	1/5/2019	Exposure apparatus method and apparatus	B2	11	0
5001585	utility	8/1/2019	Exposure apparatus method and apparatus	B2	23	0
5001586	utility	5/29/2019	Exposure; illumination method and apparatus	B2	9	0
5001587	utility	11/10/2019	Exposure apparatus method and apparatus	B2	29	0
5001588	utility	2/1/2019	Exposure apparatus method and apparatus	B2	24	0
5001589	utility	2/2/2019	Exposure apparatus method and apparatus	B2	16	0
5001590	utility	11/27/2019	Photoresist / process method and apparatus	B2	19	0
5001591	utility	5/28/2019	Masks / reticles method and apparatus	B2	14	0
5001592	utility	4/23/2019	Masks / reticles method and apparatus	B2	26	0
5001593	utility	12/3/2019	Alignment / registration method and apparatus	B2	22	0
5001594	utility	7/19/2019	Photoresist / process method and apparatus	B2	21	0
5001595	utility	7/4/2019	Photoresist / process method and apparatus	B2	23	0
5001596	utility	5/25/2019	Photoresist / process method and apparatus	B2	30	0
5001597	utility	3/30/2019	EUV masks method and apparatus	B2	14	0
5001598	utility	8/1/2019	Masks / reticles method and apparatus	B2	23	0
5001599	utility	1/10/2019	EUV masks method and apparatus	B2	19	0
5001600	utility	3/31/2019	Photoresist / process method and apparatus	B2	24	0
5001601	utility	2/28/2019	EUV masks method and apparatus	B2	27	0
5001602	utility	5/13/2019	Masks / reticles method and apparatus	B2	18	0
5001603	utility	10/13/2019	Photoresist / process method and apparatus	B2	16	0
5001604	utility	11/6/2019	Photoresist / process method and apparatus	B2	29	0
5001605	utility	8/13/2019	Photoresist / process method and apparatus	B2	22	0
5001606	utility	11/9/2019	Photoresist / process method and apparatus	B2	27	0
5001607	utility	1/22/2019	Photoresist / process method and apparatus	B2	24	0
5001608	utility	4/16/2019	Masks / reticles method and apparatus	B2	19	0
5001609	utility	9/17/2019	Photoresist / process method and apparatus	B2	23	0
5001610	utility	3/4/2019	Alignment / registration method and apparatus	B2	14	0
5001611	utility	1/4/2019	Alignment / registration method and apparatus	B2	15	0
5001612	utility	9/16/2019	EUV masks method and apparatus	B2	13	0
5001613	utility	8/1/2019	Alignment / registration method and apparatus	B2	19	0
5001614	utility	9/29/2019	EUV masks method and apparatus	B2	21	0
5001615	utility	7/31/2019	Alignment / registration method and apparatus	B2	21	0
5001616	utility	8/15/2019	Alignment / registration method and apparatus	B2	12	0
5001617	utility	6/11/2019	EUV masks method and apparatus	B2	20	0
5001618	utility	7/21/2019	Photoresist / process method and apparatus	B2	9	0
5001619	utility	1/30/2019	Alignment / registration method and apparatus	B2	28	0
5001620	utility	12/15/2019	EUV masks method and apparatus	B2	30	0
5001621	utility	6/10/2019	Alignment / registration method and apparatus	B2	19	0
5001622	utility	11/9/2019	Photoresist / process method and apparatus	B2	12	0
5001623	utility	10/6/2019	Photoresist / process method and apparatus	B2	27	0
5001624	utility	11/29/2019	Photoresist / process method and apparatus	B2	20	0
5001625	utility	10/3/2019	Resist coating method and apparatus	B2	18	0
5001626	utility	10/4/2019	Resist coating method and apparatus	B2	17	0
5001627	utility	11/22/2019	Resist coating method and apparatus	B2	13	0
5001628	utility	6/5/2019	Resist coating method and apparatus	B2	21	0
5001629	utility	7/10/2019	Photoresist / process method and apparatus	B2	16	0
5001630	utility	11/30/2019	Resist coating method and apparatus	B2	11	0
5001631	utility	5/1/2019	Resist coating method and apparatus	B2	26	0
5001632	utility	5/26/2019	Resist coating method and apparatus	B2	29	0
5001633	utility	9/24/2019	Photoresist / process method and apparatus	B2	15	0
5001634	utility	7/4/2019	Photoresist / process method and apparatus	B2	22	0
5001635	utility	3/8/2019	Resist coating method and apparatus	B2	23	0
5001636	utility	9/27/2019	Resist coating method and apparatus	B2	20	0
5001637	utility	10/27/2019	Photoresist / process method and apparatus	B2	23	0
5001638	utility	9/8/2019	Photoresist / process method and apparatus	B2	21	0
5001639	utility	9/6/2019	Resist coating method and apparatus	B2	30	0
5001640	utility	8/22/2019	Photoresist / process method and apparatus	B2	23	0
5001641	utility	7/9/2019	Photoresist / process method and apparatus	B2	11	0
5001642	utility	7/9/2019	Resist coating method and apparatus	B2	26	0
5001643	utility	6/6/2019	Resist coating method and apparatus	B2	19	0
5001644	utility	3/15/2019	Resist coating method and apparatus	B2	12	0
5001645	utility	6/6/2019	Resist coating method and apparatus	B2	17	0
5001646	utility	10/8/2019	Exposure; illumination method and apparatus	B2	19	0
5001647	utility	10/21/2019	Exposure; illumination method and apparatus	B2	17	0
5001648	utility	9/1/2019	Exposure; illumination method and apparatus	B2	27	0
5001649	utility	8/24/2019	Exposure; illumination method and apparatus	B2	22	0
5001650	utility	6/16/2019	Exposure; illumination method and apparatus	B2	10	0
5001651	utility	7/22/2019	Exposure; illumination method and apparatus	B2	18	0
5001652	utility	11/27/2019	Exposure; illumination method and apparatus	B2	10	0
5001653	utility	12/29/2019	Exposure; illumination method and apparatus	B2	17	0
5001654	utility	2/13/2019	Exposure; illumination method and apparatus	B2	14	0
5001655	utility	9/15/2019	Exposure; illumination method and apparatus	B2	8	0
5001656	utility	1/10/2019	Exposure; illumination method and apparatus	B2	16	0
5001657	utility	10/24/2019	Exposure; illumination method and apparatus	B2	22	0
5001658	utility	7/25/2019	Exposure; illumination method and apparatus	B2	26	0
5001659	utility	4/3/2019	Exposure; illumination method and apparatus	B2	21	0
5001660	utility	5/12/2019	Exposure; illumination method and apparatus	B2	10	0
5001661	utility	5/27/2019	Exposure; illumination method and apparatus	B2	12	0
5001662	utility	7/28/2019	Exposure; illumination method and apparatus	B2	29	0
5001663	utility	4/3/2019	Exposure; illumination method and apparatus	B2	8	0
5001664	utility	6/13/2019	Exposure; illumination method and apparatus	B2	12	0
5001665	utility	3/3/2019	Exposure; illumination method and apparatus	B2	9	0
5001666	utility	9/10/2019	Exposure; illumination method and apparatus	B2	24	0
5001667	utility	5/18/2019	Exposure; illumination method and apparatus	B2	9	0
5001668	utility	9/5/2019	Exposure; illumination method and apparatus	B2	8	0
5001669	utility	1/10/2019	Masks / reticles method and apparatus	B2	16	0
5001670	utility	10/12/2019	Photoresist / process method and apparatus	B2	28	0
5001671	utility	8/17/2019	Photoresist / process method and apparatus	B2	10	0
5001672	utility	3/14/2019	Masks / reticles method and apparatus	B2	19	0
5001673	utility	10/3/2019	Masks / reticles method and apparatus	B2	21	0
5001674	utility	8/26/2019	Photoresist / process method and apparatus	B2	27	0
5001675	utility	9/4/2019	Photoresist / process method and apparatus	B2	16	0
5001676	utility	11/20/2019	Masks / reticles method and apparatus	B2	14	0
5001677	utility	10/1/2019	Photoresist / process method and apparatus	B2	26	0
5001678	utility	10/11/2020	Exposure apparatus method and apparatus	B2	16	0
5001679	utility	6/11/2020	Exposure; illumination method and apparatus	B2	29	0
5001680	utility	12/28/2020	EUV masks method and apparatus	B2	22	0
5001681	utility	8/23/2020	Exposure apparatus method and apparatus	B2	27	0
5001682	utility	1/2/2020	Exposure; illumination method and apparatus	B2	27	0
5001683	utility	7/30/2020	Alignment / registration method and apparatus	B2	25	0
5001684	utility	10/2/2020	Alignment / registration method and apparatus	B2	10	0
5001685	utility	12/9/2020	Exposure; illumination method and apparatus	B2	22	0
5001686	utility	7/11/2020	EUV masks method and apparatus	B2	27	0
5001687	utility	12/22/2020	Alignment / registration method and apparatus	B2	8	0
5001688	utility	8/15/2020	EUV masks method and apparatus	B2	8	0
5001689	utility	12/14/2020	Alignment / registration method and apparatus	B2	30	0
5001690	utility	11/16/2020	Alignment / registration method and apparatus	B2	17	0
5001691	utility	9/9/2020	Exposure apparatus method and apparatus	B2	19	0
5001692	utility	12/27/2020	EUV masks method and apparatus	B2	27	0
5001693	utility	11/22/2020	EUV masks method and apparatus	B2	20	0
5001694	utility	9/9/2020	Exposure; illumination method and apparatus	B2	13	0
5001695	utility	3/6/2020	Exposure apparatus method and apparatus	B2	10	0
5001696	utility	5/20/2020	EUV masks method and apparatus	B2	14	0
5001697	utility	12/20/2020	EUV masks method and apparatus	B2	29	0
5001698	utility	8/20/2020	Alignment / registration method and apparatus	B2	8	0
5001699	utility	6/14/2020	Alignment / registration method and apparatus	B2	21	0
5001700	utility	12/14/2020	Exposure apparatus method and apparatus	B2	24	0
5001701	utility	1/23/2020	Exposure; illumination method and apparatus	B2	15	0
5001702	utility	6/10/2020	Exposure; illumination method and apparatus	B2	8	0
5001703	utility	10/19/2020	Exposure apparatus method and apparatus	B2	8	0
5001704	utility	8/4/2020	Resist coating method and apparatus	B2	10	0
5001705	utility	6/8/2020	Exposure apparatus method and apparatus	B2	10	0
5001706	utility	8/9/2020	Exposure apparatus method and apparatus	B2	8	0
5001707	utility	5/8/2020	Resist coating method and apparatus	B2	15	0
5001708	utility	1/28/2020	Resist coating method and apparatus	B2	18	0
5001709	utility	11/3/2020	Resist coating method and apparatus	B2	27	0
5001710	utility	10/23/2020	Exposure; illumination method and apparatus	B2	11	0
5001711	utility	7/12/2020	Resist coating method and apparatus	B2	18	0
5001712	utility	3/6/2020	Exposure apparatus method and apparatus	B2	9	0
5001713	utility	11/8/2020	Exposure apparatus method and apparatus	B2	28	0
5001714	utility	10/13/2020	Exposure; illumination method and apparatus	B2	9	0
5001715	utility	11/12/2020	Exposure apparatus method and apparatus	B2	21	0
5001716	utility	11/15/2020	Exposure; illumination method and apparatus	B2	8	0
5001717	utility	11/13/2020	Exposure; illumination method and apparatus	B2	27	0
5001718	utility	1/14/2020	Resist coating method and apparatus	B2	22	0
5001719	utility	2/22/2020	Exposure apparatus method and apparatus	B2	8	0
5001720	utility	4/9/2020	Exposure; illumination method and apparatus	B2	26	0
5001721	utility	8/3/2020	Exposure apparatus method and apparatus	B2	23	0
5001722	utility	3/11/2020	Exposure apparatus method and apparatus	B2	9	0
5001723	utility	9/19/2020	Exposure; illumination method and apparatus	B2	28	0
5001724	utility	8/28/2020	Exposure apparatus method and apparatus	B2	17	0
5001725	utility	1/5/2020	Exposure apparatus method and apparatus	B2	24	0
5001726	utility	5/1/2020	Exposure apparatus method and apparatus	B2	24	0
5001727	utility	8/4/2020	Alignment / registration method and apparatus	B2	19	0
5001728	utility	4/13/2020	Exposure; illumination method and apparatus	B2	10	0
5001729	utility	12/20/2020	Exposure apparatus method and apparatus	B2	22	0
5001730	utility	10/16/2020	Alignment / registration method and apparatus	B2	18	0
5001731	utility	2/23/2020	Exposure apparatus method and apparatus	B2	22	0
5001732	utility	1/2/2020	Exposure apparatus method and apparatus	B2	28	0
5001733	utility	4/19/2020	Exposure apparatus method and apparatus	B2	15	0
5001734	utility	7/11/2020	Alignment / registration method and apparatus	B2	14	0
5001735	utility	2/7/2020	Exposure apparatus method and apparatus	B2	19	0
5001736	utility	8/13/2020	Exposure apparatus method and apparatus	B2	14	0
5001737	utility	1/16/2020	Exposure apparatus method and apparatus	B2	14	0
5001738	utility	5/14/2020	Exposure apparatus method and apparatus	B2	13	0
5001739	utility	4/10/2020	Exposure apparatus method and apparatus	B2	8	0
5001740	utility	1/11/2020	Alignment / registration method and apparatus	B2	29	0
5001741	utility	2/26/2020	Exposure; illumination method and apparatus	B2	18	0
5001742	utility	7/8/2020	Exposure apparatus method and apparatus	B2	19	0
5001743	utility	11/15/2020	Exposure; illumination method and apparatus	B2	21	0
5001744	utility	3/7/2020	Exposure apparatus method and apparatus	B2	14	0
5001745	utility	6/11/2020	Exposure; illumination method and apparatus	B2	27	0
5001746	utility	1/24/2020	Exposure apparatus method and apparatus	B2	27	0
5001747	utility	3/17/2020	Exposure apparatus method and apparatus	B2	18	0
5001748	utility	3/5/2020	Exposure; illumination method and apparatus	B2	24	0
5001749	utility	2/11/2020	Exposure apparatus method and apparatus	B2	23	0
5001750	utility	9/17/2020	Exposure apparatus method and apparatus	B2	20	0
5001751	utility	7/10/2020	Exposure; illumination method and apparatus	B2	23	0
5001752	utility	7/10/2020	Exposure apparatus method and apparatus	B2	24	0
5001753	utility	8/30/2020	Exposure; illumination method and apparatus	B2	16	0
5001754	utility	10/25/2020	Exposure; illumination method and apparatus	B2	28	0
5001755	utility	8/19/2020	Exposure; illumination method and apparatus	B2	15	0
5001756	utility	7/12/2020	Exposure apparatus method and apparatus	B2	26	0
5001757	utility	2/13/2020	Exposure apparatus method and apparatus	B2	12	0
5001758	utility	6/29/2020	Exposure apparatus method and apparatus	B2	15	0
5001759	utility	6/21/2020	Exposure apparatus method and apparatus	B2	21	0
5001760	utility	7/14/2020	EUV masks method and apparatus	B2	8	0
5001761	utility	2/8/2020	Masks / reticles method and apparatus	B2	19	0
5001762	utility	9/19/2020	Photoresist / process method and apparatus	B2	25	0
5001763	utility	2/20/2020	Alignment / registration method and apparatus	B2	11	0
5001764	utility	6/19/2020	EUV masks method and apparatus	B2	14	0
5001765	utility	12/15/2020	Masks / reticles method and apparatus	B2	16	0
5001766	utility	10/5/2020	Photoresist / process method and apparatus	B2	16	0
5001767	utility	6/26/2020	Masks / reticles method and apparatus	B2	20	0
5001768	utility	1/7/2020	Photoresist / process method and apparatus	B2	23	0
5001769	utility	4/26/2020	Photoresist / process method and apparatus	B2	15	0
5001770	utility	9/21/2020	EUV masks method and apparatus	B2	26	0
5001771	utility	8/24/2020	Photoresist / process method and apparatus	B2	18	0
5001772	utility	8/7/2020	Photoresist / process method and apparatus	B2	30	0
5001773	utility	10/12/2020	EUV masks method and apparatus	B2	8	0
5001774	utility	6/5/2020	Photoresist / process method and apparatus	B2	8	0
5001775	utility	6/22/2020	Photoresist / process method and apparatus	B2	15	0
5001776	utility	12/19/2020	Photoresist / process method and apparatus	B2	25	0
5001777	utility	1/17/2020	Masks / reticles method and apparatus	B2	12	0
5001778	utility	11/4/2020	EUV masks method and apparatus	B2	27	0
5001779	utility	4/14/2020	Photoresist / process method and apparatus	B2	20	0
5001780	utility	8/19/2020	Photoresist / process method and apparatus	B2	28	0
5001781	utility	12/11/2020	EUV masks method and apparatus	B2	25	0
5001782	utility	4/11/2020	EUV masks method and apparatus	B2	10	0
5001783	utility	4/29/2020	EUV masks method and apparatus	B2	17	0
5001784	utility	7/7/2020	Photoresist / process method and apparatus	B2	24	0
5001785	utility	7/29/2020	Alignment / registration method and apparatus	B2	20	0
5001786	utility	8/2/2020	EUV masks method and apparatus	B2	23	0
5001787	utility	4/15/2020	Alignment / registration method and apparatus	B2	12	0
5001788	utility	12/29/2020	Photoresist / process method and apparatus	B2	29	0
5001789	utility	9/14/2020	Photoresist / process method and apparatus	B2	30	0
5001790	utility	3/14/2020	EUV masks method and apparatus	B2	22	0
5001791	utility	5/6/2020	Photoresist / process method and apparatus	B2	24	0
5001792	utility	10/21/2020	Resist coating method and apparatus	B2	9	0
5001793	utility	8/21/2020	Photoresist / process method and apparatus	B2	19	0
5001794	utility	3/30/2020	Resist coating method and apparatus	B2	21	0
5001795	utility	12/3/2020	Resist coating method and apparatus	B2	13	0
5001796	utility	1/23/2020	Resist coating method and apparatus	B2	15	0
5001797	utility	11/17/2020	Resist coating method and apparatus	B2	25	0
5001798	utility	4/21/2020	Photoresist / process method and apparatus	B2	23	0
5001799	utility	2/9/2020	Photoresist / process method and apparatus	B2	11	0
5001800	utility	3/25/2020	Resist coating method and apparatus	B2	16	0
5001801	utility	2/7/2020	Resist coating method and apparatus	B2	28	0
5001802	utility	7/23/2020	Resist coating method and apparatus	B2	14	0
5001803	utility	12/9/2020	Resist coating method and apparatus	B2	22	0
5001804	utility	12/2/2020	Resist coating method and apparatus	B2	15	0
5001805	utility	5/22/2020	Resist coating method and apparatus	B2	13	0
5001806	utility	3/31/2020	Photoresist / process method and apparatus	B2	17	0
5001807	utility	12/9/2020	Resist coating method and apparatus	B2	8	0
5001808	utility	4/1/2020	Resist coating method and apparatus	B2	14	0
5001809	utility	1/25/2020	Resist coating method and apparatus	B2	28	0
5001810	utility	6/6/2020	Resist coating method and apparatus	B2	22	0
5001811	utility	7/12/2020	Resist coating method and apparatus	B2	14	0
5001812	utility	4/12/2020	Photoresist / process method and apparatus	B2	10	0
5001813	utility	6/21/2020	Photoresist / process method and apparatus	B2	14	0
5001814	utility	2/19/2020	Exposure; illumination method and apparatus	B2	29	0
5001815	utility	9/19/2020	Exposure; illumination method and apparatus	B2	11	0
5001816	utility	4/7/2020	Exposure; illumination method and apparatus	B2	27	0
5001817	utility	3/2/2020	Exposure; illumination method and apparatus	B2	15	0
5001818	utility	1/8/2020	Exposure; illumination method and apparatus	B2	20	0
5001819	utility	8/22/2020	Exposure; illumination method and apparatus	B2	15	0
5001820	utility	7/7/2020	Exposure; illumination method and apparatus	B2	9	0
5001821	utility	11/2/2020	Exposure; illumination method and apparatus	B2	23	0
5001822	utility	10/18/2020	Exposure; illumination method and apparatus	B2	13	0
5001823	utility	11/19/2020	Exposure; illumination method and apparatus	B2	30	0
5001824	utility	11/21/2020	Exposure; illumination method and apparatus	B2	30	0
5001825	utility	1/10/2020	Exposure; illumination method and apparatus	B2	27	0
5001826	utility	11/23/2020	Exposure; illumination method and apparatus	B2	15	0
5001827	utility	11/11/2020	Exposure; illumination method and apparatus	B2	11	0
5001828	utility	11/13/2020	Exposure; illumination method and apparatus	B2	10	0
5001829	utility	11/24/2020	Exposure; illumination method and apparatus	B2	9	0
5001830	utility	8/15/2020	Exposure; illumination method and apparatus	B2	18	0
5001831	utility	1/21/2020	Exposure; illumination method and apparatus	B2	24	0
5001832	utility	5/27/2020	Exposure; illumination method and apparatus	B2	8	0
5001833	utility	5/4/2020	Exposure; illumination method and apparatus	B2	14	0
5001834	utility	12/17/2020	Exposure; illumination method and apparatus	B2	30	0
5001835	utility	9/23/2020	Exposure; illumination method and apparatus	B2	18	0
5001836	utility	9/8/2020	Exposure; illumination method and apparatus	B2	10	0
5001837	utility	3/13/2020	Exposure; illumination method and apparatus	B2	14	0
5001838	utility	4/14/2020	Photoresist / process method and apparatus	B2	15	0
5001839	utility	6/8/2020	Masks / reticles method and apparatus	B2	13	0
5001840	utility	11/6/2020	Photoresist / process method and apparatus	B2	15	0
5001841	utility	4/13/2020	Masks / reticles method and apparatus	B2	16	0
5001842	utility	7/3/2020	Photoresist / process method and apparatus	B2	20	0
5001843	utility	9/15/2020	Photoresist / process method and apparatus	B2	27	0
5001844	utility	9/3/2020	Masks / reticles method and apparatus	B2	8	0
5001845	utility	6/2/2020	Masks / reticles method and apparatus	B2	27	0
5001846	utility	8/25/2020	Photoresist / process method and apparatus	B2	17	0
5001847	utility	9/3/2020	Photoresist / process method and apparatus	B2	10	0
5001848	utility	4/7/2020	Photoresist / process method and apparatus	B2	8	0
5001849	utility	7/11/2021	EUV masks method and apparatus	B2	20	0
5001850	utility	1/20/2021	Exposure; illumination method and apparatus	B2	11	0
5001851	utility	8/12/2021	Exposure apparatus method and apparatus	B2	16	0
5001852	utility	9/8/2021	Exposure; illumination method and apparatus	B2	28	0
5001853	utility	8/6/2021	Exposure; illumination method and apparatus	B2	15	0
5001854	utility	7/5/2021	EUV masks method and apparatus	B2	28	0
5001855	utility	11/27/2021	Alignment / registration method and apparatus	B2	12	0
5001856	utility	3/17/2021	EUV masks method and apparatus	B2	16	0
5001857	utility	2/17/2021	Exposure apparatus method and apparatus	B2	28	0
5001858	utility	10/28/2021	Exposure apparatus method and apparatus	B2	10	0
5001859	utility	3/26/2021	EUV masks method and apparatus	B2	21	0
5001860	utility	9/30/2021	Exposure; illumination method and apparatus	B2	29	0
5001861	utility	2/15/2021	Alignment / registration method and apparatus	B2	11	0
5001862	utility	5/18/2021	Alignment / registration method and apparatus	B2	14	0
5001863	utility	1/4/2021	Alignment / registration method and apparatus	B2	13	0
5001864	utility	12/23/2021	Exposure apparatus method and apparatus	B2	21	0
5001865	utility	3/29/2021	Alignment / registration method and apparatus	B2	13	0
5001866	utility	4/4/2021	Exposure apparatus method and apparatus	B2	24	0
5001867	utility	4/19/2021	Exposure; illumination method and apparatus	B2	13	0
5001868	utility	4/9/2021	Resist coating method and apparatus	B2	16	0
5001869	utility	11/16/2021	Exposure apparatus method and apparatus	B2	11	0
5001870	utility	2/13/2021	Exposure apparatus method and apparatus	B2	20	0
5001871	utility	10/27/2021	Exposure apparatus method and apparatus	B2	15	0
5001872	utility	1/5/2021	Exposure; illumination method and apparatus	B2	9	0
5001873	utility	1/22/2021	Exposure; illumination method and apparatus	B2	11	0
5001874	utility	9/24/2021	Exposure apparatus method and apparatus	B2	16	0
5001875	utility	11/6/2021	Exposure; illumination method and apparatus	B2	21	0
5001876	utility	6/11/2021	Resist coating method and apparatus	B2	15	0
5001877	utility	11/9/2021	Exposure apparatus method and apparatus	B2	9	0
5001878	utility	1/2/2021	Resist coating method and apparatus	B2	22	0
5001879	utility	3/13/2021	Exposure; illumination method and apparatus	B2	8	0
5001880	utility	12/25/2021	Exposure apparatus method and apparatus	B2	15	0
5001881	utility	9/1/2021	Exposure; illumination method and apparatus	B2	24	0
5001882	utility	11/23/2021	Exposure apparatus method and apparatus	B2	18	0
5001883	utility	6/16/2021	Resist coating method and apparatus	B2	29	0
5001884	utility	11/10/2021	Exposure apparatus method and apparatus	B2	10	0
5001885	utility	12/25/2021	Resist coating method and apparatus	B2	11	0
5001886	utility	12/31/2021	Exposure; illumination method and apparatus	B2	12	0
5001887	utility	9/16/2021	Exposure; illumination method and apparatus	B2	9	0
5001888	utility	12/11/2021	Exposure apparatus method and apparatus	B2	25	0
5001889	utility	8/17/2021	Exposure apparatus method and apparatus	B2	11	0
5001890	utility	4/19/2021	Exposure apparatus method and apparatus	B2	13	0
5001891	utility	1/15/2021	Alignment / registration method and apparatus	B2	13	0
5001892	utility	5/24/2021	Alignment / registration method and apparatus	B2	15	0
5001893	utility	12/10/2021	Exposure apparatus method and apparatus	B2	11	0
5001894	utility	9/9/2021	Exposure; illumination method and apparatus	B2	10	0
5001895	utility	10/22/2021	Alignment / registration method and apparatus	B2	27	0
5001896	utility	7/15/2021	Exposure apparatus method and apparatus	B2	28	0
5001897	utility	8/12/2021	Alignment / registration method and apparatus	B2	15	0
5001898	utility	2/27/2021	Exposure apparatus method and apparatus	B2	10	0
5001899	utility	3/1/2021	Alignment / registration method and apparatus	B2	26	0
5001900	utility	10/23/2021	Alignment / registration method and apparatus	B2	8	0
5001901	utility	7/18/2021	Exposure; illumination method and apparatus	B2	21	0
5001902	utility	3/6/2021	Exposure; illumination method and apparatus	B2	24	0
5001903	utility	7/22/2021	Exposure apparatus method and apparatus	B2	8	0
5001904	utility	6/1/2021	Exposure apparatus method and apparatus	B2	15	0
5001905	utility	5/26/2021	Exposure apparatus method and apparatus	B2	12	0
5001906	utility	6/13/2021	Exposure apparatus method and apparatus	B2	17	0
5001907	utility	12/28/2021	Exposure apparatus method and apparatus	B2	26	0
5001908	utility	12/27/2021	Exposure apparatus method and apparatus	B2	20	0
5001909	utility	4/18/2021	Exposure apparatus method and apparatus	B2	15	0
5001910	utility	4/2/2021	Alignment / registration method and apparatus	B2	23	0
5001911	utility	12/4/2021	Alignment / registration method and apparatus	B2	13	0
5001912	utility	8/5/2021	Exposure apparatus method and apparatus	B2	29	0
5001913	utility	7/20/2021	Exposure; illumination method and apparatus	B2	10	0
5001914	utility	4/10/2021	Exposure apparatus method and apparatus	B2	30	0
5001915	utility	6/15/2021	Exposure apparatus method and apparatus	B2	26	0
5001916	utility	12/30/2021	Exposure; illumination method and apparatus	B2	17	0
5001917	utility	8/15/2021	Exposure; illumination method and apparatus	B2	30	0
5001918	utility	4/11/2021	Exposure apparatus method and apparatus	B2	28	0
5001919	utility	2/22/2021	Exposure; illumination method and apparatus	B2	29	0
5001920	utility	8/7/2021	Exposure apparatus method and apparatus	B2	29	0
5001921	utility	8/31/2021	Exposure apparatus method and apparatus	B2	13	0
5001922	utility	11/29/2021	Exposure; illumination method and apparatus	B2	18	0
5001923	utility	7/26/2021	Exposure; illumination method and apparatus	B2	15	0
5001924	utility	6/4/2021	Exposure apparatus method and apparatus	B2	30	0
5001925	utility	7/12/2021	Exposure; illumination method and apparatus	B2	30	0
5001926	utility	8/26/2021	Exposure; illumination method and apparatus	B2	28	0
5001927	utility	7/8/2021	Exposure; illumination method and apparatus	B2	8	0
5001928	utility	11/25/2021	Exposure apparatus method and apparatus	B2	29	0
5001929	utility	10/21/2021	Exposure apparatus method and apparatus	B2	26	0
5001930	utility	10/31/2021	Exposure; illumination method and apparatus	B2	13	0
5001931	utility	6/2/2021	Exposure; illumination method and apparatus	B2	26	0
5001932	utility	4/5/2021	Photoresist / process method and apparatus	B2	20	0
5001933	utility	10/2/2021	EUV masks method and apparatus	B2	24	0
5001934	utility	10/3/2021	Photoresist / process method and apparatus	B2	30	0
5001935	utility	4/17/2021	Masks / reticles method and apparatus	B2	29	0
5001936	utility	12/22/2021	Alignment / registration method and apparatus	B2	13	0
5001937	utility	3/4/2021	Photoresist / process method and apparatus	B2	9	0
5001938	utility	2/14/2021	Photoresist / process method and apparatus	B2	25	0
5001939	utility	3/5/2021	Masks / reticles method and apparatus	B2	24	0
5001940	utility	12/3/2021	Masks / reticles method and apparatus	B2	8	0
5001941	utility	9/23/2021	Alignment / registration method and apparatus	B2	17	0
5001942	utility	9/9/2021	Masks / reticles method and apparatus	B2	30	0
5001943	utility	9/19/2021	EUV masks method and apparatus	B2	14	0
5001944	utility	5/2/2021	Photoresist / process method and apparatus	B2	9	0
5001945	utility	4/21/2021	Alignment / registration method and apparatus	B2	12	0
5001946	utility	5/23/2021	EUV masks method and apparatus	B2	12	0
5001947	utility	5/11/2021	Masks / reticles method and apparatus	B2	16	0
5001948	utility	2/12/2021	EUV masks method and apparatus	B2	16	0
5001949	utility	4/15/2021	Masks / reticles method and apparatus	B2	10	0
5001950	utility	12/23/2021	Photoresist / process method and apparatus	B2	28	0
5001951	utility	11/28/2021	EUV masks method and apparatus	B2	24	0
5001952	utility	6/11/2021	Photoresist / process method and apparatus	B2	21	0
5001953	utility	5/19/2021	Masks / reticles method and apparatus	B2	11	0
5001954	utility	2/3/2021	EUV masks method and apparatus	B2	18	0
5001955	utility	5/20/2021	Photoresist / process method and apparatus	B2	12	0
5001956	utility	2/20/2021	Masks / reticles method and apparatus	B2	20	0
5001957	utility	2/23/2021	EUV masks method and apparatus	B2	11	0
5001958	utility	10/29/2021	Photoresist / process method and apparatus	B2	23	0
5001959	utility	5/25/2021	Photoresist / process method and apparatus	B2	25	0
5001960	utility	3/29/2021	Photoresist / process method and apparatus	B2	18	0
5001961	utility	12/14/2021	Masks / reticles method and apparatus	B2	25	0
5001962	utility	3/7/2021	EUV masks method and apparatus	B2	16	0
5001963	utility	10/18/2021	EUV masks method and apparatus	B2	16	0
5001964	utility	5/8/2021	Photoresist / process method and apparatus	B2	29	0
5001965	utility	7/1/2021	EUV masks method and apparatus	B2	22	0
5001966	utility	9/24/2021	Alignment / registration method and apparatus	B2	30	0
5001967	utility	2/14/2021	EUV masks method and apparatus	B2	17	0
5001968	utility	11/21/2021	Alignment / registration method and apparatus	B2	10	0
5001969	utility	3/26/2021	Alignment / registration method and apparatus	B2	26	0
5001970	utility	9/10/2021	Photoresist / process method and apparatus	B2	8	0
5001971	utility	3/11/2021	Photoresist / process method and apparatus	B2	23	0
5001972	utility	11/12/2021	EUV masks method and apparatus	B2	14	0
5001973	utility	12/26/2021	Photoresist / process method and apparatus	B2	25	0
5001974	utility	12/5/2021	Photoresist / process method and apparatus	B2	24	0
5001975	utility	3/28/2021	Photoresist / process method and apparatus	B2	29	0
5001976	utility	7/7/2021	Resist coating method and apparatus	B2	12	0
5001977	utility	7/14/2021	Resist coating method and apparatus	B2	13	0
5001978	utility	12/14/2021	Resist coating method and apparatus	B2	15	0
5001979	utility	9/5/2021	Resist coating method and apparatus	B2	17	0
5001980	utility	6/6/2021	Resist coating method and apparatus	B2	28	0
5001981	utility	11/13/2021	Photoresist / process method and apparatus	B2	23	0
5001982	utility	6/18/2021	Photoresist / process method and apparatus	B2	17	0
5001983	utility	4/6/2021	Resist coating method and apparatus	B2	20	0
5001984	utility	4/12/2021	Resist coating method and apparatus	B2	10	0
5001985	utility	9/7/2021	Resist coating method and apparatus	B2	8	0
5001986	utility	7/22/2021	Resist coating method and apparatus	B2	19	0
5001987	utility	10/2/2021	Photoresist / process method and apparatus	B2	16	0
5001988	utility	8/13/2021	Photoresist / process method and apparatus	B2	13	0
5001989	utility	12/30/2021	Resist coating method and apparatus	B2	14	0
5001990	utility	7/22/2021	Resist coating method and apparatus	B2	21	0
5001991	utility	4/12/2021	Exposure; illumination method and apparatus	B2	23	0
5001992	utility	9/8/2021	Exposure; illumination method and apparatus	B2	25	0
5001993	utility	7/24/2021	Exposure; illumination method and apparatus	B2	24	0
5001994	utility	2/25/2021	Exposure; illumination method and apparatus	B2	8	0
5001995	utility	12/17/2021	Exposure; illumination method and apparatus	B2	15	0
5001996	utility	11/2/2021	Exposure; illumination method and apparatus	B2	8	0
5001997	utility	2/12/2021	Exposure; illumination method and apparatus	B2	21	0
5001998	utility	2/28/2021	Exposure; illumination method and apparatus	B2	16	0
5001999	utility	8/8/2021	Exposure; illumination method and apparatus	B2	14	0
5002000	utility	9/15/2021	Exposure; illumination method and apparatus	B2	27	0
5002001	utility	3/18/2021	Exposure; illumination method and apparatus	B2	15	0
5002002	utility	4/9/2021	Exposure; illumination method and apparatus	B2	12	0
5002003	utility	1/27/2021	Exposure; illumination method and apparatus	B2	20	0
5002004	utility	4/29/2021	Exposure; illumination method and apparatus	B2	15	0
5002005	utility	8/7/2021	Exposure; illumination method and apparatus	B2	28	0
5002006	utility	5/24/2021	Exposure; illumination method and apparatus	B2	19	0
5002007	utility	1/25/2021	Exposure; illumination method and apparatus	B2	13	0
5002008	utility	6/14/2021	Exposure; illumination method and apparatus	B2	14	0
5002009	utility	2/21/2021	Masks / reticles method and apparatus	B2	21	0
5002010	utility	6/5/2021	Photoresist / process method and apparatus	B2	11	0
5002011	utility	3/8/2021	Masks / reticles method and apparatus	B2	18	0
5002012	utility	10/29/2021	Masks / reticles method and apparatus	B2	24	0
5002013	utility	4/18/2021	Masks / reticles method and apparatus	B2	26	0
5002014	utility	11/5/2021	Photoresist / process method and apparatus	B2	11	0
5002015	utility	8/17/2021	Photoresist / process method and apparatus	B2	11	0
5002016	utility	8/31/2021	Photoresist / process method and apparatus	B2	14	0
5002017	utility	4/9/2021	Photoresist / process method and apparatus	B2	21	0
5002018	utility	10/14/2022	Alignment / registration method and apparatus	B2	19	0
5002019	utility	3/2/2022	Exposure; illumination method and apparatus	B2	21	0
5002020	utility	9/15/2022	Exposure; illumination method and apparatus	B2	8	0
5002021	utility	3/8/2022	Alignment / registration method and apparatus	B2	17	0
5002022	utility	12/22/2022	Alignment / registration method and apparatus	B2	14	0
5002023	utility	9/30/2022	Exposure; illumination method and apparatus	B2	24	0
5002024	utility	9/18/2022	Exposure; illumination method and apparatus	B2	20	0
5002025	utility	5/20/2022	Exposure; illumination method and apparatus	B2	14	0
5002026	utility	10/31/2022	Exposure; illumination method and apparatus	B2	30	0
5002027	utility	9/26/2022	Exposure; illumination method and apparatus	B2	16	0
5002028	utility	5/18/2022	Exposure apparatus method and apparatus	B2	25	0
5002029	utility	5/2/2022	Exposure apparatus method and apparatus	B2	17	0
5002030	utility	5/23/2022	EUV masks method and apparatus	B2	12	0
5002031	utility	5/8/2022	Exposure; illumination method and apparatus	B2	14	0
5002032	utility	11/20/2022	Exposure; illumination method and apparatus	B2	27	0
5002033	utility	12/28/2022	Exposure apparatus method and apparatus	B2	25	0
5002034	utility	11/10/2022	Exposure; illumination method and apparatus	B2	17	0
5002035	utility	1/6/2022	Exposure; illumination method and apparatus	B2	19	0
5002036	utility	1/9/2022	Exposure apparatus method and apparatus	B2	25	0
5002037	utility	12/19/2022	Alignment / registration method and apparatus	B2	20	0
5002038	utility	11/21/2022	EUV masks method and apparatus	B2	27	0
5002039	utility	5/18/2022	Exposure apparatus method and apparatus	B2	14	0
5002040	utility	4/29/2022	Exposure apparatus method and apparatus	B2	21	0
5002041	utility	4/3/2022	Exposure apparatus method and apparatus	B2	22	0
5002042	utility	9/9/2022	Exposure apparatus method and apparatus	B2	13	0
5002043	utility	4/1/2022	Exposure apparatus method and apparatus	B2	20	0
5002044	utility	2/6/2022	Exposure apparatus method and apparatus	B2	21	0
5002045	utility	9/27/2022	Exposure apparatus method and apparatus	B2	12	0
5002046	utility	7/13/2022	Exposure; illumination method and apparatus	B2	20	0
5002047	utility	11/26/2022	Alignment / registration method and apparatus	B2	9	0
5002048	utility	11/18/2022	Exposure apparatus method and apparatus	B2	27	0
5002049	utility	2/24/2022	Resist coating method and apparatus	B2	25	0
5002050	utility	2/13/2022	Resist coating method and apparatus	B2	14	0
5002051	utility	3/25/2022	Resist coating method and apparatus	B2	17	0
5002052	utility	10/6/2022	Exposure apparatus method and apparatus	B2	30	0
5002053	utility	1/23/2022	Exposure apparatus method and apparatus	B2	11	0
5002054	utility	8/1/2022	Exposure; illumination method and apparatus	B2	12	0
5002055	utility	8/7/2022	Exposure apparatus method and apparatus	B2	20	0
5002056	utility	12/17/2022	Exposure apparatus method and apparatus	B2	20	0
5002057	utility	2/27/2022	Resist coating method and apparatus	B2	23	0
5002058	utility	5/25/2022	Exposure apparatus method and apparatus	B2	19	0
5002059	utility	2/13/2022	Exposure apparatus method and apparatus	B2	9	0
5002060	utility	6/21/2022	Exposure apparatus method and apparatus	B2	27	0
5002061	utility	12/8/2022	Exposure apparatus method and apparatus	B2	29	0
5002062	utility	2/23/2022	Exposure apparatus method and apparatus	B2	16	0
5002063	utility	5/16/2022	Exposure apparatus method and apparatus	B2	30	0
5002064	utility	3/18/2022	Resist coating method and apparatus	B2	28	0
5002065	utility	9/2/2022	Exposure apparatus method and apparatus	B2	10	0
5002066	utility	5/23/2022	Resist coating method and apparatus	B2	12	0
5002067	utility	7/17/2022	Exposure apparatus method and apparatus	B2	19	0
5002068	utility	7/31/2022	Exposure apparatus method and apparatus	B2	27	0
5002069	utility	12/1/2022	Exposure apparatus method and apparatus	B2	15	0
5002070	utility	4/28/2022	Exposure; illumination method and apparatus	B2	20	0
5002071	utility	10/23/2022	Exposure apparatus method and apparatus	B2	30	0
5002072	utility	5/1/2022	Exposure; illumination method and apparatus	B2	19	0
5002073	utility	8/31/2022	Exposure apparatus method and apparatus	B2	12	0
5002074	utility	7/4/2022	Alignment / registration method and apparatus	B2	12	0
5002075	utility	10/10/2022	Alignment / registration method and apparatus	B2	21	0
5002076	utility	3/12/2022	Exposure apparatus method and apparatus	B2	11	0
5002077	utility	1/14/2022	Exposure apparatus method and apparatus	B2	30	0
5002078	utility	2/24/2022	Exposure apparatus method and apparatus	B2	29	0
5002079	utility	3/22/2022	Alignment / registration method and apparatus	B2	8	0
5002080	utility	2/9/2022	Exposure apparatus method and apparatus	B2	8	0
5002081	utility	4/4/2022	Exposure apparatus method and apparatus	B2	23	0
5002082	utility	6/3/2022	Exposure; illumination method and apparatus	B2	23	0
5002083	utility	11/27/2022	Exposure apparatus method and apparatus	B2	30	0
5002084	utility	11/25/2022	Exposure apparatus method and apparatus	B2	9	0
5002085	utility	1/6/2022	Exposure; illumination method and apparatus	B2	20	0
5002086	utility	8/21/2022	Alignment / registration method and apparatus	B2	25	0
5002087	utility	9/14/2022	Alignment / registration method and apparatus	B2	17	0
5002088	utility	5/20/2022	Alignment / registration method and apparatus	B2	10	0
5002089	utility	7/25/2022	Exposure; illumination method and apparatus	B2	27	0
5002090	utility	10/14/2022	Exposure apparatus method and apparatus	B2	27	0
5002091	utility	6/10/2022	Exposure apparatus method and apparatus	B2	28	0
5002092	utility	7/10/2022	Exposure apparatus method and apparatus	B2	28	0
5002093	utility	2/9/2022	Exposure apparatus method and apparatus	B2	19	0
5002094	utility	5/25/2022	Exposure apparatus method and apparatus	B2	13	0
5002095	utility	1/6/2022	Exposure apparatus method and apparatus	B2	17	0
5002096	utility	1/17/2022	Exposure; illumination method and apparatus	B2	15	0
5002097	utility	10/16/2022	Exposure apparatus method and apparatus	B2	23	0
5002098	utility	6/8/2022	Exposure apparatus method and apparatus	B2	8	0
5002099	utility	9/14/2022	Exposure; illumination method and apparatus	B2	14	0
5002100	utility	3/8/2022	Exposure; illumination method and apparatus	B2	30	0
5002101	utility	9/15/2022	Exposure apparatus method and apparatus	B2	11	0
5002102	utility	7/15/2022	Exposure apparatus method and apparatus	B2	23	0
5002103	utility	3/19/2022	Exposure apparatus method and apparatus	B2	29	0
5002104	utility	4/29/2022	Exposure apparatus method and apparatus	B2	14	0
5002105	utility	3/24/2022	Exposure apparatus method and apparatus	B2	24	0
5002106	utility	9/25/2022	Exposure; illumination method and apparatus	B2	18	0
5002107	utility	7/4/2022	Exposure apparatus method and apparatus	B2	27	0
5002108	utility	12/31/2022	Exposure apparatus method and apparatus	B2	29	0
5002109	utility	11/7/2022	Exposure; illumination method and apparatus	B2	10	0
5002110	utility	9/12/2022	Exposure; illumination method and apparatus	B2	11	0
5002111	utility	2/14/2022	Alignment / registration method and apparatus	B2	23	0
5002112	utility	6/1/2022	Masks / reticles method and apparatus	B2	13	0
5002113	utility	2/15/2022	EUV masks method and apparatus	B2	10	0
5002114	utility	8/31/2022	Masks / reticles method and apparatus	B2	16	0
5002115	utility	3/13/2022	Photoresist / process method and apparatus	B2	11	0
5002116	utility	5/27/2022	Masks / reticles method and apparatus	B2	20	0
5002117	utility	3/8/2022	Alignment / registration method and apparatus	B2	22	0
5002118	utility	7/11/2022	Alignment / registration method and apparatus	B2	10	0
5002119	utility	12/16/2022	EUV masks method and apparatus	B2	9	0
5002120	utility	5/6/2022	Masks / reticles method and apparatus	B2	30	0
5002121	utility	2/23/2022	Masks / reticles method and apparatus	B2	17	0
5002122	utility	2/7/2022	EUV masks method and apparatus	B2	15	0
5002123	utility	6/28/2022	Photoresist / process method and apparatus	B2	22	0
5002124	utility	8/27/2022	Photoresist / process method and apparatus	B2	11	0
5002125	utility	7/23/2022	Masks / reticles method and apparatus	B2	21	0
5002126	utility	6/25/2022	Masks / reticles method and apparatus	B2	27	0
5002127	utility	2/28/2022	Photoresist / process method and apparatus	B2	16	0
5002128	utility	8/29/2022	Masks / reticles method and apparatus	B2	12	0
5002129	utility	11/4/2022	EUV masks method and apparatus	B2	20	0
5002130	utility	8/31/2022	Photoresist / process method and apparatus	B2	14	0
5002131	utility	12/17/2022	Photoresist / process method and apparatus	B2	21	0
5002132	utility	2/11/2022	EUV masks method and apparatus	B2	17	0
5002133	utility	9/26/2022	Alignment / registration method and apparatus	B2	14	0
5002134	utility	1/28/2022	EUV masks method and apparatus	B2	10	0
5002135	utility	6/2/2022	EUV masks method and apparatus	B2	13	0
5002136	utility	10/2/2022	Photoresist / process method and apparatus	B2	30	0
5002137	utility	12/21/2022	EUV masks method and apparatus	B2	26	0
5002138	utility	11/2/2022	Photoresist / process method and apparatus	B2	14	0
5002139	utility	6/12/2022	EUV masks method and apparatus	B2	8	0
5002140	utility	9/13/2022	Alignment / registration method and apparatus	B2	18	0
5002141	utility	1/2/2022	EUV masks method and apparatus	B2	22	0
5002142	utility	11/24/2022	Photoresist / process method and apparatus	B2	26	0
5002143	utility	4/7/2022	Alignment / registration method and apparatus	B2	21	0
5002144	utility	4/21/2022	Photoresist / process method and apparatus	B2	19	0
5002145	utility	10/23/2022	Photoresist / process method and apparatus	B2	8	0
5002146	utility	6/7/2022	Resist coating method and apparatus	B2	24	0
5002147	utility	11/29/2022	Photoresist / process method and apparatus	B2	22	0
5002148	utility	10/5/2022	Resist coating method and apparatus	B2	21	0
5002149	utility	4/1/2022	Resist coating method and apparatus	B2	22	0
5002150	utility	3/25/2022	Resist coating method and apparatus	B2	25	0
5002151	utility	12/19/2022	Photoresist / process method and apparatus	B2	29	0
5002152	utility	2/20/2022	Photoresist / process method and apparatus	B2	10	0
5002153	utility	1/9/2022	Resist coating method and apparatus	B2	27	0
5002154	utility	11/16/2022	Resist coating method and apparatus	B2	25	0
5002155	utility	1/17/2022	Resist coating method and apparatus	B2	29	0
5002156	utility	8/21/2022	Resist coating method and apparatus	B2	25	0
5002157	utility	8/26/2022	Resist coating method and apparatus	B2	21	0
5002158	utility	7/11/2022	Resist coating method and apparatus	B2	15	0
5002159	utility	5/16/2022	Photoresist / process method and apparatus	B2	17	0
5002160	utility	1/3/2022	Photoresist / process method and apparatus	B2	21	0
5002161	utility	7/11/2022	Resist coating method and apparatus	B2	24	0
5002162	utility	10/20/2022	Resist coating method and apparatus	B2	21	0
5002163	utility	11/26/2022	Resist coating method and apparatus	B2	20	0
5002164	utility	11/22/2022	Resist coating method and apparatus	B2	20	0
5002165	utility	6/12/2022	Resist coating method and apparatus	B2	24	0
5002166	utility	3/6/2022	Resist coating method and apparatus	B2	24	0
5002167	utility	11/18/2022	Photoresist / process method and apparatus	B2	16	0
5002168	utility	4/15/2022	Photoresist / process method and apparatus	B2	10	0
5002169	utility	10/31/2022	Resist coating method and apparatus	B2	12	0
5002170	utility	1/13/2022	Resist coating method and apparatus	B2	12	0
5002171	utility	12/1/2022	Resist coating method and apparatus	B2	15	0
5002172	utility	7/13/2022	Photoresist / process method and apparatus	B2	16	0
5002173	utility	3/15/2022	Exposure; illumination method and apparatus	B2	28	0
5002174	utility	11/2/2022	Exposure; illumination method and apparatus	B2	11	0
5002175	utility	4/3/2022	Exposure; illumination method and apparatus	B2	10	0
5002176	utility	4/17/2022	Exposure; illumination method and apparatus	B2	20	0
5002177	utility	9/7/2022	Exposure; illumination method and apparatus	B2	28	0
5002178	utility	6/10/2022	Exposure; illumination method and apparatus	B2	28	0
5002179	utility	10/18/2022	Exposure; illumination method and apparatus	B2	28	0
5002180	utility	6/25/2022	Exposure; illumination method and apparatus	B2	19	0
5002181	utility	1/3/2022	Exposure; illumination method and apparatus	B2	13	0
5002182	utility	4/9/2022	Exposure; illumination method and apparatus	B2	27	0
5002183	utility	3/20/2022	Exposure; illumination method and apparatus	B2	14	0
5002184	utility	1/16/2022	Exposure; illumination method and apparatus	B2	18	0
5002185	utility	3/6/2022	Exposure; illumination method and apparatus	B2	16	0
5002186	utility	6/28/2022	Exposure; illumination method and apparatus	B2	30	0
5002187	utility	9/11/2022	Exposure; illumination method and apparatus	B2	21	0
5002188	utility	5/9/2022	Exposure; illumination method and apparatus	B2	13	0
5002189	utility	7/21/2022	Exposure; illumination method and apparatus	B2	11	0
5002190	utility	4/16/2022	Exposure; illumination method and apparatus	B2	23	0
5002191	utility	5/20/2022	Photoresist / process method and apparatus	B2	18	0
5002192	utility	10/18/2022	Photoresist / process method and apparatus	B2	19	0
5002193	utility	1/18/2022	Photoresist / process method and apparatus	B2	24	0
5002194	utility	11/27/2022	Photoresist / process method and apparatus	B2	24	0
5002195	utility	6/15/2022	Photoresist / process method and apparatus	B2	21	0
5002196	utility	4/21/2022	Photoresist / process method and apparatus	B2	29	0
5002197	utility	3/4/2022	Masks / reticles method and apparatus	B2	8	0
5002198	utility	4/20/2022	Masks / reticles method and apparatus	B2	22	0
5002199	utility	10/15/2022	Masks / reticles method and apparatus	B2	10	0
5002200	utility	2/22/2022	Photoresist / process method and apparatus	B2	25	0
5002201	utility	11/27/2022	Photoresist / process method and apparatus	B2	21	0
5002202	utility	6/13/2022	Photoresist / process method and apparatus	B2	14	0
5002203	utility	3/5/2023	Exposure; illumination method and apparatus	B2	22	0
5002204	utility	5/2/2023	Exposure; illumination method and apparatus	B2	26	0
5002205	utility	10/22/2023	Exposure; illumination method and apparatus	B2	8	0
5002206	utility	7/26/2023	Exposure apparatus method and apparatus	B2	9	0
5002207	utility	1/9/2023	Exposure apparatus method and apparatus	B2	10	0
5002208	utility	5/21/2023	Alignment / registration method and apparatus	B2	18	0
5002209	utility	6/10/2023	Exposure apparatus method and apparatus	B2	23	0
5002210	utility	8/21/2023	Exposure apparatus method and apparatus	B2	23	0
5002211	utility	11/13/2023	Alignment / registration method and apparatus	B2	11	0
5002212	utility	3/13/2023	Alignment / registration method and apparatus	B2	11	0
5002213	utility	2/15/2023	Exposure apparatus method and apparatus	B2	14	0
5002214	utility	10/3/2023	Alignment / registration method and apparatus	B2	8	0
5002215	utility	1/23/2023	Exposure apparatus method and apparatus	B2	11	0
5002216	utility	6/18/2023	Exposure apparatus method and apparatus	B2	30	0
5002217	utility	3/29/2023	Exposure apparatus method and apparatus	B2	12	0
5002218	utility	3/17/2023	Exposure apparatus method and apparatus	B2	26	0
5002219	utility	12/9/2023	Exposure; illumination method and apparatus	B2	11	0
5002220	utility	12/5/2023	Exposure; illumination method and apparatus	B2	23	0
5002221	utility	9/5/2023	Alignment / registration method and apparatus	B2	15	0
5002222	utility	6/30/2023	Exposure; illumination method and apparatus	B2	25	0
5002223	utility	4/16/2023	Exposure; illumination method and apparatus	B2	30	0
5002224	utility	1/7/2023	Exposure apparatus method and apparatus	B2	29	0
5002225	utility	2/23/2023	Exposure apparatus method and apparatus	B2	18	0
5002226	utility	9/21/2023	Exposure; illumination method and apparatus	B2	18	0
5002227	utility	12/2/2023	Exposure; illumination method and apparatus	B2	12	0
5002228	utility	4/23/2023	Resist coating method and apparatus	B2	19	0
5002229	utility	9/20/2023	Resist coating method and apparatus	B2	14	0
5002230	utility	8/5/2023	Exposure apparatus method and apparatus	B2	13	0
5002231	utility	3/17/2023	Exposure; illumination method and apparatus	B2	22	0
5002232	utility	1/9/2023	Exposure apparatus method and apparatus	B2	22	0
5002233	utility	9/29/2023	Exposure apparatus method and apparatus	B2	22	0
5002234	utility	2/13/2023	Resist coating method and apparatus	B2	19	0
5002235	utility	8/9/2023	Exposure apparatus method and apparatus	B2	24	0
5002236	utility	2/20/2023	Exposure apparatus method and apparatus	B2	9	0
5002237	utility	4/10/2023	Resist coating method and apparatus	B2	17	0
5002238	utility	9/29/2023	Exposure; illumination method and apparatus	B2	27	0
5002239	utility	1/26/2023	Exposure apparatus method and apparatus	B2	28	0
5002240	utility	1/28/2023	Exposure apparatus method and apparatus	B2	9	0
5002241	utility	2/21/2023	Exposure apparatus method and apparatus	B2	16	0
5002242	utility	7/27/2023	Exposure; illumination method and apparatus	B2	20	0
5002243	utility	12/21/2023	Exposure; illumination method and apparatus	B2	16	0
5002244	utility	6/27/2023	Exposure; illumination method and apparatus	B2	28	0
5002245	utility	1/2/2023	Exposure apparatus method and apparatus	B2	11	0
5002246	utility	6/6/2023	Exposure; illumination method and apparatus	B2	30	0
5002247	utility	8/22/2023	Exposure apparatus method and apparatus	B2	12	0
5002248	utility	6/21/2023	Exposure apparatus method and apparatus	B2	8	0
5002249	utility	3/29/2023	Alignment / registration method and apparatus	B2	29	0
5002250	utility	8/31/2023	Exposure; illumination method and apparatus	B2	26	0
5002251	utility	1/24/2023	Exposure apparatus method and apparatus	B2	8	0
5002252	utility	9/26/2023	Alignment / registration method and apparatus	B2	24	0
5002253	utility	2/21/2023	Exposure; illumination method and apparatus	B2	17	0
5002254	utility	6/29/2023	Exposure apparatus method and apparatus	B2	25	0
5002255	utility	8/23/2023	Exposure apparatus method and apparatus	B2	8	0
5002256	utility	9/23/2023	Exposure; illumination method and apparatus	B2	29	0
5002257	utility	5/19/2023	Exposure apparatus method and apparatus	B2	29	0
5002258	utility	7/30/2023	Exposure apparatus method and apparatus	B2	15	0
5002259	utility	1/16/2023	Exposure apparatus method and apparatus	B2	15	0
5002260	utility	7/4/2023	Alignment / registration method and apparatus	B2	14	0
5002261	utility	7/13/2023	Alignment / registration method and apparatus	B2	28	0
5002262	utility	12/14/2023	Alignment / registration method and apparatus	B2	25	0
5002263	utility	9/27/2023	Alignment / registration method and apparatus	B2	13	0
5002264	utility	6/19/2023	Exposure apparatus method and apparatus	B2	20	0
5002265	utility	1/22/2023	Exposure apparatus method and apparatus	B2	26	0
5002266	utility	3/4/2023	Alignment / registration method and apparatus	B2	21	0
5002267	utility	6/27/2023	Alignment / registration method and apparatus	B2	17	0
5002268	utility	12/17/2023	Exposure apparatus method and apparatus	B2	12	0
5002269	utility	5/29/2023	Exposure; illumination method and apparatus	B2	27	0
5002270	utility	5/28/2023	Exposure apparatus method and apparatus	B2	10	0
5002271	utility	4/22/2023	Exposure apparatus method and apparatus	B2	17	0
5002272	utility	6/6/2023	Exposure apparatus method and apparatus	B2	8	0
5002273	utility	1/26/2023	Exposure; illumination method and apparatus	B2	16	0
5002274	utility	9/15/2023	Exposure; illumination method and apparatus	B2	29	0
5002275	utility	2/14/2023	Exposure apparatus method and apparatus	B2	30	0
5002276	utility	10/27/2023	Exposure apparatus method and apparatus	B2	10	0
5002277	utility	7/1/2023	Exposure apparatus method and apparatus	B2	15	0
5002278	utility	7/24/2023	Exposure apparatus method and apparatus	B2	11	0
5002279	utility	3/30/2023	Exposure; illumination method and apparatus	B2	26	0
5002280	utility	3/13/2023	Exposure; illumination method and apparatus	B2	29	0
5002281	utility	10/11/2023	Exposure apparatus method and apparatus	B2	14	0
5002282	utility	11/18/2023	Exposure apparatus method and apparatus	B2	22	0
5002283	utility	8/12/2023	Exposure; illumination method and apparatus	B2	11	0
5002284	utility	9/15/2023	Exposure; illumination method and apparatus	B2	29	0
5002285	utility	8/27/2023	Exposure apparatus method and apparatus	B2	21	0
5002286	utility	10/14/2023	Exposure apparatus method and apparatus	B2	8	0
5002287	utility	3/13/2023	Exposure apparatus method and apparatus	B2	27	0
5002288	utility	7/11/2023	Exposure; illumination method and apparatus	B2	12	0
5002289	utility	1/28/2023	Exposure; illumination method and apparatus	B2	20	0
5002290	utility	9/23/2023	Exposure apparatus method and apparatus	B2	22	0
5002291	utility	6/20/2023	Photoresist / process method and apparatus	B2	27	0
5002292	utility	12/20/2023	EUV masks method and apparatus	B2	18	0
5002293	utility	12/12/2023	Photoresist / process method and apparatus	B2	24	0
5002294	utility	9/22/2023	Photoresist / process method and apparatus	B2	12	0
5002295	utility	12/12/2023	Masks / reticles method and apparatus	B2	28	0
5002296	utility	1/4/2023	Photoresist / process method and apparatus	B2	23	0
5002297	utility	1/1/2023	Masks / reticles method and apparatus	B2	12	0
5002298	utility	5/7/2023	EUV masks method and apparatus	B2	14	0
5002299	utility	8/16/2023	Photoresist / process method and apparatus	B2	20	0
5002300	utility	9/5/2023	Masks / reticles method and apparatus	B2	13	0
5002301	utility	11/10/2023	Masks / reticles method and apparatus	B2	29	0
5002302	utility	8/10/2023	Photoresist / process method and apparatus	B2	12	0
5002303	utility	12/3/2023	Masks / reticles method and apparatus	B2	15	0
5002304	utility	4/13/2023	Photoresist / process method and apparatus	B2	23	0
5002305	utility	10/29/2023	Photoresist / process method and apparatus	B2	23	0
5002306	utility	12/24/2023	EUV masks method and apparatus	B2	11	0
5002307	utility	5/26/2023	Masks / reticles method and apparatus	B2	22	0
5002308	utility	6/5/2023	Masks / reticles method and apparatus	B2	9	0
5002309	utility	1/22/2023	EUV masks method and apparatus	B2	19	0
5002310	utility	8/23/2023	Photoresist / process method and apparatus	B2	16	0
5002311	utility	9/15/2023	EUV masks method and apparatus	B2	14	0
5002312	utility	9/20/2023	EUV masks method and apparatus	B2	10	0
5002313	utility	10/16/2023	EUV masks method and apparatus	B2	18	0
5002314	utility	12/4/2023	Masks / reticles method and apparatus	B2	17	0
5002315	utility	11/27/2023	Photoresist / process method and apparatus	B2	23	0
5002316	utility	4/3/2023	EUV masks method and apparatus	B2	26	0
5002317	utility	9/27/2023	Photoresist / process method and apparatus	B2	16	0
5002318	utility	10/25/2023	EUV masks method and apparatus	B2	19	0
5002319	utility	1/16/2023	Masks / reticles method and apparatus	B2	13	0
5002320	utility	12/14/2023	Masks / reticles method and apparatus	B2	23	0
5002321	utility	5/2/2023	Photoresist / process method and apparatus	B2	11	0
5002322	utility	2/2/2023	Alignment / registration method and apparatus	B2	9	0
5002323	utility	2/7/2023	EUV masks method and apparatus	B2	22	0
5002324	utility	6/14/2023	Alignment / registration method and apparatus	B2	11	0
5002325	utility	11/23/2023	EUV masks method and apparatus	B2	26	0
5002326	utility	8/13/2023	EUV masks method and apparatus	B2	29	0
5002327	utility	8/11/2023	Alignment / registration method and apparatus	B2	24	0
5002328	utility	1/13/2023	EUV masks method and apparatus	B2	28	0
5002329	utility	3/13/2023	EUV masks method and apparatus	B2	8	0
5002330	utility	2/6/2023	Photoresist / process method and apparatus	B2	18	0
5002331	utility	4/17/2023	EUV masks method and apparatus	B2	26	0
5002332	utility	10/14/2023	EUV masks method and apparatus	B2	12	0
5002333	utility	7/12/2023	EUV masks method and apparatus	B2	10	0
5002334	utility	6/2/2023	Photoresist / process method and apparatus	B2	11	0
5002335	utility	10/4/2023	Resist coating method and apparatus	B2	18	0
5002336	utility	5/9/2023	Photoresist / process method and apparatus	B2	20	0
5002337	utility	3/22/2023	Photoresist / process method and apparatus	B2	17	0
5002338	utility	11/9/2023	Photoresist / process method and apparatus	B2	24	0
5002339	utility	2/26/2023	Resist coating method and apparatus	B2	26	0
5002340	utility	1/17/2023	Photoresist / process method and apparatus	B2	18	0
5002341	utility	1/31/2023	Resist coating method and apparatus	B2	12	0
5002342	utility	12/6/2023	Photoresist / process method and apparatus	B2	9	0
5002343	utility	1/19/2023	Photoresist / process method and apparatus	B2	19	0
5002344	utility	11/10/2023	Resist coating method and apparatus	B2	10	0
5002345	utility	5/19/2023	Photoresist / process method and apparatus	B2	9	0
5002346	utility	11/29/2023	Resist coating method and apparatus	B2	19	0
5002347	utility	4/27/2023	Photoresist / process method and apparatus	B2	8	0
5002348	utility	4/11/2023	Photoresist / process method and apparatus	B2	25	0
5002349	utility	1/10/2023	Photoresist / process method and apparatus	B2	25	0
5002350	utility	12/23/2023	Photoresist / process method and apparatus	B2	12	0
5002351	utility	3/1/2023	Resist coating method and apparatus	B2	22	0
5002352	utility	6/25/2023	Resist coating method and apparatus	B2	21	0
5002353	utility	10/29/2023	Resist coating method and apparatus	B2	8	0
5002354	utility	1/8/2023	Photoresist / process method and apparatus	B2	15	0
5002355	utility	8/13/2023	Resist coating method and apparatus	B2	13	0
5002356	utility	12/2/2023	Exposure; illumination method and apparatus	B2	15	0
5002357	utility	9/3/2023	Exposure; illumination method and apparatus	B2	29	0
5002358	utility	10/6/2023	Exposure; illumination method and apparatus	B2	14	0
5002359	utility	4/23/2023	Exposure; illumination method and apparatus	B2	22	0
5002360	utility	5/30/2023	Exposure; illumination method and apparatus	B2	28	0
5002361	utility	10/5/2023	Exposure; illumination method and apparatus	B2	24	0
5002362	utility	12/28/2023	Exposure; illumination method and apparatus	B2	27	0
5002363	utility	3/12/2023	Exposure; illumination method and apparatus	B2	24	0
5002364	utility	3/14/2023	Exposure; illumination method and apparatus	B2	9	0
5002365	utility	9/13/2023	Exposure; illumination method and apparatus	B2	9	0
5002366	utility	2/13/2023	Exposure; illumination method and apparatus	B2	9	0
5002367	utility	1/10/2023	Exposure; illumination method and apparatus	B2	20	0
5002368	utility	7/14/2023	Exposure; illumination method and apparatus	B2	13	0
5002369	utility	6/6/2023	Exposure; illumination method and apparatus	B2	9	0
5002370	utility	11/8/2023	Exposure; illumination method and apparatus	B2	18	0
5002371	utility	10/30/2023	Exposure; illumination method and apparatus	B2	14	0
5002372	utility	11/15/2023	Exposure; illumination method and apparatus	B2	21	0
5002373	utility	1/30/2023	Exposure; illumination method and apparatus	B2	11	0
5002374	utility	5/28/2023	Exposure; illumination method and apparatus	B2	25	0
5002375	utility	9/23/2023	Masks / reticles method and apparatus	B2	16	0
5002376	utility	5/2/2023	Photoresist / process method and apparatus	B2	12	0
5002377	utility	5/21/2023	Masks / reticles method and apparatus	B2	10	0
5002378	utility	7/22/2023	Photoresist / process method and apparatus	B2	9	0
5002379	utility	5/9/2023	Photoresist / process method and apparatus	B2	28	0
5002380	utility	10/19/2023	Photoresist / process method and apparatus	B2	29	0
5002381	utility	8/16/2023	Masks / reticles method and apparatus	B2	22	0
5002382	utility	7/3/2023	Photoresist / process method and apparatus	B2	23	0
5002383	utility	10/24/2023	Photoresist / process method and apparatus	B2	10	0
5002384	utility	5/21/2024	Exposure apparatus method and apparatus	B2	16	0
5002385	utility	3/30/2024	Exposure apparatus method and apparatus	B2	12	0
5002386	utility	12/1/2024	Exposure apparatus method and apparatus	B2	9	0
5002387	utility	1/22/2024	Exposure; illumination method and apparatus	B2	25	0
5002388	utility	5/12/2024	EUV masks method and apparatus	B2	16	0
5002389	utility	1/23/2024	Exposure; illumination method and apparatus	B2	27	0
5002390	utility	8/15/2024	Exposure apparatus method and apparatus	B2	11	0
5002391	utility	10/19/2024	Exposure apparatus method and apparatus	B2	19	0
5002392	utility	8/6/2024	Exposure apparatus method and apparatus	B2	17	0
5002393	utility	7/3/2024	Exposure; illumination method and apparatus	B2	18	0
5002394	utility	5/30/2024	Exposure; illumination method and apparatus	B2	27	0
5002395	utility	3/17/2024	Exposure apparatus method and apparatus	B2	26	0
5002396	utility	9/18/2024	Alignment / registration method and apparatus	B2	30	0
5002397	utility	7/12/2024	EUV masks method and apparatus	B2	26	0
5002398	utility	11/28/2024	Exposure apparatus method and apparatus	B2	10	0
5002399	utility	10/21/2024	Exposure; illumination method and apparatus	B2	28	0
5002400	utility	3/3/2024	Exposure; illumination method and apparatus	B2	24	0
5002401	utility	9/23/2024	Exposure; illumination method and apparatus	B2	22	0
5002402	utility	5/30/2024	Alignment / registration method and apparatus	B2	15	0
5002403	utility	6/10/2024	Exposure apparatus method and apparatus	B2	11	0
5002404	utility	7/28/2024	Alignment / registration method and apparatus	B2	19	0
5002405	utility	11/30/2024	EUV masks method and apparatus	B2	23	0
5002406	utility	4/27/2024	Alignment / registration method and apparatus	B2	26	0
5002407	utility	5/5/2024	EUV masks method and apparatus	B2	21	0
5002408	utility	5/26/2024	Exposure; illumination method and apparatus	B2	18	0
5002409	utility	9/15/2024	Exposure; illumination method and apparatus	B2	12	0
5002410	utility	8/20/2024	EUV masks method and apparatus	B2	8	0
5002411	utility	10/10/2024	Exposure apparatus method and apparatus	B2	30	0
5002412	utility	1/18/2024	Exposure apparatus method and apparatus	B2	21	0
5002413	utility	3/8/2024	EUV masks method and apparatus	B2	24	0
5002414	utility	6/30/2024	EUV masks method and apparatus	B2	12	0
5002415	utility	3/1/2024	Alignment / registration method and apparatus	B2	18	0
5002416	utility	11/11/2024	Exposure; illumination method and apparatus	B2	11	0
5002417	utility	6/30/2024	Exposure apparatus method and apparatus	B2	22	0
5002418	utility	8/11/2024	Exposure apparatus method and apparatus	B2	17	0
5002419	utility	4/3/2024	Exposure apparatus method and apparatus	B2	26	0
5002420	utility	1/4/2024	Exposure apparatus method and apparatus	B2	26	0
5002421	utility	7/13/2024	Exposure; illumination method and apparatus	B2	18	0
5002422	utility	5/23/2024	Exposure; illumination method and apparatus	B2	11	0
5002423	utility	10/15/2024	Exposure apparatus method and apparatus	B2	24	0
5002424	utility	8/6/2024	Exposure; illumination method and apparatus	B2	17	0
5002425	utility	3/14/2024	Exposure; illumination method and apparatus	B2	9	0
5002426	utility	4/17/2024	Resist coating method and apparatus	B2	21	0
5002427	utility	6/9/2024	Resist coating method and apparatus	B2	11	0
5002428	utility	5/20/2024	Exposure apparatus method and apparatus	B2	23	0
5002429	utility	5/12/2024	Exposure apparatus method and apparatus	B2	27	0
5002430	utility	3/13/2024	Exposure; illumination method and apparatus	B2	11	0
5002431	utility	1/15/2024	Exposure; illumination method and apparatus	B2	27	0
5002432	utility	4/9/2024	Exposure; illumination method and apparatus	B2	8	0
5002433	utility	5/24/2024	Exposure apparatus method and apparatus	B2	26	0
5002434	utility	8/20/2024	Exposure; illumination method and apparatus	B2	17	0
5002435	utility	3/2/2024	Exposure; illumination method and apparatus	B2	22	0
5002436	utility	3/11/2024	Exposure apparatus method and apparatus	B2	16	0
5002437	utility	2/10/2024	Resist coating method and apparatus	B2	15	0
5002438	utility	6/20/2024	Exposure apparatus method and apparatus	B2	16	0
5002439	utility	2/7/2024	Exposure; illumination method and apparatus	B2	30	0
5002440	utility	12/27/2024	Exposure apparatus method and apparatus	B2	24	0
5002441	utility	11/20/2024	Exposure apparatus method and apparatus	B2	28	0
5002442	utility	4/22/2024	Exposure; illumination method and apparatus	B2	29	0
5002443	utility	4/5/2024	Exposure apparatus method and apparatus	B2	23	0
5002444	utility	2/15/2024	Exposure; illumination method and apparatus	B2	24	0
5002445	utility	8/10/2024	Exposure apparatus method and apparatus	B2	10	0
5002446	utility	4/1/2024	Exposure apparatus method and apparatus	B2	9	0
5002447	utility	11/19/2024	Exposure; illumination method and apparatus	B2	26	0
5002448	utility	12/2/2024	Exposure apparatus method and apparatus	B2	13	0
5002449	utility	12/8/2024	Alignment / registration method and apparatus	B2	23	0
5002450	utility	7/1/2024	Exposure apparatus method and apparatus	B2	25	0
5002451	utility	5/27/2024	Exposure apparatus method and apparatus	B2	21	0
5002452	utility	8/5/2024	Exposure apparatus method and apparatus	B2	11	0
5002453	utility	6/26/2024	Exposure; illumination method and apparatus	B2	30	0
5002454	utility	9/4/2024	Exposure; illumination method and apparatus	B2	23	0
5002455	utility	5/28/2024	Exposure apparatus method and apparatus	B2	16	0
5002456	utility	6/14/2024	Exposure apparatus method and apparatus	B2	16	0
5002457	utility	8/14/2024	Exposure apparatus method and apparatus	B2	21	0
5002458	utility	4/22/2024	Exposure apparatus method and apparatus	B2	18	0
5002459	utility	7/28/2024	Exposure apparatus method and apparatus	B2	15	0
5002460	utility	11/16/2024	Exposure; illumination method and apparatus	B2	11	0
5002461	utility	3/7/2024	Exposure; illumination method and apparatus	B2	27	0
5002462	utility	7/13/2024	Exposure apparatus method and apparatus	B2	10	0
5002463	utility	10/10/2024	Exposure; illumination method and apparatus	B2	10	0
5002464	utility	10/1/2024	Exposure apparatus method and apparatus	B2	14	0
5002465	utility	4/27/2024	Exposure apparatus method and apparatus	B2	17	0
5002466	utility	4/20/2024	Exposure apparatus method and apparatus	B2	25	0
5002467	utility	1/11/2024	Exposure apparatus method and apparatus	B2	24	0
5002468	utility	1/22/2024	Exposure; illumination method and apparatus	B2	13	0
5002469	utility	12/18/2024	Exposure apparatus method and apparatus	B2	15	0
5002470	utility	7/12/2024	Exposure apparatus method and apparatus	B2	28	0
5002471	utility	2/13/2024	Exposure; illumination method and apparatus	B2	10	0
5002472	utility	7/31/2024	Exposure; illumination method and apparatus	B2	8	0
5002473	utility	3/18/2024	Exposure; illumination method and apparatus	B2	11	0
5002474	utility	11/6/2024	Exposure apparatus method and apparatus	B2	17	0
5002475	utility	1/12/2024	Exposure apparatus method and apparatus	B2	17	0
5002476	utility	12/1/2024	Exposure apparatus method and apparatus	B2	26	0
5002477	utility	4/23/2024	Exposure apparatus method and apparatus	B2	21	0
5002478	utility	12/25/2024	Exposure apparatus method and apparatus	B2	25	0
5002479	utility	9/11/2024	Exposure apparatus method and apparatus	B2	20	0
5002480	utility	1/13/2024	EUV masks method and apparatus	B2	20	0
5002481	utility	10/15/2024	EUV masks method and apparatus	B2	11	0
5002482	utility	11/18/2024	Masks / reticles method and apparatus	B2	10	0
5002483	utility	9/7/2024	Masks / reticles method and apparatus	B2	26	0
5002484	utility	8/30/2024	EUV masks method and apparatus	B2	24	0
5002485	utility	1/31/2024	Photoresist / process method and apparatus	B2	23	0
5002486	utility	3/18/2024	Photoresist / process method and apparatus	B2	9	0
5002487	utility	1/3/2024	EUV masks method and apparatus	B2	16	0
5002488	utility	10/6/2024	Photoresist / process method and apparatus	B2	23	0
5002489	utility	8/24/2024	Masks / reticles method and apparatus	B2	30	0
5002490	utility	2/11/2024	Alignment / registration method and apparatus	B2	11	0
5002491	utility	1/7/2024	EUV masks method and apparatus	B2	13	0
5002492	utility	8/12/2024	Masks / reticles method and apparatus	B2	11	0
5002493	utility	11/16/2024	EUV masks method and apparatus	B2	24	0
5002494	utility	8/2/2024	Photoresist / process method and apparatus	B2	20	0
5002495	utility	5/30/2024	EUV masks method and apparatus	B2	29	0
5002496	utility	7/9/2024	EUV masks method and apparatus	B2	26	0
5002497	utility	12/16/2024	Masks / reticles method and apparatus	B2	14	0
5002498	utility	11/5/2024	EUV masks method and apparatus	B2	16	0
5002499	utility	3/10/2024	Photoresist / process method and apparatus	B2	13	0
5002500	utility	8/1/2024	Masks / reticles method and apparatus	B2	13	0
5002501	utility	4/12/2024	Photoresist / process method and apparatus	B2	30	0
5002502	utility	2/1/2024	EUV masks method and apparatus	B2	27	0
5002503	utility	11/21/2024	EUV masks method and apparatus	B2	25	0
5002504	utility	4/8/2024	Photoresist / process method and apparatus	B2	16	0
5002505	utility	6/5/2024	Photoresist / process method and apparatus	B2	19	0
5002506	utility	10/14/2024	Alignment / registration method and apparatus	B2	25	0
5002507	utility	3/19/2024	EUV masks method and apparatus	B2	11	0
5002508	utility	10/15/2024	EUV masks method and apparatus	B2	11	0
5002509	utility	10/30/2024	EUV masks method and apparatus	B2	27	0
5002510	utility	1/2/2024	EUV masks method and apparatus	B2	15	0
5002511	utility	11/10/2024	Alignment / registration method and apparatus	B2	12	0
5002512	utility	6/14/2024	Alignment / registration method and apparatus	B2	10	0
5002513	utility	8/13/2024	EUV masks method and apparatus	B2	21	0
5002514	utility	3/1/2024	Resist coating method and apparatus	B2	15	0
5002515	utility	12/27/2024	Photoresist / process method and apparatus	B2	23	0
5002516	utility	11/5/2024	Resist coating method and apparatus	B2	14	0
5002517	utility	8/11/2024	Photoresist / process method and apparatus	B2	25	0
5002518	utility	10/12/2024	Photoresist / process method and apparatus	B2	21	0
5002519	utility	7/6/2024	Resist coating method and apparatus	B2	22	0
5002520	utility	4/19/2024	Photoresist / process method and apparatus	B2	27	0
5002521	utility	4/1/2024	Resist coating method and apparatus	B2	8	0
5002522	utility	1/3/2024	Resist coating method and apparatus	B2	26	0
5002523	utility	5/9/2024	Photoresist / process method and apparatus	B2	24	0
5002524	utility	5/20/2024	Resist coating method and apparatus	B2	28	0
5002525	utility	12/26/2024	Photoresist / process method and apparatus	B2	16	0
5002526	utility	1/16/2024	Photoresist / process method and apparatus	B2	30	0
5002527	utility	10/6/2024	Photoresist / process method and apparatus	B2	11	0
5002528	utility	12/31/2024	Photoresist / process method and apparatus	B2	12	0
5002529	utility	3/8/2024	Photoresist / process method and apparatus	B2	10	0
5002530	utility	11/22/2024	Resist coating method and apparatus	B2	30	0
5002531	utility	5/22/2024	Photoresist / process method and apparatus	B2	14	0
5002532	utility	12/10/2024	Resist coating method and apparatus	B2	18	0
5002533	utility	10/27/2024	Photoresist / process method and apparatus	B2	19	0
5002534	utility	12/7/2024	Resist coating method and apparatus	B2	29	0
5002535	utility	9/13/2024	Photoresist / process method and apparatus	B2	12	0
5002536	utility	1/23/2024	Exposure; illumination method and apparatus	B2	16	0
5002537	utility	1/2/2024	Exposure; illumination method and apparatus	B2	17	0
5002538	utility	8/26/2024	Exposure; illumination method and apparatus	B2	26	0
5002539	utility	8/25/2024	Exposure; illumination method and apparatus	B2	10	0
5002540	utility	2/14/2024	Exposure; illumination method and apparatus	B2	13	0
5002541	utility	1/6/2024	Exposure; illumination method and apparatus	B2	14	0
5002542	utility	5/6/2024	Exposure; illumination method and apparatus	B2	17	0
5002543	utility	3/8/2024	Exposure; illumination method and apparatus	B2	17	0
5002544	utility	3/12/2024	Exposure; illumination method and apparatus	B2	26	0
5002545	utility	5/19/2024	Exposure; illumination method and apparatus	B2	14	0
5002546	utility	8/13/2024	Exposure; illumination method and apparatus	B2	16	0
5002547	utility	6/27/2024	Exposure; illumination method and apparatus	B2	28	0
5002548	utility	10/26/2024	Exposure; illumination method and apparatus	B2	20	0
5002549	utility	12/15/2024	Exposure; illumination method and apparatus	B2	17	0
5002550	utility	10/9/2024	Exposure; illumination method and apparatus	B2	16	0
5002551	utility	8/27/2024	Exposure; illumination method and apparatus	B2	16	0
5002552	utility	11/19/2024	Exposure; illumination method and apparatus	B2	13	0
5002553	utility	7/9/2024	Exposure; illumination method and apparatus	B2	26	0
5002554	utility	6/14/2024	Exposure; illumination method and apparatus	B2	30	0
5002555	utility	1/5/2024	Exposure; illumination method and apparatus	B2	13	0
5002556	utility	2/21/2024	Exposure; illumination method and apparatus	B2	13	0
5002557	utility	10/6/2024	Exposure; illumination method and apparatus	B2	13	0
5002558	utility	8/21/2024	Exposure; illumination method and apparatus	B2	26	0
5002559	utility	8/30/2024	Exposure; illumination method and apparatus	B2	15	0
5002560	utility	9/4/2024	Exposure; illumination method and apparatus	B2	29	0
5002561	utility	4/29/2024	Exposure; illumination method and apparatus	B2	24	0
5002562	utility	10/22/2024	Exposure; illumination method and apparatus	B2	20	0
5002563	utility	6/2/2024	Exposure; illumination method and apparatus	B2	27	0
5002564	utility	10/17/2024	Exposure; illumination method and apparatus	B2	12	0
5002565	utility	1/28/2024	Masks / reticles method and apparatus	B2	10	0
5002566	utility	8/22/2024	Masks / reticles method and apparatus	B2	20	0
5002567	utility	4/12/2024	Masks / reticles method and apparatus	B2	13	0
5002568	utility	4/14/2024	Photoresist / process method and apparatus	B2	21	0
5002569	utility	10/11/2024	Photoresist / process method and apparatus	B2	19	0
5002570	utility	8/29/2024	Photoresist / process method and apparatus	B2	25	0
5002571	utility	12/8/2024	Masks / reticles method and apparatus	B2	20	0
5002572	utility	2/19/2024	Masks / reticles method and apparatus	B2	20	0
5002573	utility	6/16/2024	Photoresist / process method and apparatus	B2	17	0
5002574	utility	9/30/2024	Photoresist / process method and apparatus	B2	10	0
5002575	utility	11/7/2024	Photoresist / process method and apparatus	B2	13	0
5002576	utility	9/13/2024	Photoresist / process method and apparatus	B2	8	0
5002577	utility	4/7/2025	Exposure apparatus method and apparatus	B2	9	0
5002578	utility	7/16/2025	Exposure apparatus method and apparatus	B2	28	0
5002579	utility	7/18/2025	Exposure apparatus method and apparatus	B2	29	0
5002580	utility	8/4/2025	Exposure apparatus method and apparatus	B2	13	0
5002581	utility	2/12/2025	Exposure; illumination method and apparatus	B2	19	0
5002582	utility	7/27/2025	Exposure; illumination method and apparatus	B2	8	0
5002583	utility	7/16/2025	Exposure; illumination method and apparatus	B2	29	0
5002584	utility	12/10/2025	Exposure; illumination method and apparatus	B2	20	0
5002585	utility	5/13/2025	Exposure apparatus method and apparatus	B2	28	0
5002586	utility	8/31/2025	Exposure; illumination method and apparatus	B2	30	0
5002587	utility	4/2/2025	Exposure apparatus method and apparatus	B2	21	0
5002588	utility	2/10/2025	EUV masks method and apparatus	B2	12	0
5002589	utility	11/11/2025	Exposure apparatus method and apparatus	B2	22	0
5002590	utility	3/4/2025	Exposure apparatus method and apparatus	B2	23	0
5002591	utility	12/18/2025	EUV masks method and apparatus	B2	19	0
5002592	utility	1/13/2025	Alignment / registration method and apparatus	B2	25	0
5002593	utility	1/9/2025	Exposure apparatus method and apparatus	B2	22	0
5002594	utility	7/2/2025	Exposure; illumination method and apparatus	B2	9	0
5002595	utility	2/13/2025	Exposure apparatus method and apparatus	B2	25	0
5002596	utility	8/9/2025	Exposure; illumination method and apparatus	B2	16	0
5002597	utility	5/5/2025	Alignment / registration method and apparatus	B2	24	0
5002598	utility	7/10/2025	Exposure apparatus method and apparatus	B2	9	0
5002599	utility	2/10/2025	Exposure apparatus method and apparatus	B2	18	0
5002600	utility	1/12/2025	Exposure; illumination method and apparatus	B2	13	0
5002601	utility	2/10/2025	Alignment / registration method and apparatus	B2	21	0
5002602	utility	6/5/2025	Exposure; illumination method and apparatus	B2	27	0
5002603	utility	1/26/2025	Alignment / registration method and apparatus	B2	19	0
5002604	utility	8/12/2025	Alignment / registration method and apparatus	B2	16	0
5002605	utility	12/10/2025	Exposure apparatus method and apparatus	B2	9	0
5002606	utility	5/20/2025	Alignment / registration method and apparatus	B2	8	0
5002607	utility	12/3/2025	Alignment / registration method and apparatus	B2	12	0
5002608	utility	11/22/2025	Exposure; illumination method and apparatus	B2	18	0
5002609	utility	6/16/2025	Exposure apparatus method and apparatus	B2	15	0
5002610	utility	11/8/2025	Alignment / registration method and apparatus	B2	22	0
5002611	utility	9/1/2025	Exposure; illumination method and apparatus	B2	25	0
5002612	utility	8/16/2025	Exposure apparatus method and apparatus	B2	12	0
5002613	utility	9/30/2025	Exposure apparatus method and apparatus	B2	30	0
5002614	utility	1/17/2025	Exposure apparatus method and apparatus	B2	29	0
5002615	utility	10/15/2025	Exposure; illumination method and apparatus	B2	19	0
5002616	utility	7/9/2025	Resist coating method and apparatus	B2	17	0
5002617	utility	8/28/2025	Exposure apparatus method and apparatus	B2	8	0
5002618	utility	6/30/2025	Exposure apparatus method and apparatus	B2	26	0
5002619	utility	5/26/2025	Exposure; illumination method and apparatus	B2	25	0
5002620	utility	10/3/2025	Exposure apparatus method and apparatus	B2	12	0
5002621	utility	4/22/2025	Exposure apparatus method and apparatus	B2	14	0
5002622	utility	3/23/2025	Exposure apparatus method and apparatus	B2	20	0
5002623	utility	8/3/2025	Exposure; illumination method and apparatus	B2	27	0
5002624	utility	12/7/2025	Exposure; illumination method and apparatus	B2	29	0
5002625	utility	10/2/2025	Exposure apparatus method and apparatus	B2	25	0
5002626	utility	8/26/2025	Exposure apparatus method and apparatus	B2	17	0
5002627	utility	4/1/2025	Exposure apparatus method and apparatus	B2	20	0
5002628	utility	8/26/2025	Resist coating method and apparatus	B2	28	0
5002629	utility	12/1/2025	Exposure apparatus method and apparatus	B2	21	0
5002630	utility	1/15/2025	Exposure apparatus method and apparatus	B2	27	0
5002631	utility	2/11/2025	Exposure; illumination method and apparatus	B2	27	0
5002632	utility	6/16/2025	Resist coating method and apparatus	B2	27	0
5002633	utility	12/17/2025	Exposure; illumination method and apparatus	B2	10	0
5002634	utility	12/1/2025	Exposure; illumination method and apparatus	B2	20	0
5002635	utility	5/3/2025	Exposure apparatus method and apparatus	B2	13	0
5002636	utility	6/15/2025	Alignment / registration method and apparatus	B2	12	0
5002637	utility	8/25/2025	Exposure apparatus method and apparatus	B2	22	0
5002638	utility	5/4/2025	Exposure apparatus method and apparatus	B2	13	0
5002639	utility	11/6/2025	Exposure; illumination method and apparatus	B2	18	0
5002640	utility	2/5/2025	Exposure apparatus method and apparatus	B2	8	0
5002641	utility	9/24/2025	Exposure; illumination method and apparatus	B2	23	0
5002642	utility	5/14/2025	Exposure; illumination method and apparatus	B2	30	0
5002643	utility	11/28/2025	Exposure; illumination method and apparatus	B2	25	0
5002644	utility	1/31/2025	Exposure apparatus method and apparatus	B2	17	0
5002645	utility	7/6/2025	Exposure; illumination method and apparatus	B2	20	0
5002646	utility	8/14/2025	Exposure; illumination method and apparatus	B2	21	0
5002647	utility	5/15/2025	Exposure apparatus method and apparatus	B2	26	0
5002648	utility	7/7/2025	Exposure; illumination method and apparatus	B2	21	0
5002649	utility	9/5/2025	Alignment / registration method and apparatus	B2	14	0
5002650	utility	2/7/2025	Exposure; illumination method and apparatus	B2	22	0
5002651	utility	5/14/2025	Exposure; illumination method and apparatus	B2	18	0
5002652	utility	8/19/2025	Exposure apparatus method and apparatus	B2	30	0
5002653	utility	3/13/2025	Exposure; illumination method and apparatus	B2	12	0
5002654	utility	7/9/2025	Exposure apparatus method and apparatus	B2	26	0
5002655	utility	3/23/2025	Exposure apparatus method and apparatus	B2	26	0
5002656	utility	12/11/2025	Exposure; illumination method and apparatus	B2	17	0
5002657	utility	11/8/2025	Exposure apparatus method and apparatus	B2	17	0
5002658	utility	1/15/2025	Exposure; illumination method and apparatus	B2	14	0
5002659	utility	5/13/2025	Exposure; illumination method and apparatus	B2	19	0
5002660	utility	9/22/2025	Alignment / registration method and apparatus	B2	20	0
5002661	utility	11/26/2025	Alignment / registration method and apparatus	B2	12	0
5002662	utility	7/11/2025	Exposure apparatus method and apparatus	B2	20	0
5002663	utility	9/26/2025	Exposure; illumination method and apparatus	B2	23	0
5002664	utility	2/3/2025	Exposure apparatus method and apparatus	B2	18	0
5002665	utility	5/23/2025	Exposure apparatus method and apparatus	B2	27	0
5002666	utility	7/2/2025	Exposure; illumination method and apparatus	B2	23	0
5002667	utility	9/26/2025	Exposure; illumination method and apparatus	B2	15	0
5002668	utility	7/24/2025	Exposure; illumination method and apparatus	B2	28	0
5002669	utility	5/19/2025	Exposure apparatus method and apparatus	B2	25	0
5002670	utility	2/10/2025	Exposure apparatus method and apparatus	B2	9	0
5002671	utility	5/12/2025	Exposure apparatus method and apparatus	B2	13	0
5002672	utility	4/27/2025	Exposure; illumination method and apparatus	B2	30	0
5002673	utility	11/8/2025	Exposure apparatus method and apparatus	B2	16	0
5002674	utility	2/2/2025	Exposure; illumination method and apparatus	B2	12	0
5002675	utility	5/5/2025	Exposure apparatus method and apparatus	B2	26	0
5002676	utility	10/2/2025	Exposure apparatus method and apparatus	B2	9	0
5002677	utility	9/2/2025	Exposure apparatus method and apparatus	B2	11	0
5002678	utility	10/5/2025	Exposure apparatus method and apparatus	B2	26	0
5002679	utility	1/5/2025	Exposure apparatus method and apparatus	B2	26	0
5002680	utility	8/15/2025	Exposure; illumination method and apparatus	B2	28	0
5002681	utility	8/22/2025	Exposure; illumination method and apparatus	B2	8	0
5002682	utility	9/10/2025	Exposure; illumination method and apparatus	B2	28	0
5002683	utility	5/26/2025	Exposure apparatus method and apparatus	B2	28	0
5002684	utility	5/21/2025	Exposure apparatus method and apparatus	B2	29	0
5002685	utility	4/4/2025	Photoresist / process method and apparatus	B2	23	0
5002686	utility	3/25/2025	EUV masks method and apparatus	B2	13	0
5002687	utility	2/18/2025	Photoresist / process method and apparatus	B2	22	0
5002688	utility	4/4/2025	EUV masks method and apparatus	B2	14	0
5002689	utility	9/14/2025	Masks / reticles method and apparatus	B2	17	0
5002690	utility	12/17/2025	EUV masks method and apparatus	B2	17	0
5002691	utility	3/21/2025	EUV masks method and apparatus	B2	18	0
5002692	utility	3/22/2025	Photoresist / process method and apparatus	B2	27	0
5002693	utility	8/31/2025	Alignment / registration method and apparatus	B2	28	0
5002694	utility	5/18/2025	Photoresist / process method and apparatus	B2	15	0
5002695	utility	6/5/2025	Alignment / registration method and apparatus	B2	19	0
5002696	utility	6/11/2025	Photoresist / process method and apparatus	B2	22	0
5002697	utility	8/2/2025	EUV masks method and apparatus	B2	8	0
5002698	utility	7/29/2025	Masks / reticles method and apparatus	B2	19	0
5002699	utility	5/21/2025	Photoresist / process method and apparatus	B2	8	0
5002700	utility	5/12/2025	Masks / reticles method and apparatus	B2	17	0
5002701	utility	7/15/2025	Masks / reticles method and apparatus	B2	18	0
5002702	utility	4/21/2025	Masks / reticles method and apparatus	B2	27	0
5002703	utility	5/5/2025	Masks / reticles method and apparatus	B2	13	0
5002704	utility	10/31/2025	Photoresist / process method and apparatus	B2	23	0
5002705	utility	7/19/2025	Photoresist / process method and apparatus	B2	30	0
5002706	utility	5/24/2025	EUV masks method and apparatus	B2	27	0
5002707	utility	11/24/2025	Masks / reticles method and apparatus	B2	18	0
5002708	utility	5/26/2025	EUV masks method and apparatus	B2	11	0
5002709	utility	3/19/2025	Alignment / registration method and apparatus	B2	12	0
5002710	utility	8/13/2025	Photoresist / process method and apparatus	B2	15	0
5002711	utility	5/30/2025	Photoresist / process method and apparatus	B2	30	0
5002712	utility	12/25/2025	Alignment / registration method and apparatus	B2	30	0
5002713	utility	8/17/2025	Alignment / registration method and apparatus	B2	14	0
5002714	utility	7/5/2025	EUV masks method and apparatus	B2	18	0
5002715	utility	1/12/2025	EUV masks method and apparatus	B2	12	0
5002716	utility	9/7/2025	EUV masks method and apparatus	B2	9	0
5002717	utility	9/20/2025	Alignment / registration method and apparatus	B2	19	0
5002718	utility	9/16/2025	Alignment / registration method and apparatus	B2	18	0
5002719	utility	6/20/2025	EUV masks method and apparatus	B2	28	0
5002720	utility	10/13/2025	Photoresist / process method and apparatus	B2	11	0
5002721	utility	8/28/2025	Photoresist / process method and apparatus	B2	27	0
5002722	utility	12/17/2025	Alignment / registration method and apparatus	B2	21	0
5002723	utility	3/19/2025	Photoresist / process method and apparatus	B2	28	0
5002724	utility	6/23/2025	Photoresist / process method and apparatus	B2	22	0
5002725	utility	7/25/2025	Alignment / registration method and apparatus	B2	26	0
5002726	utility	4/26/2025	EUV masks method and apparatus	B2	18	0
5002727	utility	10/27/2025	Alignment / registration method and apparatus	B2	29	0
5002728	utility	4/13/2025	Photoresist / process method and apparatus	B2	26	0
5002729	utility	3/17/2025	Resist coating method and apparatus	B2	14	0
5002730	utility	11/5/2025	Resist coating method and apparatus	B2	9	0
5002731	utility	6/17/2025	Photoresist / process method and apparatus	B2	18	0
5002732	utility	3/25/2025	Resist coating method and apparatus	B2	21	0
5002733	utility	4/22/2025	Photoresist / process method and apparatus	B2	19	0
5002734	utility	7/12/2025	Resist coating method and apparatus	B2	8	0
5002735	utility	8/17/2025	Resist coating method and apparatus	B2	22	0
5002736	utility	10/30/2025	Photoresist / process method and apparatus	B2	11	0
5002737	utility	10/24/2025	Resist coating method and apparatus	B2	24	0
5002738	utility	9/8/2025	Resist coating method and apparatus	B2	27	0
5002739	utility	4/18/2025	Resist coating method and apparatus	B2	10	0
5002740	utility	9/18/2025	Resist coating method and apparatus	B2	11	0
5002741	utility	8/4/2025	Resist coating method and apparatus	B2	20	0
5002742	utility	6/8/2025	Resist coating method and apparatus	B2	10	0
5002743	utility	12/26/2025	Resist coating method and apparatus	B2	10	0
5002744	utility	1/9/2025	Photoresist / process method and apparatus	B2	16	0
5002745	utility	5/8/2025	Resist coating method and apparatus	B2	13	0
5002746	utility	1/20/2025	Resist coating method and apparatus	B2	9	0
5002747	utility	12/5/2025	Photoresist / process method and apparatus	B2	17	0
5002748	utility	8/3/2025	Photoresist / process method and apparatus	B2	13	0
5002749	utility	12/9/2025	Photoresist / process method and apparatus	B2	13	0
5002750	utility	1/16/2025	Photoresist / process method and apparatus	B2	23	0
5002751	utility	5/16/2025	Photoresist / process method and apparatus	B2	27	0
5002752	utility	8/29/2025	Resist coating method and apparatus	B2	9	0
5002753	utility	1/24/2025	Photoresist / process method and apparatus	B2	25	0
5002754	utility	1/8/2025	Resist coating method and apparatus	B2	19	0
5002755	utility	2/3/2025	Resist coating method and apparatus	B2	11	0
5002756	utility	10/2/2025	Photoresist / process method and apparatus	B2	22	0
5002757	utility	8/29/2025	Exposure; illumination method and apparatus	B2	16	0
5002758	utility	12/9/2025	Exposure; illumination method and apparatus	B2	30	0
5002759	utility	10/20/2025	Exposure; illumination method and apparatus	B2	14	0
5002760	utility	3/15/2025	Exposure; illumination method and apparatus	B2	15	0
5002761	utility	5/25/2025	Exposure; illumination method and apparatus	B2	27	0
5002762	utility	12/4/2025	Exposure; illumination method and apparatus	B2	17	0
5002763	utility	9/24/2025	Exposure; illumination method and apparatus	B2	24	0
5002764	utility	3/9/2025	Exposure; illumination method and apparatus	B2	18	0
5002765	utility	1/18/2025	Exposure; illumination method and apparatus	B2	20	0
5002766	utility	1/8/2025	Exposure; illumination method and apparatus	B2	12	0
5002767	utility	6/15/2025	Exposure; illumination method and apparatus	B2	8	0
5002768	utility	4/7/2025	Exposure; illumination method and apparatus	B2	28	0
5002769	utility	4/20/2025	Exposure; illumination method and apparatus	B2	22	0
5002770	utility	6/22/2025	Exposure; illumination method and apparatus	B2	18	0
5002771	utility	9/7/2025	Exposure; illumination method and apparatus	B2	25	0
5002772	utility	6/25/2025	Exposure; illumination method and apparatus	B2	24	0
5002773	utility	1/14/2025	Exposure; illumination method and apparatus	B2	25	0
5002774	utility	2/26/2025	Exposure; illumination method and apparatus	B2	11	0
5002775	utility	6/27/2025	Exposure; illumination method and apparatus	B2	17	0
5002776	utility	2/12/2025	Exposure; illumination method and apparatus	B2	24	0
5002777	utility	12/15/2025	Exposure; illumination method and apparatus	B2	15	0
5002778	utility	7/1/2025	Exposure; illumination method and apparatus	B2	24	0
5002779	utility	9/29/2025	Exposure; illumination method and apparatus	B2	24	0
5002780	utility	4/28/2025	Exposure; illumination method and apparatus	B2	30	0
5002781	utility	3/23/2025	Exposure; illumination method and apparatus	B2	11	0
5002782	utility	11/13/2025	Exposure; illumination method and apparatus	B2	15	0
5002783	utility	11/9/2025	Exposure; illumination method and apparatus	B2	21	0
5002784	utility	7/25/2025	Exposure; illumination method and apparatus	B2	17	0
5002785	utility	9/1/2025	Masks / reticles method and apparatus	B2	22	0
5002786	utility	5/9/2025	Photoresist / process method and apparatus	B2	30	0
5002787	utility	11/10/2025	Photoresist / process method and apparatus	B2	27	0
5002788	utility	3/13/2025	Masks / reticles method and apparatus	B2	12	0
5002789	utility	5/5/2025	Masks / reticles method and apparatus	B2	20	0
5002790	utility	4/10/2025	Photoresist / process method and apparatus	B2	15	0
5002791	utility	5/22/2025	Photoresist / process method and apparatus	B2	12	0
5002792	utility	10/27/2025	Masks / reticles method and apparatus	B2	29	0
5002793	utility	5/22/2025	Photoresist / process method and apparatus	B2	18	0
5002794	utility	9/26/2025	Photoresist / process method and apparatus	B2	11	0
5002795	utility	8/13/2025	Photoresist / process method and apparatus	B2	17	0
5002796	utility	6/24/2025	Photoresist / process method and apparatus	B2	16	0
5002797	utility	5/11/2025	Photoresist / process method and apparatus	B2	11	0
5002798	utility	12/30/2025	Photoresist / process method and apparatus	B2	30	0
5002799	utility	4/26/2025	Masks / reticles method and apparatus	B2	24	0
5002800	utility	5/31/2010	Unrelated semiconductor widget	B2	20	0
5002801	utility	10/8/2023	Unrelated semiconductor widget	B2	18	0
5002802	utility	6/17/2014	Unrelated semiconductor widget	B2	6	0
5002803	utility	4/24/2019	Unrelated semiconductor widget	B2	8	0
5002804	utility	5/28/2024	Unrelated semiconductor widget	B2	13	0
5002805	utility	11/23/2023	Unrelated semiconductor widget	B2	13	0
5002806	utility	4/17/2025	Unrelated semiconductor widget	B2	13	0
5002807	utility	5/13/2019	Unrelated semiconductor widget	B2	15	0
5002808	utility	5/31/2014	Unrelated semiconductor widget	B2	13	0
5002809	utility	12/31/2012	Unrelated semiconductor widget	B2	7	0
5002810	utility	4/16/2005	Unrelated semiconductor widget	B2	8	0
5002811	utility	12/29/2020	Unrelated semiconductor widget	B2	20	0
5002812	utility	6/12/2010	Unrelated semiconductor widget	B2	20	0
5002813	utility	12/19/2009	Unrelated semiconductor widget	B2	18	0
5002814	utility	12/6/2019	Unrelated semiconductor widget	B2	13	0
5002815	utility	5/2/2007	Unrelated semiconductor widget	B2	20	0
5002816	utility	7/30/2017	Unrelated semiconductor widget	B2	17	0
5002817	utility	8/10/2018	Unrelated semiconductor widget	B2	17	0
5002818	utility	12/11/2005	Unrelated semiconductor widget	B2	8	0
5002819	utility	3/30/2018	Unrelated semiconductor widget	B2	8	0
5002820	utility	11/29/2017	Unrelated semiconductor widget	B2	8	0
5002821	utility	8/21/2007	Unrelated semiconductor widget	B2	12	0
5002822	utility	2/2/2013	Unrelated semiconductor widget	B2	18	0
5002823	utility	4/15/2023	Unrelated semiconductor widget	B2	17	0
5002824	utility	2/10/2021	Unrelated semiconductor widget	B2	6	0
5002825	utility	10/16/2012	Unrelated semiconductor widget	B2	19	0
5002826	utility	2/12/2024	Unrelated semiconductor widget	B2	19	0
5002827	utility	11/10/2017	Unrelated semiconductor widget	B2	6	0
5002828	utility	12/11/2013	Unrelated semiconductor widget	B2	18	0
5002829	utility	1/4/2020	Unrelated semiconductor widget	B2	5	0
5002830	utility	11/5/2009	Unrelated semiconductor widget	B2	10	0
5002831	utility	7/17/2005	Unrelated semiconductor widget	B2	15	0
5002832	utility	3/21/2007	Unrelated semiconductor widget	B2	14	0
5002833	utility	8/26/2025	Unrelated semiconductor widget	B2	18	0
5002834	utility	12/27/2022	Unrelated semiconductor widget	B2	5	0
5002835	utility	5/9/2021	Unrelated semiconductor widget	B2	19	0
5002836	utility	1/20/2024	Unrelated semiconductor widget	B2	13	0
5002837	utility	1/16/2013	Unrelated semiconductor widget	B2	16	0
5002838	utility	11/26/2012	Unrelated semiconductor widget	B2	12	0
5002839	utility	3/17/2011	Unrelated semiconductor widget	B2	19	0
5002840	utility	7/31/2022	Unrelated semiconductor widget	B2	6	0
5002841	utility	4/12/2012	Unrelated semiconductor widget	B2	19	0
5002842	utility	9/6/2020	Unrelated semiconductor widget	B2	13	0
5002843	utility	3/29/2022	Unrelated semiconductor widget	B2	10	0
5002844	utility	9/12/2009	Unrelated semiconductor widget	B2	15	0
5002845	utility	8/12/2021	Unrelated semiconductor widget	B2	17	0
5002846	utility	11/24/2021	Unrelated semiconductor widget	B2	16	0
5002847	utility	7/8/2022	Unrelated semiconductor widget	B2	10	0
5002848	utility	12/12/2023	Unrelated semiconductor widget	B2	20	0
5002849	utility	3/19/2024	Unrelated semiconductor widget	B2	7	0
5002850	utility	6/27/2012	Unrelated semiconductor widget	B2	16	0
5002851	utility	10/29/2018	Unrelated semiconductor widget	B2	12	0
5002852	utility	2/7/2012	Unrelated semiconductor widget	B2	14	0
5002853	utility	4/10/2007	Unrelated semiconductor widget	B2	7	0
5002854	utility	5/6/2019	Unrelated semiconductor widget	B2	17	0
5002855	utility	1/8/2012	Unrelated semiconductor widget	B2	20	0
5002856	utility	5/6/2019	Unrelated semiconductor widget	B2	10	0
5002857	utility	12/20/2021	Unrelated semiconductor widget	B2	17	0
5002858	utility	7/15/2009	Unrelated semiconductor widget	B2	13	0
5002859	utility	3/14/2024	Unrelated semiconductor widget	B2	20	0
5002860	utility	11/12/2012	Unrelated semiconductor widget	B2	15	0
5002861	utility	1/28/2023	Unrelated semiconductor widget	B2	19	0
5002862	utility	2/3/2025	Unrelated semiconductor widget	B2	16	0
5002863	utility	12/6/2021	Unrelated semiconductor widget	B2	10	0
5002864	utility	10/12/2008	Unrelated semiconductor widget	B2	15	0
5002865	utility	5/11/2005	Unrelated semiconductor widget	B2	8	0
5002866	utility	4/4/2009	Unrelated semiconductor widget	B2	14	0
5002867	utility	5/21/2025	Unrelated semiconductor widget	B2	14	0
5002868	utility	12/22/2021	Unrelated semiconductor widget	B2	10	0
5002869	utility	12/5/2013	Unrelated semiconductor widget	B2	7	0
5002870	utility	6/16/2009	Unrelated semiconductor widget	B2	7	0
5002871	utility	1/12/2007	Unrelated semiconductor widget	B2	17	0
5002872	utility	2/12/2024	Unrelated semiconductor widget	B2	13	0
5002873	utility	4/9/2008	Unrelated semiconductor widget	B2	15	0
5002874	utility	12/13/2016	Unrelated semiconductor widget	B2	16	0
5002875	utility	11/25/2013	Unrelated semiconductor widget	B2	9	0
5002876	utility	8/30/2025	Unrelated semiconductor widget	B2	17	0
5002877	utility	4/29/2007	Unrelated semiconductor widget	B2	14	0
5002878	utility	10/5/2018	Unrelated semiconductor widget	B2	7	0
5002879	utility	4/6/2012	Unrelated semiconductor widget	B2	12	0
5002880	utility	12/5/2014	Unrelated semiconductor widget	B2	6	0
5002881	utility	7/8/2010	Unrelated semiconductor widget	B2	9	0
5002882	utility	12/22/2019	Unrelated semiconductor widget	B2	13	0
5002883	utility	8/4/2005	Unrelated semiconductor widget	B2	20	0
5002884	utility	1/13/2010	Unrelated semiconductor widget	B2	12	0
5002885	utility	7/3/2010	Unrelated semiconductor widget	B2	12	0
5002886	utility	11/17/2014	Unrelated semiconductor widget	B2	11	0
5002887	utility	4/5/2008	Unrelated semiconductor widget	B2	5	0
5002888	utility	8/29/2011	Unrelated semiconductor widget	B2	12	0
5002889	utility	6/20/2005	Unrelated semiconductor widget	B2	20	0
5002890	utility	10/18/2023	Unrelated semiconductor widget	B2	19	0
5002891	utility	4/19/2014	Unrelated semiconductor widget	B2	11	0
5002892	utility	4/1/2014	Unrelated semiconductor widget	B2	10	0
5002893	utility	1/8/2024	Unrelated semiconductor widget	B2	17	0
5002894	utility	1/26/2019	Unrelated semiconductor widget	B2	17	0
5002895	utility	10/1/2021	Unrelated semiconductor widget	B2	13	0
5002896	utility	11/7/2020	Unrelated semiconductor widget	B2	16	0
5002897	utility	1/8/2023	Unrelated semiconductor widget	B2	13	0
5002898	utility	9/4/2014	Unrelated semiconductor widget	B2	16	0
5002899	utility	3/6/2013	Unrelated semiconductor widget	B2	12	0
5002900	utility	3/7/2012	Unrelated semiconductor widget	B2	16	0
5002901	utility	9/24/2006	Unrelated semiconductor widget	B2	9	0
5002902	utility	3/20/2012	Unrelated semiconductor widget	B2	12	0
5002903	utility	11/5/2022	Unrelated semiconductor widget	B2	9	0
5002904	utility	3/3/2007	Unrelated semiconductor widget	B2	20	0
5002905	utility	1/3/2017	Unrelated semiconductor widget	B2	15	0
5002906	utility	5/9/2007	Unrelated semiconductor widget	B2	12	0
5002907	utility	2/25/2021	Unrelated semiconductor widget	B2	16	0
5002908	utility	2/4/2021	Unrelated semiconductor widget	B2	12	0
5002909	utility	6/9/2015	Unrelated semiconductor widget	B2	13	0
5002910	utility	11/18/2017	Unrelated semiconductor widget	B2	6	0
5002911	utility	4/29/2015	Unrelated semiconductor widget	B2	19	0
5002912	utility	2/25/2016	Unrelated semiconductor widget	B2	18	0
5002913	utility	6/14/2006	Unrelated semiconductor widget	B2	10	0
5002914	utility	7/1/2005	Unrelated semiconductor widget	B2	19	0
5002915	utility	7/16/2017	Unrelated semiconductor widget	B2	6	0
5002916	utility	2/3/2025	Unrelated semiconductor widget	B2	16	0
5002917	utility	9/10/2015	Unrelated semiconductor widget	B2	9	0
5002918	utility	6/7/2006	Unrelated semiconductor widget	B2	16	0
5002919	utility	6/20/2006	Unrelated semiconductor widget	B2	13	0
5002920	utility	10/12/2017	Unrelated semiconductor widget	B2	13	0
5002921	utility	2/9/2025	Unrelated semiconductor widget	B2	5	0
5002922	utility	1/2/2021	Unrelated semiconductor widget	B2	20	0
5002923	utility	8/31/2014	Unrelated semiconductor widget	B2	9	0
5002924	utility	11/21/2013	Unrelated semiconductor widget	B2	11	0
5002925	utility	11/5/2019	Unrelated semiconductor widget	B2	19	0
5002926	utility	12/14/2011	Unrelated semiconductor widget	B2	14	0
5002927	utility	5/31/2012	Unrelated semiconductor widget	B2	12	0
5002928	utility	10/13/2017	Unrelated semiconductor widget	B2	18	0
5002929	utility	3/27/2008	Unrelated semiconductor widget	B2	15	0
5002930	utility	5/8/2024	Unrelated semiconductor widget	B2	5	0
5002931	utility	9/3/2018	Unrelated semiconductor widget	B2	6	0
5002932	utility	12/21/2020	Unrelated semiconductor widget	B2	16	0
5002933	utility	3/6/2018	Unrelated semiconductor widget	B2	8	0
5002934	utility	5/17/2022	Unrelated semiconductor widget	B2	7	0
5002935	utility	10/8/2018	Unrelated semiconductor widget	B2	7	0
5002936	utility	11/18/2016	Unrelated semiconductor widget	B2	18	0
5002937	utility	5/20/2021	Unrelated semiconductor widget	B2	10	0
5002938	utility	6/7/2021	Unrelated semiconductor widget	B2	11	0
5002939	utility	8/1/2010	Unrelated semiconductor widget	B2	10	0
5002940	utility	9/30/2023	Unrelated semiconductor widget	B2	10	0
5002941	utility	8/30/2005	Unrelated semiconductor widget	B2	20	0
5002942	utility	5/6/2021	Unrelated semiconductor widget	B2	8	0
5002943	utility	6/11/2012	Unrelated semiconductor widget	B2	7	0
5002944	utility	2/11/2007	Unrelated semiconductor widget	B2	17	0
5002945	utility	11/16/2017	Unrelated semiconductor widget	B2	17	0
5002946	utility	1/20/2023	Unrelated semiconductor widget	B2	18	0
5002947	utility	7/21/2013	Unrelated semiconductor widget	B2	20	0
5002948	utility	2/9/2008	Unrelated semiconductor widget	B2	15	0
5002949	utility	2/8/2009	Unrelated semiconductor widget	B2	8	0
5002950	utility	12/25/2011	Unrelated semiconductor widget	B2	16	0
5002951	utility	12/24/2008	Unrelated semiconductor widget	B2	18	0
5002952	utility	9/19/2024	Unrelated semiconductor widget	B2	13	0
5002953	utility	3/17/2016	Unrelated semiconductor widget	B2	7	0
5002954	utility	2/20/2009	Unrelated semiconductor widget	B2	13	0
5002955	utility	1/2/2014	Unrelated semiconductor widget	B2	11	0
5002956	utility	1/31/2010	Unrelated semiconductor widget	B2	16	0
5002957	utility	7/9/2019	Unrelated semiconductor widget	B2	7	0
5002958	utility	8/14/2012	Unrelated semiconductor widget	B2	19	0
5002959	utility	11/11/2021	Unrelated semiconductor widget	B2	8	0
5002960	utility	10/1/2016	Unrelated semiconductor widget	B2	13	0
5002961	utility	6/17/2005	Unrelated semiconductor widget	B2	6	0
5002962	utility	6/30/2017	Unrelated semiconductor widget	B2	6	0
5002963	utility	4/24/2020	Unrelated semiconductor widget	B2	16	0
5002964	utility	2/22/2007	Unrelated semiconductor widget	B2	10	0
5002965	utility	1/15/2005	Unrelated semiconductor widget	B2	5	0
5002966	utility	2/8/2005	Unrelated semiconductor widget	B2	15	0
5002967	utility	8/18/2013	Unrelated semiconductor widget	B2	14	0
5002968	utility	8/15/2005	Unrelated semiconductor widget	B2	16	0
5002969	utility	4/10/2024	Unrelated semiconductor widget	B2	7	0
5002970	utility	11/13/2008	Unrelated semiconductor widget	B2	11	0
5002971	utility	4/12/2019	Unrelated semiconductor widget	B2	20	0
5002972	utility	1/29/2009	Unrelated semiconductor widget	B2	11	0
5002973	utility	9/29/2012	Unrelated semiconductor widget	B2	8	0
5002974	utility	7/24/2024	Unrelated semiconductor widget	B2	9	0
5002975	utility	6/14/2018	Unrelated semiconductor widget	B2	16	0
5002976	utility	11/16/2017	Unrelated semiconductor widget	B2	10	0
5002977	utility	12/29/2024	Unrelated semiconductor widget	B2	19	0
5002978	utility	11/4/2020	Unrelated semiconductor widget	B2	10	0
5002979	utility	5/19/2016	Unrelated semiconductor widget	B2	9	0
5002980	utility	4/8/2023	Unrelated semiconductor widget	B2	19	0
5002981	utility	9/6/2005	Unrelated semiconductor widget	B2	6	0
5002982	utility	12/23/2025	Unrelated semiconductor widget	B2	8	0
5002983	utility	2/8/2023	Unrelated semiconductor widget	B2	14	0
5002984	utility	12/21/2025	Unrelated semiconductor widget	B2	14	0
5002985	utility	6/2/2007	Unrelated semiconductor widget	B2	16	0
5002986	utility	4/27/2020	Unrelated semiconductor widget	B2	10	0
5002987	utility	3/28/2018	Unrelated semiconductor widget	B2	10	0
5002988	utility	3/11/2025	Unrelated semiconductor widget	B2	8	0
5002989	utility	2/29/2016	Unrelated semiconductor widget	B2	11	0
5002990	utility	7/15/2018	Unrelated semiconductor widget	B2	9	0
5002991	utility	10/3/2018	Unrelated semiconductor widget	B2	15	0
5002992	utility	3/14/2015	Unrelated semiconductor widget	B2	17	0
5002993	utility	8/3/2022	Unrelated semiconductor widget	B2	19	0
5002994	utility	8/12/2007	Unrelated semiconductor widget	B2	7	0
5002995	utility	8/3/2012	Unrelated semiconductor widget	B2	12	0
5002996	utility	3/15/2013	Unrelated semiconductor widget	B2	9	0
5002997	utility	5/16/2010	Unrelated semiconductor widget	B2	20	0
5002998	utility	3/23/2009	Unrelated semiconductor widget	B2	17	0
5002999	utility	12/7/2005	Unrelated semiconductor widget	B2	16	0
5003000	utility	4/26/2006	Unrelated semiconductor widget	B2	20	0
5003001	utility	3/10/2023	Unrelated semiconductor widget	B2	8	0
5003002	utility	1/6/2024	Unrelated semiconductor widget	B2	7	0
5003003	utility	11/19/2019	Unrelated semiconductor widget	B2	15	0
5003004	utility	6/15/2025	Unrelated semiconductor widget	B2	17	0
5003005	utility	12/23/2021	Unrelated semiconductor widget	B2	11	0
5003006	utility	5/4/2011	Unrelated semiconductor widget	B2	15	0
5003007	utility	1/15/2008	Unrelated semiconductor widget	B2	19	0
5003008	utility	2/15/2022	Unrelated semiconductor widget	B2	11	0
5003009	utility	7/28/2011	Unrelated semiconductor widget	B2	18	0
5003010	utility	1/25/2014	Unrelated semiconductor widget	B2	18	0
5003011	utility	6/16/2013	Unrelated semiconductor widget	B2	7	0
5003012	utility	1/1/2016	Unrelated semiconductor widget	B2	5	0
5003013	utility	1/8/2016	Unrelated semiconductor widget	B2	8	0
5003014	utility	3/18/2012	Unrelated semiconductor widget	B2	20	0
5003015	utility	9/4/2018	Unrelated semiconductor widget	B2	17	0
5003016	utility	11/11/2011	Unrelated semiconductor widget	B2	20	0
5003017	utility	8/21/2022	Unrelated semiconductor widget	B2	14	0
5003018	utility	4/16/2022	Unrelated semiconductor widget	B2	6	0
5003019	utility	10/31/2016	Unrelated semiconductor widget	B2	6	0
5003020	utility	3/21/2009	Unrelated semiconductor widget	B2	7	0
5003021	utility	11/21/2011	Unrelated semiconductor widget	B2	10	0
5003022	utility	5/18/2019	Unrelated semiconductor widget	B2	15	0
5003023	utility	7/31/2021	Unrelated semiconductor widget	B2	6	0
5003024	utility	12/25/2016	Unrelated semiconductor widget	B2	5	0
5003025	utility	1/22/2006	Unrelated semiconductor widget	B2	14	0
5003026	utility	8/20/2013	Unrelated semiconductor widget	B2	11	0
5003027	utility	11/21/2012	Unrelated semiconductor widget	B2	6	0
5003028	utility	6/24/2023	Unrelated semiconductor widget	B2	18	0
5003029	utility	7/26/2021	Unrelated semiconductor widget	B2	10	0
5003030	utility	5/30/2016	Unrelated semiconductor widget	B2	16	0
5003031	utility	4/11/2020	Unrelated semiconductor widget	B2	6	0
5003032	utility	6/5/2025	Unrelated semiconductor widget	B2	11	0
5003033	utility	3/20/2007	Unrelated semiconductor widget	B2	19	0
5003034	utility	3/2/2009	Unrelated semiconductor widget	B2	12	0
5003035	utility	12/24/2020	Unrelated semiconductor widget	B2	15	0
5003036	utility	8/21/2006	Unrelated semiconductor widget	B2	11	0
5003037	utility	2/10/2016	Unrelated semiconductor widget	B2	11	0
5003038	utility	10/23/2017	Unrelated semiconductor widget	B2	5	0
5003039	utility	1/6/2006	Unrelated semiconductor widget	B2	17	0
5003040	utility	8/15/2009	Unrelated semiconductor widget	B2	8	0
5003041	utility	9/24/2025	Unrelated semiconductor widget	B2	14	0
5003042	utility	2/8/2005	Unrelated semiconductor widget	B2	12	0
5003043	utility	10/18/2019	Unrelated semiconductor widget	B2	15	0
5003044	utility	12/21/2008	Unrelated semiconductor widget	B2	17	0
5003045	utility	7/17/2023	Unrelated semiconductor widget	B2	12	0
5003046	utility	5/4/2013	Unrelated semiconductor widget	B2	17	0
5003047	utility	1/2/2006	Unrelated semiconductor widget	B2	9	0
5003048	utility	3/6/2008	Unrelated semiconductor widget	B2	12	0
5003049	utility	12/12/2018	Unrelated semiconductor widget	B2	13	0
5003050	utility	10/12/2024	Unrelated semiconductor widget	B2	18	0
5003051	utility	4/5/2020	Unrelated semiconductor widget	B2	14	0
5003052	utility	8/6/2009	Unrelated semiconductor widget	B2	13	0
5003053	utility	3/7/2014	Unrelated semiconductor widget	B2	5	0
5003054	utility	4/30/2014	Unrelated semiconductor widget	B2	18	0
5003055	utility	6/17/2013	Unrelated semiconductor widget	B2	13	0
5003056	utility	11/25/2023	Unrelated semiconductor widget	B2	11	0
5003057	utility	4/27/2023	Unrelated semiconductor widget	B2	20	0
5003058	utility	9/8/2010	Unrelated semiconductor widget	B2	5	0
5003059	utility	1/20/2019	Unrelated semiconductor widget	B2	17	0
5003060	utility	12/9/2005	Unrelated semiconductor widget	B2	19	0
5003061	utility	11/22/2007	Unrelated semiconductor widget	B2	12	0
5003062	utility	8/1/2006	Unrelated semiconductor widget	B2	8	0
5003063	utility	8/3/2007	Unrelated semiconductor widget	B2	10	0
5003064	utility	3/27/2025	Unrelated semiconductor widget	B2	20	0
5003065	utility	6/29/2006	Unrelated semiconductor widget	B2	10	0
5003066	utility	1/16/2017	Unrelated semiconductor widget	B2	15	0
5003067	utility	10/3/2008	Unrelated semiconductor widget	B2	13	0
5003068	utility	4/9/2020	Unrelated semiconductor widget	B2	17	0
5003069	utility	5/23/2011	Unrelated semiconductor widget	B2	14	0
5003070	utility	5/22/2011	Unrelated semiconductor widget	B2	13	0
5003071	utility	6/8/2007	Unrelated semiconductor widget	B2	8	0
5003072	utility	11/10/2013	Unrelated semiconductor widget	B2	11	0
5003073	utility	12/10/2006	Unrelated semiconductor widget	B2	20	0
5003074	utility	7/3/2009	Unrelated semiconductor widget	B2	9	0
5003075	utility	8/16/2016	Unrelated semiconductor widget	B2	6	0
5003076	utility	7/9/2015	Unrelated semiconductor widget	B2	20	0
5003077	utility	6/15/2007	Unrelated semiconductor widget	B2	8	0
5003078	utility	2/17/2010	Unrelated semiconductor widget	B2	6	0
5003079	utility	9/8/2023	Unrelated semiconductor widget	B2	17	0
5003080	utility	2/20/2009	Unrelated semiconductor widget	B2	7	0
5003081	utility	2/7/2022	Unrelated semiconductor widget	B2	7	0
5003082	utility	6/4/2010	Unrelated semiconductor widget	B2	18	0
5003083	utility	10/20/2018	Unrelated semiconductor widget	B2	16	0
5003084	utility	10/29/2014	Unrelated semiconductor widget	B2	9	0
5003085	utility	12/1/2014	Unrelated semiconductor widget	B2	6	0
5003086	utility	11/14/2019	Unrelated semiconductor widget	B2	11	0
5003087	utility	3/28/2022	Unrelated semiconductor widget	B2	11	0
5003088	utility	4/5/2021	Unrelated semiconductor widget	B2	15	0
5003089	utility	12/25/2005	Unrelated semiconductor widget	B2	5	0
5003090	utility	6/5/2008	Unrelated semiconductor widget	B2	15	0
5003091	utility	4/11/2024	Unrelated semiconductor widget	B2	13	0
5003092	utility	9/4/2025	Unrelated semiconductor widget	B2	10	0
5003093	utility	11/8/2012	Unrelated semiconductor widget	B2	19	0
5003094	utility	7/2/2009	Unrelated semiconductor widget	B2	6	0
5003095	utility	10/11/2013	Unrelated semiconductor widget	B2	17	0
5003096	utility	6/8/2008	Unrelated semiconductor widget	B2	14	0
5003097	utility	5/4/2016	Unrelated semiconductor widget	B2	7	0
5003098	utility	1/20/2010	Unrelated semiconductor widget	B2	10	0
5003099	utility	1/26/2019	Unrelated semiconductor widget	B2	11	0
5003100	utility	7/14/2012	Unrelated semiconductor widget	B2	19	0
5003101	utility	7/27/2005	Unrelated semiconductor widget	B2	19	0
5003102	utility	7/23/2006	Unrelated semiconductor widget	B2	12	0
5003103	utility	6/30/2018	Unrelated semiconductor widget	B2	14	0
5003104	utility	6/28/2017	Unrelated semiconductor widget	B2	10	0
5003105	utility	3/20/2008	Unrelated semiconductor widget	B2	15	0
5003106	utility	4/10/2006	Unrelated semiconductor widget	B2	8	0
5003107	utility	5/11/2020	Unrelated semiconductor widget	B2	7	0
5003108	utility	3/13/2014	Unrelated semiconductor widget	B2	5	0
5003109	utility	11/16/2018	Unrelated semiconductor widget	B2	10	0
5003110	utility	3/29/2021	Unrelated semiconductor widget	B2	15	0
5003111	utility	4/23/2013	Unrelated semiconductor widget	B2	6	0
5003112	utility	3/21/2008	Unrelated semiconductor widget	B2	8	0
5003113	utility	5/7/2020	Unrelated semiconductor widget	B2	12	0
5003114	utility	2/18/2005	Unrelated semiconductor widget	B2	17	0
5003115	utility	1/29/2005	Unrelated semiconductor widget	B2	6	0
5003116	utility	4/2/2023	Unrelated semiconductor widget	B2	17	0
5003117	utility	3/30/2022	Unrelated semiconductor widget	B2	8	0
5003118	utility	3/22/2024	Unrelated semiconductor widget	B2	12	0
5003119	utility	2/4/2022	Unrelated semiconductor widget	B2	6	0
5003120	utility	8/23/2017	Unrelated semiconductor widget	B2	7	0
5003121	utility	6/12/2005	Unrelated semiconductor widget	B2	20	0
5003122	utility	10/26/2017	Unrelated semiconductor widget	B2	17	0
5003123	utility	5/3/2011	Unrelated semiconductor widget	B2	17	0
5003124	utility	2/1/2015	Unrelated semiconductor widget	B2	12	0
5003125	utility	4/26/2020	Unrelated semiconductor widget	B2	20	0
5003126	utility	9/28/2018	Unrelated semiconductor widget	B2	13	0
5003127	utility	9/28/2012	Unrelated semiconductor widget	B2	19	0
5003128	utility	10/1/2015	Unrelated semiconductor widget	B2	9	0
5003129	utility	3/10/2015	Unrelated semiconductor widget	B2	16	0
5003130	utility	1/8/2010	Unrelated semiconductor widget	B2	9	0
5003131	utility	6/8/2011	Unrelated semiconductor widget	B2	10	0
5003132	utility	9/18/2013	Unrelated semiconductor widget	B2	13	0
5003133	utility	10/12/2024	Unrelated semiconductor widget	B2	10	0
5003134	utility	4/4/2013	Unrelated semiconductor widget	B2	5	0
5003135	utility	9/7/2014	Unrelated semiconductor widget	B2	14	0
5003136	utility	3/25/2008	Unrelated semiconductor widget	B2	6	0
5003137	utility	4/26/2015	Unrelated semiconductor widget	B2	18	0
5003138	utility	12/9/2020	Unrelated semiconductor widget	B2	12	0
5003139	utility	1/9/2014	Unrelated semiconductor widget	B2	9	0
5003140	utility	11/5/2023	Unrelated semiconductor widget	B2	16	0
5003141	utility	9/1/2009	Unrelated semiconductor widget	B2	17	0
5003142	utility	6/12/2014	Unrelated semiconductor widget	B2	18	0
5003143	utility	5/2/2015	Unrelated semiconductor widget	B2	19	0
5003144	utility	12/16/2014	Unrelated semiconductor widget	B2	17	0
5003145	utility	5/26/2015	Unrelated semiconductor widget	B2	16	0
5003146	utility	7/30/2012	Unrelated semiconductor widget	B2	15	0
5003147	utility	12/4/2019	Unrelated semiconductor widget	B2	17	0
5003148	utility	12/27/2007	Unrelated semiconductor widget	B2	11	0
5003149	utility	7/9/2010	Unrelated semiconductor widget	B2	11	0
5003150	utility	12/25/2020	Unrelated semiconductor widget	B2	11	0
5003151	utility	10/1/2017	Unrelated semiconductor widget	B2	11	0
5003152	utility	8/5/2024	Unrelated semiconductor widget	B2	16	0
5003153	utility	3/12/2025	Unrelated semiconductor widget	B2	19	0
5003154	utility	4/18/2017	Unrelated semiconductor widget	B2	18	0
5003155	utility	5/29/2013	Unrelated semiconductor widget	B2	14	0
5003156	utility	10/16/2009	Unrelated semiconductor widget	B2	17	0
5003157	utility	3/3/2008	Unrelated semiconductor widget	B2	20	0
5003158	utility	6/10/2007	Unrelated semiconductor widget	B2	19	0
5003159	utility	9/27/2011	Unrelated semiconductor widget	B2	18	0
5003160	utility	2/21/2006	Unrelated semiconductor widget	B2	11	0
5003161	utility	11/15/2009	Unrelated semiconductor widget	B2	15	0
5003162	utility	5/17/2017	Unrelated semiconductor widget	B2	10	0
5003163	utility	10/18/2019	Unrelated semiconductor widget	B2	17	0
5003164	utility	8/10/2016	Unrelated semiconductor widget	B2	18	0
5003165	utility	1/17/2009	Unrelated semiconductor widget	B2	19	0
5003166	utility	7/15/2005	Unrelated semiconductor widget	B2	11	0
5003167	utility	8/28/2013	Unrelated semiconductor widget	B2	10	0
5003168	utility	2/18/2011	Unrelated semiconductor widget	B2	9	0
5003169	utility	5/21/2019	Unrelated semiconductor widget	B2	17	0
5003170	utility	11/24/2017	Unrelated semiconductor widget	B2	11	0
5003171	utility	5/19/2008	Unrelated semiconductor widget	B2	18	0
5003172	utility	2/6/2012	Unrelated semiconductor widget	B2	19	0
5003173	utility	7/6/2010	Unrelated semiconductor widget	B2	9	0
5003174	utility	2/8/2022	Unrelated semiconductor widget	B2	20	0
5003175	utility	2/4/2012	Unrelated semiconductor widget	B2	6	0
5003176	utility	3/2/2020	Unrelated semiconductor widget	B2	8	0
5003177	utility	8/26/2022	Unrelated semiconductor widget	B2	7	0
5003178	utility	12/4/2006	Unrelated semiconductor widget	B2	5	0
5003179	utility	3/13/2005	Unrelated semiconductor widget	B2	6	0
5003180	utility	6/8/2012	Unrelated semiconductor widget	B2	7	0
5003181	utility	1/11/2012	Unrelated semiconductor widget	B2	16	0
5003182	utility	7/22/2009	Unrelated semiconductor widget	B2	9	0
5003183	utility	10/11/2009	Unrelated semiconductor widget	B2	14	0
5003184	utility	11/9/2023	Unrelated semiconductor widget	B2	7	0
5003185	utility	2/21/2013	Unrelated semiconductor widget	B2	15	0
5003186	utility	2/1/2018	Unrelated semiconductor widget	B2	19	0
5003187	utility	8/28/2015	Unrelated semiconductor widget	B2	15	0
5003188	utility	10/12/2020	Unrelated semiconductor widget	B2	10	0
5003189	utility	7/2/2011	Unrelated semiconductor widget	B2	14	0
5003190	utility	4/12/2007	Unrelated semiconductor widget	B2	10	0
5003191	utility	3/16/2025	Unrelated semiconductor widget	B2	9	0
5003192	utility	8/30/2008	Unrelated semiconductor widget	B2	18	0
5003193	utility	8/29/2007	Unrelated semiconductor widget	B2	18	0
5003194	utility	7/20/2008	Unrelated semiconductor widget	B2	20	0
5003195	utility	9/12/2020	Unrelated semiconductor widget	B2	13	0
5003196	utility	6/23/2020	Unrelated semiconductor widget	B2	12	0
5003197	utility	7/18/2007	Unrelated semiconductor widget	B2	9	0
5003198	utility	5/24/2025	Unrelated semiconductor widget	B2	19	0
5003199	utility	3/7/2007	Unrelated semiconductor widget	B2	6	0
5003200	utility	7/10/1999	Old lithography apparatus	B2	12	0
5003201	utility	4/21/2003	Old lithography apparatus	B2	12	0
5003202	utility	5/8/2003	Old lithography apparatus	B2	12	0
5003203	utility	3/23/1998	Old lithography apparatus	B2	12	0
5003204	utility	1/24/2002	Old lithography apparatus	B2	12	0
5003205	utility	7/23/2004	Old lithography apparatus	B2	12	0
5003206	utility	1/15/2000	Old lithography apparatus	B2	12	0
5003207	utility	3/23/1998	Old lithography apparatus	B2	12	0
5003208	utility	5/10/2004	Old lithography apparatus	B2	12	0
5003209	utility	10/23/2001	Old lithography apparatus	B2	12	0
5003210	utility	2/24/2002	Old lithography apparatus	B2	12	0
5003211	utility	12/27/1999	Old lithography apparatus	B2	12	0
5003212	utility	12/31/2004	Old lithography apparatus	B2	12	0
5003213	utility	6/1/2002	Old lithography apparatus	B2	12	0
5003214	utility	3/31/1999	Old lithography apparatus	B2	12	0
5003215	utility	3/18/2000	Old lithography apparatus	B2	12	0
5003216	utility	8/6/2001	Old lithography apparatus	B2	12	0
5003217	utility	12/7/1998	Old lithography apparatus	B2	12	0
5003218	utility	10/5/2004	Old lithography apparatus	B2	12	0
5003219	utility	3/7/1998	Old lithography apparatus	B2	12	0
5003220	utility	8/14/2004	Old lithography apparatus	B2	12	0
5003221	utility	11/24/1999	Old lithography apparatus	B2	12	0
5003222	utility	11/1/2000	Old lithography apparatus	B2	12	0
5003223	utility	10/4/2003	Old lithography apparatus	B2	12	0
5003224	utility	11/2/2003	Old lithography apparatus	B2	12	0
5003225	utility	6/29/2003	Old lithography apparatus	B2	12	0
5003226	utility	11/15/1999	Old lithography apparatus	B2	12	0
5003227	utility	9/5/2000	Old lithography apparatus	B2	12	0
5003228	utility	6/9/2001	Old lithography apparatus	B2	12	0
5003229	utility	1/13/2003	Old lithography apparatus	B2	12	0
5003230	utility	10/14/2001	Old lithography apparatus	B2	12	0
5003231	utility	1/22/2001	Old lithography apparatus	B2	12	0
5003232	utility	2/20/2003	Old lithography apparatus	B2	12	0
5003233	utility	11/25/1998	Old lithography apparatus	B2	12	0
5003234	utility	3/8/2004	Old lithography apparatus	B2	12	0
5003235	utility	6/20/1999	Old lithography apparatus	B2	12	0
5003236	utility	2/13/1998	Old lithography apparatus	B2	12	0
5003237	utility	6/7/2004	Old lithography apparatus	B2	12	0
5003238	utility	5/24/2001	Old lithography apparatus	B2	12	0
5003239	utility	3/28/2000	Old lithography apparatus	B2	12	0
5003240	utility	4/6/2002	Old lithography apparatus	B2	12	0
5003241	utility	5/28/1998	Old lithography apparatus	B2	12	0
5003242	utility	1/12/2001	Old lithography apparatus	B2	12	0
5003243	utility	3/17/2002	Old lithography apparatus	B2	12	0
5003244	utility	2/11/2002	Old lithography apparatus	B2	12	0
5003245	utility	10/5/2002	Old lithography apparatus	B2	12	0
5003246	utility	11/2/2001	Old lithography apparatus	B2	12	0
5003247	utility	11/19/2001	Old lithography apparatus	B2	12	0
5003248	utility	12/7/2000	Old lithography apparatus	B2	12	0
5003249	utility	3/1/2000	Old lithography apparatus	B2	12	0
5003250	utility	2/27/2001	Old lithography apparatus	B2	12	0
5003251	utility	12/8/1998	Old lithography apparatus	B2	12	0
5003252	utility	12/14/1998	Old lithography apparatus	B2	12	0
5003253	utility	7/29/2001	Old lithography apparatus	B2	12	0
5003254	utility	4/10/1999	Old lithography apparatus	B2	12	0
5003255	utility	6/11/1999	Old lithography apparatus	B2	12	0
5003256	utility	9/22/2000	Old lithography apparatus	B2	12	0
5003257	utility	12/27/1999	Old lithography apparatus	B2	12	0
5003258	utility	9/24/1998	Old lithography apparatus	B2	12	0
5003259	utility	5/31/2004	Old lithography apparatus	B2	12	0
