patent_id	patent_type	patent_date	patent_title	wipo_kind	num_claims	withdrawn
5000001	utility	2005-04-25	Exposure apparatus method and apparatus	B2	12	0
5000002	utility	2005-01-17	Exposure; illumination method and apparatus	B2	8	0
5000003	utility	2005-01-14	Exposure; illumination method and apparatus	B2	25	0
5000004	utility	2005-10-29	Exposure apparatus method and apparatus	B2	16	0
5000005	utility	2005-03-23	Alignment / registration method and apparatus	B2	30	0
5000006	utility	2005-06-22	Exposure apparatus method and apparatus	B2	11	0
5000007	utility	2005-06-26	Exposure apparatus method and apparatus	B2	27	0
5000008	utility	2005-10-02	Alignment / registration method and apparatus	B2	11	0
5000009	utility	2005-05-31	Exposure apparatus method and apparatus	B2	28	0
5000010	utility	2005-12-27	Exposure; illumination method and apparatus	B2	10	0
5000011	utility	2005-02-10	Exposure; illumination method and apparatus	B2	15	0
5000012	utility	2005-11-22	Exposure apparatus method and apparatus	B2	19	0
5000013	utility	2005-05-17	Exposure apparatus method and apparatus	B2	30	0
5000014	utility	2005-11-22	Exposure apparatus method and apparatus	B2	13	0
5000015	utility	2005-07-14	Exposure apparatus method and apparatus	B2	16	0
5000016	utility	2005-01-29	Exposure apparatus method and apparatus	B2	15	0
5000017	utility	2005-02-03	Exposure apparatus method and apparatus	B2	14	0
5000018	utility	2005-06-11	Alignment / registration method and apparatus	B2	14	0
5000019	utility	2005-11-26	Alignment / registration method and apparatus	B2	22	0
5000020	utility	2005-10-15	Exposure apparatus method and apparatus	B2	25	0
5000021	utility	2005-10-26	Exposure apparatus method and apparatus	B2	20	0
5000022	utility	2005-02-16	Exposure; illumination method and apparatus	B2	9	0
5000023	utility	2005-12-15	Exposure; illumination method and apparatus	B2	21	0
5000024	utility	2005-08-28	Exposure apparatus method and apparatus	B2	24	0
5000025	utility	2005-01-06	Exposure; illumination method and apparatus	B2	29	0
5000026	utility	2005-05-17	Exposure; illumination method and apparatus	B2	28	0
5000027	utility	2005-08-21	Exposure apparatus method and apparatus	B2	8	0
5000028	utility	2005-02-24	Masks / reticles method and apparatus	B2	28	0
5000029	utility	2005-04-12	EUV masks method and apparatus	B2	12	0
5000030	utility	2005-09-29	EUV masks method and apparatus	B2	8	0
5000031	utility	2005-07-05	Masks / reticles method and apparatus	B2	17	0
5000032	utility	2005-02-10	Photoresist / process method and apparatus	B2	10	0
5000033	utility	2005-09-30	Photoresist / process method and apparatus	B2	12	0
5000034	utility	2005-03-26	Photoresist / process method and apparatus	B2	16	0
5000035	utility	2005-04-19	EUV masks method and apparatus	B2	25	0
5000036	utility	2005-06-09	Masks / reticles method and apparatus	B2	20	0
5000037	utility	2005-09-22	EUV masks method and apparatus	B2	22	0
5000038	utility	2005-10-29	Photoresist / process method and apparatus	B2	15	0
5000039	utility	2005-01-17	EUV masks method and apparatus	B2	18	0
5000040	utility	2005-09-06	EUV masks method and apparatus	B2	14	0
5000041	utility	2005-08-31	EUV masks method and apparatus	B2	21	0
5000042	utility	2005-07-01	Photoresist / process method and apparatus	B2	21	0
5000043	utility	2005-11-27	Photoresist / process method and apparatus	B2	11	0
5000044	utility	2005-02-25	Photoresist / process method and apparatus	B2	15	0
5000045	utility	2005-04-04	Resist coating method and apparatus	B2	16	0
5000046	utility	2005-01-26	Exposure; illumination method and apparatus	B2	28	0
5000047	utility	2005-05-02	Exposure; illumination method and apparatus	B2	13	0
5000048	utility	2005-07-25	Exposure; illumination method and apparatus	B2	9	0
5000049	utility	2005-05-16	Exposure; illumination method and apparatus	B2	22	0
5000050	utility	2005-06-01	Exposure; illumination method and apparatus	B2	14	0
5000051	utility	2005-01-30	Exposure; illumination method and apparatus	B2	9	0
5000052	utility	2005-02-05	Exposure; illumination method and apparatus	B2	27	0
5000053	utility	2005-10-19	Exposure; illumination method and apparatus	B2	15	0
5000054	utility	2005-08-03	Exposure; illumination method and apparatus	B2	29	0
5000055	utility	2005-05-14	Exposure; illumination method and apparatus	B2	14	0
5000056	utility	2005-07-22	Exposure; illumination method and apparatus	B2	12	0
5000057	utility	2005-02-07	Exposure; illumination method and apparatus	B2	8	0
5000058	utility	2005-02-07	Exposure; illumination method and apparatus	B2	25	0
5000059	utility	2005-06-28	Photoresist / process method and apparatus	B2	10	0
5000060	utility	2005-08-13	Photoresist / process method and apparatus	B2	25	0
5000061	utility	2005-10-11	Masks / reticles method and apparatus	B2	17	0
5000062	utility	2005-03-10	Masks / reticles method and apparatus	B2	16	0
5000063	utility	2005-03-21	Masks / reticles method and apparatus	B2	16	0
5000064	utility	2006-05-16	Exposure; illumination method and apparatus	B2	24	0
5000065	utility	2006-08-05	Exposure apparatus method and apparatus	B2	16	0
5000066	utility	2006-11-23	Alignment / registration method and apparatus	B2	16	0
5000067	utility	2006-08-07	Exposure; illumination method and apparatus	B2	25	0
5000068	utility	2006-12-20	EUV masks method and apparatus	B2	12	0
5000069	utility	2006-03-17	Exposure; illumination method and apparatus	B2	21	0
5000070	utility	2006-01-21	Exposure apparatus method and apparatus	B2	19	0
5000071	utility	2006-07-01	Alignment / registration method and apparatus	B2	25	0
5000072	utility	2006-03-21	EUV masks method and apparatus	B2	15	0
5000073	utility	2006-01-13	Resist coating method and apparatus	B2	13	0
5000074	utility	2006-07-30	Exposure; illumination method and apparatus	B2	29	0
5000075	utility	2006-12-26	Exposure apparatus method and apparatus	B2	11	0
5000076	utility	2006-04-24	Resist coating method and apparatus	B2	14	0
5000077	utility	2006-04-27	Exposure apparatus method and apparatus	B2	15	0
5000078	utility	2006-05-23	Exposure apparatus method and apparatus	B2	10	0
5000079	utility	2006-10-02	Exposure; illumination method and apparatus	B2	18	0
5000080	utility	2006-05-14	Alignment / registration method and apparatus	B2	13	0
5000081	utility	2006-11-02	Exposure apparatus method and apparatus	B2	21	0
5000082	utility	2006-09-19	Exposure apparatus method and apparatus	B2	11	0
5000083	utility	2006-01-23	Exposure apparatus method and apparatus	B2	30	0
5000084	utility	2006-10-03	Alignment / registration method and apparatus	B2	29	0
5000085	utility	2006-04-11	Exposure; illumination method and apparatus	B2	19	0
5000086	utility	2006-11-16	Exposure; illumination method and apparatus	B2	18	0
5000087	utility	2006-06-03	Exposure; illumination method and apparatus	B2	24	0
5000088	utility	2006-12-23	Exposure apparatus method and apparatus	B2	17	0
5000089	utility	2006-07-14	Exposure apparatus method and apparatus	B2	29	0
5000090	utility	2006-06-04	Exposure; illumination method and apparatus	B2	20	0
5000091	utility	2006-04-18	Exposure apparatus method and apparatus	B2	21	0
5000092	utility	2006-08-27	Exposure; illumination method and apparatus	B2	22	0
5000093	utility	2006-03-28	Exposure apparatus method and apparatus	B2	29	0
5000094	utility	2006-11-14	Exposure; illumination method and apparatus	B2	18	0
5000095	utility	2006-01-13	Masks / reticles method and apparatus	B2	9	0
5000096	utility	2006-02-07	EUV masks method and apparatus	B2	22	0
5000097	utility	2006-12-23	EUV masks method and apparatus	B2	20	0
5000098	utility	2006-12-19	Masks / reticles method and apparatus	B2	8	0
5000099	utility	2006-04-23	Photoresist / process method and apparatus	B2	13	0
5000100	utility	2006-03-04	EUV masks method and apparatus	B2	22	0
5000101	utility	2006-10-14	Photoresist / process method and apparatus	B2	27	0
5000102	utility	2006-09-16	Photoresist / process method and apparatus	B2	21	0
5000103	utility	2006-09-01	Photoresist / process method and apparatus	B2	22	0
5000104	utility	2006-05-22	Photoresist / process method and apparatus	B2	24	0
5000105	utility	2006-02-09	Resist coating method and apparatus	B2	30	0
5000106	utility	2006-10-04	Resist coating method and apparatus	B2	10	0
5000107	utility	2006-08-01	Resist coating method and apparatus	B2	21	0
5000108	utility	2006-04-16	Resist coating method and apparatus	B2	21	0
5000109	utility	2006-10-22	Photoresist / process method and apparatus	B2	20	0
5000110	utility	2006-07-19	Exposure; illumination method and apparatus	B2	21	0
5000111	utility	2006-05-20	Exposure; illumination method and apparatus	B2	21	0
5000112	utility	2006-12-14	Exposure; illumination method and apparatus	B2	20	0
5000113	utility	2006-11-15	Exposure; illumination method and apparatus	B2	25	0
5000114	utility	2006-12-06	Exposure; illumination method and apparatus	B2	8	0
5000115	utility	2006-07-14	Exposure; illumination method and apparatus	B2	18	0
5000116	utility	2006-07-14	Exposure; illumination method and apparatus	B2	16	0
5000117	utility	2006-02-11	Exposure; illumination method and apparatus	B2	23	0
5000118	utility	2006-06-29	Exposure; illumination method and apparatus	B2	15	0
5000119	utility	2006-01-16	Exposure; illumination method and apparatus	B2	15	0
5000120	utility	2006-05-03	Exposure; illumination method and apparatus	B2	12	0
5000121	utility	2006-04-22	Photoresist / process method and apparatus	B2	22	0
5000122	utility	2006-11-07	Photoresist / process method and apparatus	B2	30	0
5000123	utility	2006-02-25	Masks / reticles method and apparatus	B2	26	0
5000124	utility	2006-07-12	Photoresist / process method and apparatus	B2	20	0
5000125	utility	2006-12-20	Photoresist / process method and apparatus	B2	28	0
5000126	utility	2006-11-04	Masks / reticles method and apparatus	B2	11	0
5000127	utility	2007-09-17	Exposure apparatus method and apparatus	B2	28	0
5000128	utility	2007-02-24	Alignment / registration method and apparatus	B2	21	0
5000129	utility	2007-08-11	Alignment / registration method and apparatus	B2	13	0
5000130	utility	2007-10-03	Exposure; illumination method and apparatus	B2	23	0
5000131	utility	2007-05-06	Exposure apparatus method and apparatus	B2	10	0
5000132	utility	2007-08-26	Exposure apparatus method and apparatus	B2	26	0
5000133	utility	2007-09-11	Exposure apparatus method and apparatus	B2	18	0
5000134	utility	2007-05-13	Exposure apparatus method and apparatus	B2	18	0
5000135	utility	2007-09-22	Exposure; illumination method and apparatus	B2	14	0
5000136	utility	2007-05-04	Exposure apparatus method and apparatus	B2	30	0
5000137	utility	2007-01-09	Exposure apparatus method and apparatus	B2	10	0
5000138	utility	2007-06-06	Exposure; illumination method and apparatus	B2	29	0
5000139	utility	2007-06-26	Exposure; illumination method and apparatus	B2	21	0
5000140	utility	2007-12-26	Exposure apparatus method and apparatus	B2	22	0
5000141	utility	2007-04-09	Exposure apparatus method and apparatus	B2	18	0
5000142	utility	2007-12-20	Resist coating method and apparatus	B2	13	0
5000143	utility	2007-10-29	Exposure apparatus method and apparatus	B2	24	0
5000144	utility	2007-06-01	Resist coating method and apparatus	B2	15	0
5000145	utility	2007-10-01	Exposure apparatus method and apparatus	B2	12	0
5000146	utility	2007-12-24	Exposure; illumination method and apparatus	B2	12	0
5000147	utility	2007-01-07	Exposure apparatus method and apparatus	B2	26	0
5000148	utility	2007-09-02	Exposure apparatus method and apparatus	B2	11	0
5000149	utility	2007-10-23	Exposure apparatus method and apparatus	B2	28	0
5000150	utility	2007-10-16	Exposure apparatus method and apparatus	B2	17	0
5000151	utility	2007-08-02	Exposure apparatus method and apparatus	B2	27	0
5000152	utility	2007-09-25	Exposure apparatus method and apparatus	B2	20	0
5000153	utility	2007-10-29	Exposure apparatus method and apparatus	B2	21	0
5000154	utility	2007-02-20	Exposure apparatus method and apparatus	B2	14	0
5000155	utility	2007-03-22	Exposure; illumination method and apparatus	B2	15	0
5000156	utility	2007-07-29	Exposure apparatus method and apparatus	B2	22	0
5000157	utility	2007-04-29	Exposure apparatus method and apparatus	B2	17	0
5000158	utility	2007-02-06	Exposure; illumination method and apparatus	B2	29	0
5000159	utility	2007-11-17	Exposure; illumination method and apparatus	B2	26	0
5000160	utility	2007-10-06	Exposure apparatus method and apparatus	B2	15	0
5000161	utility	2007-02-06	Exposure; illumination method and apparatus	B2	9	0
5000162	utility	2007-10-19	Exposure; illumination method and apparatus	B2	17	0
5000163	utility	2007-12-25	Exposure; illumination method and apparatus	B2	20	0
5000164	utility	2007-08-13	Exposure apparatus method and apparatus	B2	10	0
5000165	utility	2007-04-28	Masks / reticles method and apparatus	B2	29	0
5000166	utility	2007-01-11	EUV masks method and apparatus	B2	29	0
5000167	utility	2007-03-31	Masks / reticles method and apparatus	B2	23	0
5000168	utility	2007-04-03	Alignment / registration method and apparatus	B2	26	0
5000169	utility	2007-06-14	EUV masks method and apparatus	B2	29	0
5000170	utility	2007-12-22	EUV masks method and apparatus	B2	23	0
5000171	utility	2007-10-09	Alignment / registration method and apparatus	B2	9	0
5000172	utility	2007-03-01	EUV masks method and apparatus	B2	20	0
5000173	utility	2007-10-05	Photoresist / process method and apparatus	B2	22	0
5000174	utility	2007-11-15	Photoresist / process method and apparatus	B2	23	0
5000175	utility	2007-10-09	EUV masks method and apparatus	B2	12	0
5000176	utility	2007-09-06	Alignment / registration method and apparatus	B2	11	0
5000177	utility	2007-06-09	Photoresist / process method and apparatus	B2	25	0
5000178	utility	2007-02-28	Resist coating method and apparatus	B2	22	0
5000179	utility	2007-05-30	Resist coating method and apparatus	B2	24	0
5000180	utility	2007-08-30	Photoresist / process method and apparatus	B2	15	0
5000181	utility	2007-03-11	Exposure; illumination method and apparatus	B2	10	0
5000182	utility	2007-09-17	Exposure; illumination method and apparatus	B2	16	0
5000183	utility	2007-10-28	Exposure; illumination method and apparatus	B2	26	0
5000184	utility	2007-08-17	Exposure; illumination method and apparatus	B2	25	0
5000185	utility	2007-10-06	Exposure; illumination method and apparatus	B2	20	0
5000186	utility	2007-12-24	Exposure; illumination method and apparatus	B2	15	0
5000187	utility	2007-07-30	Exposure; illumination method and apparatus	B2	9	0
5000188	utility	2007-07-15	Exposure; illumination method and apparatus	B2	20	0
5000189	utility	2007-01-19	Exposure; illumination method and apparatus	B2	12	0
5000190	utility	2007-09-27	Exposure; illumination method and apparatus	B2	22	0
5000191	utility	2007-12-02	Exposure; illumination method and apparatus	B2	12	0
5000192	utility	2007-12-21	Exposure; illumination method and apparatus	B2	20	0
5000193	utility	2007-10-01	Exposure; illumination method and apparatus	B2	20	0
5000194	utility	2007-09-07	Exposure; illumination method and apparatus	B2	25	0
5000195	utility	2007-12-17	Exposure; illumination method and apparatus	B2	17	0
5000196	utility	2007-02-20	Exposure; illumination method and apparatus	B2	28	0
5000197	utility	2007-12-22	Exposure; illumination method and apparatus	B2	17	0
5000198	utility	2007-01-29	Exposure; illumination method and apparatus	B2	17	0
5000199	utility	2008-04-02	Exposure; illumination method and apparatus	B2	13	0
5000200	utility	2008-05-03	Exposure; illumination method and apparatus	B2	23	0
5000201	utility	2008-11-22	Exposure apparatus method and apparatus	B2	16	0
5000202	utility	2008-08-26	EUV masks method and apparatus	B2	17	0
5000203	utility	2008-06-25	Exposure apparatus method and apparatus	B2	26	0
5000204	utility	2008-08-21	Alignment / registration method and apparatus	B2	17	0
5000205	utility	2008-02-24	Alignment / registration method and apparatus	B2	15	0
5000206	utility	2008-12-24	Exposure; illumination method and apparatus	B2	17	0
5000207	utility	2008-10-16	Exposure apparatus method and apparatus	B2	29	0
5000208	utility	2008-09-11	EUV masks method and apparatus	B2	17	0
5000209	utility	2008-06-29	Exposure; illumination method and apparatus	B2	15	0
5000210	utility	2008-12-03	Alignment / registration method and apparatus	B2	29	0
5000211	utility	2008-11-26	EUV masks method and apparatus	B2	9	0
5000212	utility	2008-07-05	Exposure apparatus method and apparatus	B2	12	0
5000213	utility	2008-07-31	Exposure apparatus method and apparatus	B2	13	0
5000214	utility	2008-07-06	Resist coating method and apparatus	B2	24	0
5000215	utility	2008-05-11	Resist coating method and apparatus	B2	23	0
5000216	utility	2008-06-22	Exposure; illumination method and apparatus	B2	11	0
5000217	utility	2008-04-25	Exposure apparatus method and apparatus	B2	29	0
5000218	utility	2008-10-12	Resist coating method and apparatus	B2	19	0
5000219	utility	2008-10-01	Exposure apparatus method and apparatus	B2	11	0
5000220	utility	2008-05-14	Exposure; illumination method and apparatus	B2	26	0
5000221	utility	2008-02-25	Resist coating method and apparatus	B2	29	0
5000222	utility	2008-10-14	Exposure; illumination method and apparatus	B2	18	0
5000223	utility	2008-11-21	Exposure; illumination method and apparatus	B2	22	0
5000224	utility	2008-02-29	Exposure; illumination method and apparatus	B2	12	0
5000225	utility	2008-09-09	Exposure apparatus method and apparatus	B2	11	0
5000226	utility	2008-12-22	Exposure; illumination method and apparatus	B2	25	0
5000227	utility	2008-07-31	Exposure; illumination method and apparatus	B2	28	0
5000228	utility	2008-05-23	Exposure; illumination method and apparatus	B2	9	0
5000229	utility	2008-04-30	Exposure apparatus method and apparatus	B2	19	0
5000230	utility	2008-11-26	Exposure apparatus method and apparatus	B2	19	0
5000231	utility	2008-03-03	Exposure apparatus method and apparatus	B2	22	0
5000232	utility	2008-11-01	Exposure; illumination method and apparatus	B2	8	0
5000233	utility	2008-03-05	Exposure apparatus method and apparatus	B2	26	0
5000234	utility	2008-04-20	Exposure apparatus method and apparatus	B2	15	0
5000235	utility	2008-11-01	Exposure; illumination method and apparatus	B2	8	0
5000236	utility	2008-10-03	Alignment / registration method and apparatus	B2	16	0
5000237	utility	2008-01-14	Exposure; illumination method and apparatus	B2	12	0
5000238	utility	2008-01-09	Exposure; illumination method and apparatus	B2	13	0
5000239	utility	2008-09-26	Exposure; illumination method and apparatus	B2	11	0
5000240	utility	2008-07-04	Exposure apparatus method and apparatus	B2	24	0
5000241	utility	2008-11-10	Exposure apparatus method and apparatus	B2	9	0
5000242	utility	2008-08-22	Exposure apparatus method and apparatus	B2	28	0
5000243	utility	2008-07-24	Exposure; illumination method and apparatus	B2	21	0
5000244	utility	2008-08-15	Exposure; illumination method and apparatus	B2	10	0
5000245	utility	2008-02-03	Exposure; illumination method and apparatus	B2	12	0
5000246	utility	2008-12-30	Exposure; illumination method and apparatus	B2	18	0
5000247	utility	2008-08-20	Exposure apparatus method and apparatus	B2	24	0
5000248	utility	2008-02-28	Exposure; illumination method and apparatus	B2	28	0
5000249	utility	2008-04-20	Exposure; illumination method and apparatus	B2	21	0
5000250	utility	2008-08-20	Exposure apparatus method and apparatus	B2	20	0
5000251	utility	2008-03-19	Masks / reticles method and apparatus	B2	29	0
5000252	utility	2008-02-13	Masks / reticles method and apparatus	B2	10	0
5000253	utility	2008-03-07	Photoresist / process method and apparatus	B2	25	0
5000254	utility	2008-12-09	EUV masks method and apparatus	B2	11	0
5000255	utility	2008-08-04	Photoresist / process method and apparatus	B2	9	0
5000256	utility	2008-02-23	Masks / reticles method and apparatus	B2	26	0
5000257	utility	2008-04-24	EUV masks method and apparatus	B2	11	0
5000258	utility	2008-05-22	EUV masks method and apparatus	B2	26	0
5000259	utility	2008-11-14	Photoresist / process method and apparatus	B2	27	0
5000260	utility	2008-12-02	Masks / reticles method and apparatus	B2	30	0
5000261	utility	2008-06-07	Masks / reticles method and apparatus	B2	18	0
5000262	utility	2008-03-13	EUV masks method and apparatus	B2	28	0
5000263	utility	2008-04-20	Alignment / registration method and apparatus	B2	20	0
5000264	utility	2008-06-08	EUV masks method and apparatus	B2	18	0
5000265	utility	2008-03-20	Alignment / registration method and apparatus	B2	13	0
5000266	utility	2008-05-19	Photoresist / process method and apparatus	B2	22	0
5000267	utility	2008-07-31	Photoresist / process method and apparatus	B2	16	0
5000268	utility	2008-02-26	EUV masks method and apparatus	B2	17	0
5000269	utility	2008-06-06	Photoresist / process method and apparatus	B2	9	0
5000270	utility	2008-06-03	Resist coating method and apparatus	B2	14	0
5000271	utility	2008-03-02	Resist coating method and apparatus	B2	8	0
5000272	utility	2008-09-13	Photoresist / process method and apparatus	B2	25	0
5000273	utility	2008-01-22	Resist coating method and apparatus	B2	21	0
5000274	utility	2008-10-21	Photoresist / process method and apparatus	B2	21	0
5000275	utility	2008-07-26	Resist coating method and apparatus	B2	8	0
5000276	utility	2008-11-12	Photoresist / process method and apparatus	B2	22	0
5000277	utility	2008-02-24	Resist coating method and apparatus	B2	15	0
5000278	utility	2008-07-21	Exposure; illumination method and apparatus	B2	17	0
5000279	utility	2008-03-27	Exposure; illumination method and apparatus	B2	10	0
5000280	utility	2008-04-09	Exposure; illumination method and apparatus	B2	19	0
5000281	utility	2008-03-15	Exposure; illumination method and apparatus	B2	16	0
5000282	utility	2008-12-01	Exposure; illumination method and apparatus	B2	10	0
5000283	utility	2008-10-15	Exposure; illumination method and apparatus	B2	26	0
5000284	utility	2008-11-17	Exposure; illumination method and apparatus	B2	18	0
5000285	utility	2008-11-19	Exposure; illumination method and apparatus	B2	17	0
5000286	utility	2008-01-20	Exposure; illumination method and apparatus	B2	9	0
5000287	utility	2008-02-16	Exposure; illumination method and apparatus	B2	27	0
5000288	utility	2008-10-10	Exposure; illumination method and apparatus	B2	9	0
5000289	utility	2008-06-13	Exposure; illumination method and apparatus	B2	27	0
5000290	utility	2008-08-18	Masks / reticles method and apparatus	B2	11	0
5000291	utility	2008-02-13	Masks / reticles method and apparatus	B2	24	0
5000292	utility	2008-08-12	Photoresist / process method and apparatus	B2	22	0
5000293	utility	2008-05-24	Photoresist / process method and apparatus	B2	20	0
5000294	utility	2008-01-27	Masks / reticles method and apparatus	B2	28	0
5000295	utility	2008-10-12	Photoresist / process method and apparatus	B2	29	0
5000296	utility	2009-03-18	EUV masks method and apparatus	B2	18	0
5000297	utility	2009-06-08	EUV masks method and apparatus	B2	28	0
5000298	utility	2009-12-29	Exposure apparatus method and apparatus	B2	10	0
5000299	utility	2009-06-18	Exposure; illumination method and apparatus	B2	12	0
5000300	utility	2009-08-05	Exposure; illumination method and apparatus	B2	24	0
5000301	utility	2009-04-20	Exposure apparatus method and apparatus	B2	18	0
5000302	utility	2009-03-12	Exposure apparatus method and apparatus	B2	12	0
5000303	utility	2009-10-04	Exposure; illumination method and apparatus	B2	24	0
5000304	utility	2009-11-13	EUV masks method and apparatus	B2	12	0
5000305	utility	2009-12-21	Exposure apparatus method and apparatus	B2	27	0
5000306	utility	2009-01-23	Alignment / registration method and apparatus	B2	21	0
5000307	utility	2009-11-09	EUV masks method and apparatus	B2	17	0
5000308	utility	2009-05-03	Exposure apparatus method and apparatus	B2	17	0
5000309	utility	2009-04-10	Resist coating method and apparatus	B2	19	0
5000310	utility	2009-08-25	Resist coating method and apparatus	B2	17	0
5000311	utility	2009-03-24	Exposure; illumination method and apparatus	B2	14	0
5000312	utility	2009-01-27	Resist coating method and apparatus	B2	28	0
5000313	utility	2009-02-22	Exposure; illumination method and apparatus	B2	30	0
5000314	utility	2009-03-24	Exposure apparatus method and apparatus	B2	16	0
5000315	utility	2009-04-24	Alignment / registration method and apparatus	B2	22	0
5000316	utility	2009-07-22	Exposure apparatus method and apparatus	B2	24	0
5000317	utility	2009-07-11	Alignment / registration method and apparatus	B2	15	0
5000318	utility	2009-11-29	Alignment / registration method and apparatus	B2	18	0
5000319	utility	2009-08-30	Exposure apparatus method and apparatus	B2	30	0
5000320	utility	2009-11-12	Exposure apparatus method and apparatus	B2	8	0
5000321	utility	2009-03-18	Exposure apparatus method and apparatus	B2	25	0
5000322	utility	2009-02-26	Exposure; illumination method and apparatus	B2	17	0
5000323	utility	2009-08-03	Exposure apparatus method and apparatus	B2	28	0
5000324	utility	2009-09-13	Exposure apparatus method and apparatus	B2	27	0
5000325	utility	2009-05-04	Exposure; illumination method and apparatus	B2	30	0
5000326	utility	2009-06-30	Exposure apparatus method and apparatus	B2	15	0
5000327	utility	2009-02-13	Exposure; illumination method and apparatus	B2	24	0
5000328	utility	2009-10-06	Exposure; illumination method and apparatus	B2	24	0
5000329	utility	2009-07-19	Exposure apparatus method and apparatus	B2	23	0
5000330	utility	2009-05-10	Exposure; illumination method and apparatus	B2	8	0
5000331	utility	2009-12-03	Exposure apparatus method and apparatus	B2	28	0
5000332	utility	2009-06-20	Exposure; illumination method and apparatus	B2	12	0
5000333	utility	2009-11-26	Exposure apparatus method and apparatus	B2	13	0
5000334	utility	2009-12-23	Exposure apparatus method and apparatus	B2	23	0
5000335	utility	2009-08-23	Exposure apparatus method and apparatus	B2	9	0
5000336	utility	2009-01-22	Exposure; illumination method and apparatus	B2	18	0
5000337	utility	2009-10-06	Exposure apparatus method and apparatus	B2	23	0
5000338	utility	2009-07-02	Exposure apparatus method and apparatus	B2	9	0
5000339	utility	2009-07-08	Exposure apparatus method and apparatus	B2	21	0
5000340	utility	2009-04-06	EUV masks method and apparatus	B2	23	0
5000341	utility	2009-09-23	Photoresist / process method and apparatus	B2	16	0
5000342	utility	2009-08-09	EUV masks method and apparatus	B2	27	0
5000343	utility	2009-06-14	EUV masks method and apparatus	B2	11	0
5000344	utility	2009-08-17	Masks / reticles method and apparatus	B2	27	0
5000345	utility	2009-06-29	Photoresist / process method and apparatus	B2	22	0
5000346	utility	2009-08-11	EUV masks method and apparatus	B2	16	0
5000347	utility	2009-11-23	Masks / reticles method and apparatus	B2	20	0
5000348	utility	2009-11-08	EUV masks method and apparatus	B2	29	0
5000349	utility	2009-05-01	EUV masks method and apparatus	B2	28	0
5000350	utility	2009-08-19	Resist coating method and apparatus	B2	19	0
5000351	utility	2009-09-29	Resist coating method and apparatus	B2	19	0
5000352	utility	2009-02-28	Resist coating method and apparatus	B2	8	0
5000353	utility	2009-10-15	Resist coating method and apparatus	B2	11	0
5000354	utility	2009-04-20	Photoresist / process method and apparatus	B2	27	0
5000355	utility	2009-03-11	Resist coating method and apparatus	B2	10	0
5000356	utility	2009-12-16	Exposure; illumination method and apparatus	B2	18	0
5000357	utility	2009-05-29	Exposure; illumination method and apparatus	B2	17	0
5000358	utility	2009-09-18	Exposure; illumination method and apparatus	B2	15	0
5000359	utility	2009-05-02	Exposure; illumination method and apparatus	B2	23	0
5000360	utility	2009-10-10	Exposure; illumination method and apparatus	B2	12	0
5000361	utility	2009-09-03	Exposure; illumination method and apparatus	B2	24	0
5000362	utility	2009-02-07	Exposure; illumination method and apparatus	B2	12	0
5000363	utility	2009-08-27	Exposure; illumination method and apparatus	B2	29	0
5000364	utility	2009-10-10	Exposure; illumination method and apparatus	B2	28	0
5000365	utility	2009-01-29	Exposure; illumination method and apparatus	B2	11	0
5000366	utility	2009-06-15	Exposure; illumination method and apparatus	B2	30	0
5000367	utility	2009-02-10	Exposure; illumination method and apparatus	B2	16	0
5000368	utility	2009-11-17	Exposure; illumination method and apparatus	B2	17	0
5000369	utility	2009-03-28	Photoresist / process method and apparatus	B2	26	0
5000370	utility	2009-11-16	Photoresist / process method and apparatus	B2	27	0
5000371	utility	2009-01-15	Masks / reticles method and apparatus	B2	10	0
5000372	utility	2009-10-20	Masks / reticles method and apparatus	B2	21	0
5000373	utility	2009-11-18	Photoresist / process method and apparatus	B2	25	0
5000374	utility	2009-12-17	Photoresist / process method and apparatus	B2	20	0
5000375	utility	2009-03-22	Masks / reticles method and apparatus	B2	22	0
5000376	utility	2010-06-13	Exposure apparatus method and apparatus	B2	19	0
5000377	utility	2010-09-21	Alignment / registration method and apparatus	B2	25	0
5000378	utility	2010-05-17	Exposure; illumination method and apparatus	B2	22	0
5000379	utility	2010-07-16	Exposure apparatus method and apparatus	B2	27	0
5000380	utility	2010-10-23	Alignment / registration method and apparatus	B2	18	0
5000381	utility	2010-09-21	Exposure; illumination method and apparatus	B2	22	0
5000382	utility	2010-02-16	Exposure; illumination method and apparatus	B2	20	0
5000383	utility	2010-06-30	Exposure apparatus method and apparatus	B2	9	0
5000384	utility	2010-12-01	Exposure; illumination method and apparatus	B2	29	0
5000385	utility	2010-08-09	Alignment / registration method and apparatus	B2	12	0
5000386	utility	2010-07-07	Alignment / registration method and apparatus	B2	9	0
5000387	utility	2010-05-28	Exposure apparatus method and apparatus	B2	10	0
5000388	utility	2010-05-24	Alignment / registration method and apparatus	B2	27	0
5000389	utility	2010-02-19	Exposure apparatus method and apparatus	B2	20	0
5000390	utility	2010-07-07	Exposure; illumination method and apparatus	B2	12	0
5000391	utility	2010-01-24	Exposure; illumination method and apparatus	B2	9	0
5000392	utility	2010-09-23	Resist coating method and apparatus	B2	22	0
5000393	utility	2010-11-10	Exposure apparatus method and apparatus	B2	18	0
5000394	utility	2010-06-03	Exposure; illumination method and apparatus	B2	26	0
5000395	utility	2010-12-29	Exposure; illumination method and apparatus	B2	26	0
5000396	utility	2010-12-11	Exposure apparatus method and apparatus	B2	11	0
5000397	utility	2010-12-19	Exposure apparatus method and apparatus	B2	28	0
5000398	utility	2010-12-02	Exposure apparatus method and apparatus	B2	26	0
5000399	utility	2010-09-03	Exposure apparatus method and apparatus	B2	13	0
5000400	utility	2010-07-14	Exposure; illumination method and apparatus	B2	12	0
5000401	utility	2010-12-25	Exposure apparatus method and apparatus	B2	11	0
5000402	utility	2010-03-19	Exposure apparatus method and apparatus	B2	21	0
5000403	utility	2010-11-10	Exposure; illumination method and apparatus	B2	23	0
5000404	utility	2010-12-28	Exposure; illumination method and apparatus	B2	12	0
5000405	utility	2010-12-06	Exposure apparatus method and apparatus	B2	23	0
5000406	utility	2010-08-24	Resist coating method and apparatus	B2	25	0
5000407	utility	2010-12-21	Exposure; illumination method and apparatus	B2	16	0
5000408	utility	2010-05-23	Alignment / registration method and apparatus	B2	25	0
5000409	utility	2010-12-27	Exposure; illumination method and apparatus	B2	14	0
5000410	utility	2010-06-28	Exposure apparatus method and apparatus	B2	25	0
5000411	utility	2010-03-04	Exposure apparatus method and apparatus	B2	26	0
5000412	utility	2010-07-22	Alignment / registration method and apparatus	B2	19	0
5000413	utility	2010-05-28	Exposure apparatus method and apparatus	B2	30	0
5000414	utility	2010-09-03	Exposure; illumination method and apparatus	B2	14	0
5000415	utility	2010-10-15	Exposure apparatus method and apparatus	B2	30	0
5000416	utility	2010-10-28	Exposure; illumination method and apparatus	B2	15	0
5000417	utility	2010-04-26	Exposure; illumination method and apparatus	B2	28	0
5000418	utility	2010-08-30	Exposure apparatus method and apparatus	B2	11	0
5000419	utility	2010-10-09	Exposure apparatus method and apparatus	B2	13	0
5000420	utility	2010-04-13	Exposure apparatus method and apparatus	B2	17	0
5000421	utility	2010-02-15	Exposure apparatus method and apparatus	B2	28	0
5000422	utility	2010-03-31	Masks / reticles method and apparatus	B2	21	0
5000423	utility	2010-01-19	Alignment / registration method and apparatus	B2	20	0
5000424	utility	2010-05-29	Alignment / registration method and apparatus	B2	9	0
5000425	utility	2010-06-21	EUV masks method and apparatus	B2	17	0
5000426	utility	2010-09-10	EUV masks method and apparatus	B2	12	0
5000427	utility	2010-08-23	EUV masks method and apparatus	B2	28	0
5000428	utility	2010-06-22	EUV masks method and apparatus	B2	17	0
5000429	utility	2010-11-24	EUV masks method and apparatus	B2	20	0
5000430	utility	2010-12-09	EUV masks method and apparatus	B2	11	0
5000431	utility	2010-05-08	Photoresist / process method and apparatus	B2	8	0
5000432	utility	2010-05-17	Resist coating method and apparatus	B2	18	0
5000433	utility	2010-07-04	Resist coating method and apparatus	B2	30	0
5000434	utility	2010-03-23	Resist coating method and apparatus	B2	20	0
5000435	utility	2010-11-24	Photoresist / process method and apparatus	B2	17	0
5000436	utility	2010-03-10	Resist coating method and apparatus	B2	23	0
5000437	utility	2010-10-09	Resist coating method and apparatus	B2	23	0
5000438	utility	2010-12-15	Photoresist / process method and apparatus	B2	27	0
5000439	utility	2010-09-28	Resist coating method and apparatus	B2	30	0
5000440	utility	2010-10-08	Resist coating method and apparatus	B2	24	0
5000441	utility	2010-09-24	Resist coating method and apparatus	B2	22	0
5000442	utility	2010-09-08	Photoresist / process method and apparatus	B2	10	0
5000443	utility	2010-08-22	Resist coating method and apparatus	B2	26	0
5000444	utility	2010-06-07	Photoresist / process method and apparatus	B2	8	0
5000445	utility	2010-10-24	Photoresist / process method and apparatus	B2	10	0
5000446	utility	2010-10-05	Photoresist / process method and apparatus	B2	9	0
5000447	utility	2010-08-30	Photoresist / process method and apparatus	B2	9	0
5000448	utility	2010-11-25	Photoresist / process method and apparatus	B2	28	0
5000449	utility	2010-07-15	Photoresist / process method and apparatus	B2	22	0
5000450	utility	2010-12-16	Exposure; illumination method and apparatus	B2	29	0
5000451	utility	2010-06-28	Exposure; illumination method and apparatus	B2	11	0
5000452	utility	2010-04-25	Exposure; illumination method and apparatus	B2	8	0
5000453	utility	2010-07-14	Exposure; illumination method and apparatus	B2	15	0
5000454	utility	2010-04-07	Photoresist / process method and apparatus	B2	11	0
5000455	utility	2010-01-09	Masks / reticles method and apparatus	B2	15	0
5000456	utility	2010-08-17	Photoresist / process method and apparatus	B2	27	0
5000457	utility	2010-01-23	Photoresist / process method and apparatus	B2	20	0
5000458	utility	2010-01-29	Masks / reticles method and apparatus	B2	12	0
5000459	utility	2010-10-22	Photoresist / process method and apparatus	B2	18	0
5000460	utility	2010-03-15	Photoresist / process method and apparatus	B2	29	0
5000461	utility	2011-03-31	EUV masks method and apparatus	B2	28	0
5000462	utility	2011-06-26	Exposure apparatus method and apparatus	B2	28	0
5000463	utility	2011-07-29	Alignment / registration method and apparatus	B2	12	0
5000464	utility	2011-08-31	Alignment / registration method and apparatus	B2	15	0
5000465	utility	2011-03-15	Alignment / registration method and apparatus	B2	22	0
5000466	utility	2011-10-13	EUV masks method and apparatus	B2	24	0
5000467	utility	2011-06-19	Exposure apparatus method and apparatus	B2	28	0
5000468	utility	2011-02-17	Alignment / registration method and apparatus	B2	25	0
5000469	utility	2011-07-13	Exposure apparatus method and apparatus	B2	29	0
5000470	utility	2011-04-07	EUV masks method and apparatus	B2	26	0
5000471	utility	2011-06-20	Exposure; illumination method and apparatus	B2	17	0
5000472	utility	2011-04-08	Exposure apparatus method and apparatus	B2	11	0
5000473	utility	2011-12-23	EUV masks method and apparatus	B2	27	0
5000474	utility	2011-10-10	EUV masks method and apparatus	B2	18	0
5000475	utility	2011-11-29	Exposure; illumination method and apparatus	B2	19	0
5000476	utility	2011-09-12	Exposure; illumination method and apparatus	B2	22	0
5000477	utility	2011-06-13	Exposure apparatus method and apparatus	B2	14	0
5000478	utility	2011-04-24	Exposure apparatus method and apparatus	B2	12	0
5000479	utility	2011-10-24	Resist coating method and apparatus	B2	21	0
5000480	utility	2011-07-14	Exposure apparatus method and apparatus	B2	26	0
5000481	utility	2011-12-17	Exposure; illumination method and apparatus	B2	18	0
5000482	utility	2011-11-25	Resist coating method and apparatus	B2	23	0
5000483	utility	2011-03-28	Exposure; illumination method and apparatus	B2	12	0
5000484	utility	2011-10-05	Exposure apparatus method and apparatus	B2	28	0
5000485	utility	2011-02-08	Exposure apparatus method and apparatus	B2	29	0
5000486	utility	2011-11-19	Exposure apparatus method and apparatus	B2	15	0
5000487	utility	2011-09-16	Exposure apparatus method and apparatus	B2	22	0
5000488	utility	2011-11-12	Exposure; illumination method and apparatus	B2	23	0
5000489	utility	2011-10-10	Exposure apparatus method and apparatus	B2	21	0
5000490	utility	2011-09-15	Exposure apparatus method and apparatus	B2	30	0
5000491	utility	2011-02-19	Exposure apparatus method and apparatus	B2	24	0
5000492	utility	2011-05-10	Exposure; illumination method and apparatus	B2	19	0
5000493	utility	2011-07-27	Exposure apparatus method and apparatus	B2	22	0
5000494	utility	2011-12-17	Exposure apparatus method and apparatus	B2	10	0
5000495	utility	2011-02-17	Exposure; illumination method and apparatus	B2	20	0
5000496	utility	2011-11-23	Exposure apparatus method and apparatus	B2	8	0
5000497	utility	2011-08-11	Exposure apparatus method and apparatus	B2	28	0
5000498	utility	2011-02-18	Alignment / registration method and apparatus	B2	24	0
5000499	utility	2011-12-21	Exposure apparatus method and apparatus	B2	26	0
5000500	utility	2011-12-17	Alignment / registration method and apparatus	B2	16	0
5000501	utility	2011-04-02	Exposure; illumination method and apparatus	B2	18	0
5000502	utility	2011-12-31	Exposure; illumination method and apparatus	B2	20	0
5000503	utility	2011-05-04	Exposure apparatus method and apparatus	B2	26	0
5000504	utility	2011-10-04	Exposure; illumination method and apparatus	B2	18	0
5000505	utility	2011-12-19	Exposure apparatus method and apparatus	B2	10	0
5000506	utility	2011-08-12	Exposure apparatus method and apparatus	B2	15	0
5000507	utility	2011-11-11	Exposure; illumination method and apparatus	B2	27	0
5000508	utility	2011-05-20	Exposure apparatus method and apparatus	B2	22	0
5000509	utility	2011-07-12	Exposure apparatus method and apparatus	B2	21	0
5000510	utility	2011-02-13	Exposure; illumination method and apparatus	B2	27	0
5000511	utility	2011-12-31	Masks / reticles method and apparatus	B2	28	0
5000512	utility	2011-02-24	EUV masks method and apparatus	B2	10	0
5000513	utility	2011-05-19	EUV masks method and apparatus	B2	11	0
5000514	utility	2011-10-13	EUV masks method and apparatus	B2	25	0
5000515	utility	2011-07-01	Masks / reticles method and apparatus	B2	25	0
5000516	utility	2011-07-17	Photoresist / process method and apparatus	B2	8	0
5000517	utility	2011-10-14	Photoresist / process method and apparatus	B2	15	0
5000518	utility	2011-03-28	Photoresist / process method and apparatus	B2	12	0
5000519	utility	2011-02-02	EUV masks method and apparatus	B2	13	0
5000520	utility	2011-02-09	Masks / reticles method and apparatus	B2	19	0
5000521	utility	2011-09-11	Photoresist / process method and apparatus	B2	27	0
5000522	utility	2011-06-20	Alignment / registration method and apparatus	B2	27	0
5000523	utility	2011-08-09	Photoresist / process method and apparatus	B2	28	0
5000524	utility	2011-11-05	EUV masks method and apparatus	B2	30	0
5000525	utility	2011-07-23	EUV masks method and apparatus	B2	18	0
5000526	utility	2011-05-05	Alignment / registration method and apparatus	B2	18	0
5000527	utility	2011-10-16	EUV masks method and apparatus	B2	14	0
5000528	utility	2011-10-09	Photoresist / process method and apparatus	B2	8	0
5000529	utility	2011-04-18	Alignment / registration method and apparatus	B2	22	0
5000530	utility	2011-07-29	Photoresist / process method and apparatus	B2	29	0
5000531	utility	2011-12-04	Resist coating method and apparatus	B2	12	0
5000532	utility	2011-11-03	Resist coating method and apparatus	B2	23	0
5000533	utility	2011-07-04	Resist coating method and apparatus	B2	30	0
5000534	utility	2011-05-08	Resist coating method and apparatus	B2	29	0
5000535	utility	2011-01-23	Photoresist / process method and apparatus	B2	26	0
5000536	utility	2011-06-19	Photoresist / process method and apparatus	B2	21	0
5000537	utility	2011-09-19	Resist coating method and apparatus	B2	24	0
5000538	utility	2011-10-29	Photoresist / process method and apparatus	B2	30	0
5000539	utility	2011-09-05	Photoresist / process method and apparatus	B2	11	0
5000540	utility	2011-03-14	Resist coating method and apparatus	B2	19	0
5000541	utility	2011-09-24	Photoresist / process method and apparatus	B2	23	0
5000542	utility	2011-12-23	Exposure; illumination method and apparatus	B2	22	0
5000543	utility	2011-12-30	Exposure; illumination method and apparatus	B2	11	0
5000544	utility	2011-12-13	Exposure; illumination method and apparatus	B2	13	0
5000545	utility	2011-10-10	Exposure; illumination method and apparatus	B2	13	0
5000546	utility	2011-04-29	Exposure; illumination method and apparatus	B2	20	0
5000547	utility	2011-08-10	Exposure; illumination method and apparatus	B2	20	0
5000548	utility	2011-08-08	Exposure; illumination method and apparatus	B2	20	0
5000549	utility	2011-02-02	Exposure; illumination method and apparatus	B2	26	0
5000550	utility	2011-06-16	Exposure; illumination method and apparatus	B2	14	0
5000551	utility	2011-09-08	Exposure; illumination method and apparatus	B2	24	0
5000552	utility	2011-11-09	Exposure; illumination method and apparatus	B2	20	0
5000553	utility	2011-08-23	Exposure; illumination method and apparatus	B2	27	0
5000554	utility	2011-06-02	Exposure; illumination method and apparatus	B2	27	0
5000555	utility	2011-03-02	Exposure; illumination method and apparatus	B2	15	0
5000556	utility	2011-03-14	Exposure; illumination method and apparatus	B2	24	0
5000557	utility	2011-07-16	Photoresist / process method and apparatus	B2	21	0
5000558	utility	2011-09-08	Photoresist / process method and apparatus	B2	17	0
5000559	utility	2011-11-14	Masks / reticles method and apparatus	B2	9	0
5000560	utility	2011-04-10	Photoresist / process method and apparatus	B2	20	0
5000561	utility	2011-09-09	Photoresist / process method and apparatus	B2	21	0
5000562	utility	2011-02-12	Photoresist / process method and apparatus	B2	26	0
5000563	utility	2011-05-21	Photoresist / process method and apparatus	B2	15	0
5000564	utility	2011-10-17	Masks / reticles method and apparatus	B2	23	0
5000565	utility	2011-05-18	Photoresist / process method and apparatus	B2	25	0
5000566	utility	2011-01-22	Photoresist / process method and apparatus	B2	22	0
5000567	utility	2011-12-01	Photoresist / process method and apparatus	B2	15	0
5000568	utility	2012-08-12	Alignment / registration method and apparatus	B2	11	0
5000569	utility	2012-10-28	Exposure apparatus method and apparatus	B2	30	0
5000570	utility	2012-03-12	Exposure apparatus method and apparatus	B2	14	0
5000571	utility	2012-09-29	Exposure; illumination method and apparatus	B2	16	0
5000572	utility	2012-12-26	Exposure apparatus method and apparatus	B2	17	0
5000573	utility	2012-09-20	EUV masks method and apparatus	B2	29	0
5000574	utility	2012-07-29	EUV masks method and apparatus	B2	9	0
5000575	utility	2012-03-08	Alignment / registration method and apparatus	B2	15	0
5000576	utility	2012-12-12	Alignment / registration method and apparatus	B2	20	0
5000577	utility	2012-07-11	Exposure; illumination method and apparatus	B2	22	0
5000578	utility	2012-05-22	Exposure; illumination method and apparatus	B2	30	0
5000579	utility	2012-09-06	Exposure; illumination method and apparatus	B2	18	0
5000580	utility	2012-08-22	Alignment / registration method and apparatus	B2	28	0
5000581	utility	2012-09-30	Resist coating method and apparatus	B2	20	0
5000582	utility	2012-09-10	Resist coating method and apparatus	B2	16	0
5000583	utility	2012-10-22	Exposure apparatus method and apparatus	B2	12	0
5000584	utility	2012-12-15	Exposure; illumination method and apparatus	B2	9	0
5000585	utility	2012-08-23	Exposure; illumination method and apparatus	B2	8	0
5000586	utility	2012-01-01	Exposure apparatus method and apparatus	B2	21	0
5000587	utility	2012-11-28	Resist coating method and apparatus	B2	17	0
5000588	utility	2012-07-03	Exposure apparatus method and apparatus	B2	16	0
5000589	utility	2012-03-25	Resist coating method and apparatus	B2	9	0
5000590	utility	2012-04-29	Exposure; illumination method and apparatus	B2	21	0
5000591	utility	2012-04-19	Exposure apparatus method and apparatus	B2	23	0
5000592	utility	2012-12-14	Exposure apparatus method and apparatus	B2	22	0
5000593	utility	2012-03-02	Exposure apparatus method and apparatus	B2	21	0
5000594	utility	2012-07-15	Exposure apparatus method and apparatus	B2	10	0
5000595	utility	2012-07-07	Exposure apparatus method and apparatus	B2	17	0
5000596	utility	2012-10-15	Exposure apparatus method and apparatus	B2	8	0
5000597	utility	2012-04-19	Exposure apparatus method and apparatus	B2	28	0
5000598	utility	2012-08-14	Exposure; illumination method and apparatus	B2	14	0
5000599	utility	2012-03-04	Exposure apparatus method and apparatus	B2	26	0
5000600	utility	2012-06-10	Alignment / registration method and apparatus	B2	12	0
5000601	utility	2012-10-10	Exposure apparatus method and apparatus	B2	27	0
5000602	utility	2012-12-19	Exposure apparatus method and apparatus	B2	8	0
5000603	utility	2012-04-15	Alignment / registration method and apparatus	B2	24	0
5000604	utility	2012-05-31	Exposure; illumination method and apparatus	B2	28	0
5000605	utility	2012-02-27	Exposure apparatus method and apparatus	B2	15	0
5000606	utility	2012-01-07	Exposure apparatus method and apparatus	B2	19	0
5000607	utility	2012-10-18	Exposure apparatus method and apparatus	B2	21	0
5000608	utility	2012-08-29	Exposure apparatus method and apparatus	B2	10	0
5000609	utility	2012-04-20	Exposure apparatus method and apparatus	B2	9	0
5000610	utility	2012-11-17	Exposure apparatus method and apparatus	B2	30	0
5000611	utility	2012-07-24	Exposure apparatus method and apparatus	B2	10	0
5000612	utility	2012-05-22	Exposure; illumination method and apparatus	B2	10	0
5000613	utility	2012-03-20	Exposure; illumination method and apparatus	B2	25	0
5000614	utility	2012-11-28	Exposure; illumination method and apparatus	B2	29	0
5000615	utility	2012-05-02	Exposure; illumination method and apparatus	B2	9	0
5000616	utility	2012-12-07	Masks / reticles method and apparatus	B2	29	0
5000617	utility	2012-03-11	Masks / reticles method and apparatus	B2	30	0
5000618	utility	2012-09-24	Alignment / registration method and apparatus	B2	24	0
5000619	utility	2012-07-09	Masks / reticles method and apparatus	B2	12	0
5000620	utility	2012-03-01	Photoresist / process method and apparatus	B2	8	0
5000621	utility	2012-02-02	Masks / reticles method and apparatus	B2	16	0
5000622	utility	2012-09-11	Photoresist / process method and apparatus	B2	22	0
5000623	utility	2012-10-17	EUV masks method and apparatus	B2	13	0
5000624	utility	2012-10-20	Photoresist / process method and apparatus	B2	29	0
5000625	utility	2012-01-02	Photoresist / process method and apparatus	B2	9	0
5000626	utility	2012-08-29	Masks / reticles method and apparatus	B2	19	0
5000627	utility	2012-01-19	Masks / reticles method and apparatus	B2	25	0
5000628	utility	2012-08-02	Photoresist / process method and apparatus	B2	15	0
5000629	utility	2012-06-12	Photoresist / process method and apparatus	B2	16	0
5000630	utility	2012-09-14	EUV masks method and apparatus	B2	29	0
5000631	utility	2012-09-21	Masks / reticles method and apparatus	B2	9	0
5000632	utility	2012-05-24	Photoresist / process method and apparatus	B2	17	0
5000633	utility	2012-07-07	EUV masks method and apparatus	B2	14	0
5000634	utility	2012-05-04	Photoresist / process method and apparatus	B2	22	0
5000635	utility	2012-04-10	Photoresist / process method and apparatus	B2	25	0
5000636	utility	2012-10-04	EUV masks method and apparatus	B2	19	0
5000637	utility	2012-01-01	Alignment / registration method and apparatus	B2	29	0
5000638	utility	2012-09-28	EUV masks method and apparatus	B2	15	0
5000639	utility	2012-03-13	Alignment / registration method and apparatus	B2	30	0
5000640	utility	2012-09-23	Alignment / registration method and apparatus	B2	21	0
5000641	utility	2012-02-13	Photoresist / process method and apparatus	B2	26	0
5000642	utility	2012-07-20	Photoresist / process method and apparatus	B2	10	0
5000643	utility	2012-03-07	Photoresist / process method and apparatus	B2	15	0
5000644	utility	2012-07-20	Alignment / registration method and apparatus	B2	30	0
5000645	utility	2012-05-19	EUV masks method and apparatus	B2	15	0
5000646	utility	2012-10-26	EUV masks method and apparatus	B2	11	0
5000647	utility	2012-06-09	Resist coating method and apparatus	B2	21	0
5000648	utility	2012-04-16	Photoresist / process method and apparatus	B2	22	0
5000649	utility	2012-02-16	Photoresist / process method and apparatus	B2	13	0
5000650	utility	2012-12-22	Photoresist / process method and apparatus	B2	27	0
5000651	utility	2012-12-30	Resist coating method and apparatus	B2	15	0
5000652	utility	2012-12-12	Resist coating method and apparatus	B2	17	0
5000653	utility	2012-07-26	Resist coating method and apparatus	B2	22	0
5000654	utility	2012-02-22	Resist coating method and apparatus	B2	12	0
5000655	utility	2012-04-23	Photoresist / process method and apparatus	B2	12	0
5000656	utility	2012-11-18	Resist coating method and apparatus	B2	28	0
5000657	utility	2012-02-08	Photoresist / process method and apparatus	B2	8	0
5000658	utility	2012-08-15	Photoresist / process method and apparatus	B2	12	0
5000659	utility	2012-08-24	Resist coating method and apparatus	B2	9	0
5000660	utility	2012-12-15	Resist coating method and apparatus	B2	21	0
5000661	utility	2012-05-20	Photoresist / process method and apparatus	B2	16	0
5000662	utility	2012-11-13	Resist coating method and apparatus	B2	27	0
5000663	utility	2012-10-08	Resist coating method and apparatus	B2	23	0
5000664	utility	2012-08-02	Resist coating method and apparatus	B2	14	0
5000665	utility	2012-10-05	Photoresist / process method and apparatus	B2	8	0
5000666	utility	2012-09-05	Resist coating method and apparatus	B2	19	0
5000667	utility	2012-04-02	Resist coating method and apparatus	B2	8	0
5000668	utility	2012-05-23	Exposure; illumination method and apparatus	B2	9	0
5000669	utility	2012-10-26	Exposure; illumination method and apparatus	B2	15	0
5000670	utility	2012-05-03	Exposure; illumination method and apparatus	B2	16	0
5000671	utility	2012-04-22	Exposure; illumination method and apparatus	B2	26	0
5000672	utility	2012-03-31	Exposure; illumination method and apparatus	B2	15	0
5000673	utility	2012-10-29	Exposure; illumination method and apparatus	B2	8	0
5000674	utility	2012-10-15	Exposure; illumination method and apparatus	B2	12	0
5000675	utility	2012-09-09	Masks / reticles method and apparatus	B2	25	0
5000676	utility	2012-01-29	Photoresist / process method and apparatus	B2	15	0
5000677	utility	2012-01-01	Photoresist / process method and apparatus	B2	18	0
5000678	utility	2012-06-23	Masks / reticles method and apparatus	B2	30	0
5000679	utility	2012-03-16	Photoresist / process method and apparatus	B2	26	0
5000680	utility	2012-09-26	Masks / reticles method and apparatus	B2	19	0
5000681	utility	2012-12-05	Masks / reticles method and apparatus	B2	20	0
5000682	utility	2012-03-10	Photoresist / process method and apparatus	B2	13	0
5000683	utility	2012-09-06	Masks / reticles method and apparatus	B2	28	0
5000684	utility	2012-10-28	Photoresist / process method and apparatus	B2	13	0
5000685	utility	2012-01-01	Photoresist / process method and apparatus	B2	30	0
5000686	utility	2013-04-04	Exposure; illumination method and apparatus	B2	27	0
5000687	utility	2013-02-23	Exposure; illumination method and apparatus	B2	23	0
5000688	utility	2013-06-13	Exposure apparatus method and apparatus	B2	13	0
5000689	utility	2013-12-10	Alignment / registration method and apparatus	B2	28	0
5000690	utility	2013-05-16	Exposure; illumination method and apparatus	B2	14	0
5000691	utility	2013-02-25	Exposure apparatus method and apparatus	B2	8	0
5000692	utility	2013-03-27	Alignment / registration method and apparatus	B2	21	0
5000693	utility	2013-07-12	Exposure apparatus method and apparatus	B2	11	0
5000694	utility	2013-02-07	Exposure apparatus method and apparatus	B2	9	0
5000695	utility	2013-02-23	Exposure apparatus method and apparatus	B2	10	0
5000696	utility	2013-02-08	Exposure apparatus method and apparatus	B2	25	0
5000697	utility	2013-11-11	Exposure apparatus method and apparatus	B2	23	0
5000698	utility	2013-03-26	EUV masks method and apparatus	B2	27	0
5000699	utility	2013-06-19	Exposure apparatus method and apparatus	B2	14	0
5000700	utility	2013-10-04	Alignment / registration method and apparatus	B2	16	0
5000701	utility	2013-01-26	Exposure apparatus method and apparatus	B2	20	0
5000702	utility	2013-07-04	Exposure apparatus method and apparatus	B2	8	0
5000703	utility	2013-11-17	Alignment / registration method and apparatus	B2	27	0
5000704	utility	2013-03-29	Exposure apparatus method and apparatus	B2	28	0
5000705	utility	2013-03-01	Exposure; illumination method and apparatus	B2	17	0
5000706	utility	2013-12-05	Exposure apparatus method and apparatus	B2	16	0
5000707	utility	2013-07-09	Exposure apparatus method and apparatus	B2	20	0
5000708	utility	2013-08-14	Exposure apparatus method and apparatus	B2	22	0
5000709	utility	2013-03-19	Exposure; illumination method and apparatus	B2	30	0
5000710	utility	2013-10-05	Exposure; illumination method and apparatus	B2	21	0
5000711	utility	2013-02-01	Exposure apparatus method and apparatus	B2	20	0
5000712	utility	2013-12-18	Resist coating method and apparatus	B2	23	0
5000713	utility	2013-02-10	Exposure apparatus method and apparatus	B2	20	0
5000714	utility	2013-10-20	Exposure apparatus method and apparatus	B2	24	0
5000715	utility	2013-03-17	Resist coating method and apparatus	B2	11	0
5000716	utility	2013-03-27	Exposure apparatus method and apparatus	B2	14	0
5000717	utility	2013-04-14	Exposure; illumination method and apparatus	B2	28	0
5000718	utility	2013-02-04	Exposure apparatus method and apparatus	B2	10	0
5000719	utility	2013-05-22	Exposure; illumination method and apparatus	B2	24	0
5000720	utility	2013-11-16	Exposure; illumination method and apparatus	B2	26	0
5000721	utility	2013-03-18	Exposure apparatus method and apparatus	B2	12	0
5000722	utility	2013-02-21	Exposure; illumination method and apparatus	B2	11	0
5000723	utility	2013-10-02	Exposure; illumination method and apparatus	B2	19	0
5000724	utility	2013-09-06	Exposure apparatus method and apparatus	B2	26	0
5000725	utility	2013-07-26	Exposure apparatus method and apparatus	B2	12	0
5000726	utility	2013-01-20	Exposure; illumination method and apparatus	B2	20	0
5000727	utility	2013-01-26	Exposure; illumination method and apparatus	B2	23	0
5000728	utility	2013-06-05	Exposure apparatus method and apparatus	B2	17	0
5000729	utility	2013-12-17	Alignment / registration method and apparatus	B2	11	0
5000730	utility	2013-08-15	Exposure apparatus method and apparatus	B2	18	0
5000731	utility	2013-02-15	Exposure; illumination method and apparatus	B2	14	0
5000732	utility	2013-09-22	Exposure; illumination method and apparatus	B2	19	0
5000733	utility	2013-02-03	Exposure; illumination method and apparatus	B2	17	0
5000734	utility	2013-09-26	Exposure apparatus method and apparatus	B2	26	0
5000735	utility	2013-04-13	Exposure; illumination method and apparatus	B2	9	0
5000736	utility	2013-07-04	Exposure apparatus method and apparatus	B2	30	0
5000737	utility	2013-09-16	Exposure; illumination method and apparatus	B2	20	0
5000738	utility	2013-05-04	Exposure; illumination method and apparatus	B2	19	0
5000739	utility	2013-08-31	Exposure apparatus method and apparatus	B2	26	0
5000740	utility	2013-05-13	Exposure apparatus method and apparatus	B2	30	0
5000741	utility	2013-03-25	Exposure apparatus method and apparatus	B2	26	0
5000742	utility	2013-11-28	Exposure; illumination method and apparatus	B2	15	0
5000743	utility	2013-09-20	Exposure; illumination method and apparatus	B2	8	0
5000744	utility	2013-03-09	Exposure apparatus method and apparatus	B2	28	0
5000745	utility	2013-11-08	Exposure apparatus method and apparatus	B2	17	0
5000746	utility	2013-08-05	Exposure; illumination method and apparatus	B2	20	0
5000747	utility	2013-11-16	Photoresist / process method and apparatus	B2	20	0
5000748	utility	2013-12-06	EUV masks method and apparatus	B2	19	0
5000749	utility	2013-06-02	EUV masks method and apparatus	B2	29	0
5000750	utility	2013-05-22	EUV masks method and apparatus	B2	28	0
5000751	utility	2013-12-31	Masks / reticles method and apparatus	B2	28	0
5000752	utility	2013-05-04	EUV masks method and apparatus	B2	9	0
5000753	utility	2013-06-13	EUV masks method and apparatus	B2	29	0
5000754	utility	2013-06-01	EUV masks method and apparatus	B2	16	0
5000755	utility	2013-01-19	EUV masks method and apparatus	B2	26	0
5000756	utility	2013-06-25	Photoresist / process method and apparatus	B2	30	0
5000757	utility	2013-09-01	EUV masks method and apparatus	B2	29	0
5000758	utility	2013-12-03	Photoresist / process method and apparatus	B2	25	0
5000759	utility	2013-05-13	EUV masks method and apparatus	B2	25	0
5000760	utility	2013-06-21	Photoresist / process method and apparatus	B2	28	0
5000761	utility	2013-06-07	Masks / reticles method and apparatus	B2	21	0
5000762	utility	2013-10-27	EUV masks method and apparatus	B2	17	0
5000763	utility	2013-11-21	EUV masks method and apparatus	B2	26	0
5000764	utility	2013-04-10	Masks / reticles method and apparatus	B2	24	0
5000765	utility	2013-03-19	EUV masks method and apparatus	B2	12	0
5000766	utility	2013-10-19	EUV masks method and apparatus	B2	22	0
5000767	utility	2013-09-07	Alignment / registration method and apparatus	B2	18	0
5000768	utility	2013-01-30	EUV masks method and apparatus	B2	8	0
5000769	utility	2013-03-28	Alignment / registration method and apparatus	B2	26	0
5000770	utility	2013-02-15	Photoresist / process method and apparatus	B2	12	0
5000771	utility	2013-09-02	Resist coating method and apparatus	B2	20	0
5000772	utility	2013-01-08	Photoresist / process method and apparatus	B2	18	0
5000773	utility	2013-01-03	Resist coating method and apparatus	B2	28	0
5000774	utility	2013-06-26	Photoresist / process method and apparatus	B2	17	0
5000775	utility	2013-06-06	Resist coating method and apparatus	B2	13	0
5000776	utility	2013-05-29	Resist coating method and apparatus	B2	22	0
5000777	utility	2013-12-18	Resist coating method and apparatus	B2	12	0
5000778	utility	2013-04-07	Resist coating method and apparatus	B2	13	0
5000779	utility	2013-04-19	Photoresist / process method and apparatus	B2	8	0
5000780	utility	2013-12-31	Resist coating method and apparatus	B2	28	0
5000781	utility	2013-05-11	Photoresist / process method and apparatus	B2	25	0
5000782	utility	2013-12-01	Photoresist / process method and apparatus	B2	8	0
5000783	utility	2013-07-14	Resist coating method and apparatus	B2	11	0
5000784	utility	2013-04-16	Photoresist / process method and apparatus	B2	30	0
5000785	utility	2013-12-05	Resist coating method and apparatus	B2	11	0
5000786	utility	2013-12-25	Photoresist / process method and apparatus	B2	12	0
5000787	utility	2013-11-13	Resist coating method and apparatus	B2	11	0
5000788	utility	2013-11-08	Exposure; illumination method and apparatus	B2	14	0
5000789	utility	2013-07-29	Exposure; illumination method and apparatus	B2	17	0
5000790	utility	2013-12-19	Exposure; illumination method and apparatus	B2	23	0
5000791	utility	2013-02-15	Exposure; illumination method and apparatus	B2	11	0
5000792	utility	2013-02-16	Exposure; illumination method and apparatus	B2	24	0
5000793	utility	2013-11-26	Exposure; illumination method and apparatus	B2	15	0
5000794	utility	2013-01-26	Exposure; illumination method and apparatus	B2	11	0
5000795	utility	2013-07-04	Exposure; illumination method and apparatus	B2	29	0
5000796	utility	2013-03-12	Exposure; illumination method and apparatus	B2	29	0
5000797	utility	2013-08-13	Exposure; illumination method and apparatus	B2	27	0
5000798	utility	2013-06-25	Exposure; illumination method and apparatus	B2	13	0
5000799	utility	2013-05-20	Exposure; illumination method and apparatus	B2	20	0
5000800	utility	2013-11-29	Exposure; illumination method and apparatus	B2	13	0
5000801	utility	2013-03-23	Exposure; illumination method and apparatus	B2	11	0
5000802	utility	2013-10-19	Exposure; illumination method and apparatus	B2	29	0
5000803	utility	2013-07-03	Exposure; illumination method and apparatus	B2	27	0
5000804	utility	2013-03-08	Exposure; illumination method and apparatus	B2	23	0
5000805	utility	2013-08-14	Exposure; illumination method and apparatus	B2	9	0
5000806	utility	2013-12-27	Exposure; illumination method and apparatus	B2	29	0
5000807	utility	2013-10-17	Exposure; illumination method and apparatus	B2	15	0
5000808	utility	2013-09-23	Masks / reticles method and apparatus	B2	24	0
5000809	utility	2013-05-08	Photoresist / process method and apparatus	B2	23	0
5000810	utility	2013-10-13	Photoresist / process method and apparatus	B2	27	0
5000811	utility	2013-08-29	Photoresist / process method and apparatus	B2	23	0
5000812	utility	2013-06-14	Masks / reticles method and apparatus	B2	15	0
5000813	utility	2013-04-25	Photoresist / process method and apparatus	B2	25	0
5000814	utility	2013-02-10	Masks / reticles method and apparatus	B2	22	0
5000815	utility	2013-09-13	Photoresist / process method and apparatus	B2	22	0
5000816	utility	2013-01-10	Masks / reticles method and apparatus	B2	11	0
5000817	utility	2013-01-01	Photoresist / process method and apparatus	B2	10	0
5000818	utility	2014-08-22	Exposure; illumination method and apparatus	B2	18	0
5000819	utility	2014-08-21	Alignment / registration method and apparatus	B2	18	0
5000820	utility	2014-07-06	Alignment / registration method and apparatus	B2	30	0
5000821	utility	2014-04-24	Alignment / registration method and apparatus	B2	8	0
5000822	utility	2014-07-11	Exposure; illumination method and apparatus	B2	30	0
5000823	utility	2014-07-29	Exposure; illumination method and apparatus	B2	11	0
5000824	utility	2014-07-21	Exposure apparatus method and apparatus	B2	14	0
5000825	utility	2014-02-25	Alignment / registration method and apparatus	B2	21	0
5000826	utility	2014-08-19	Alignment / registration method and apparatus	B2	22	0
5000827	utility	2014-01-03	EUV masks method and apparatus	B2	24	0
5000828	utility	2014-09-05	Alignment / registration method and apparatus	B2	24	0
5000829	utility	2014-03-30	Alignment / registration method and apparatus	B2	12	0
5000830	utility	2014-07-16	Exposure; illumination method and apparatus	B2	21	0
5000831	utility	2014-06-25	Exposure apparatus method and apparatus	B2	17	0
5000832	utility	2014-11-05	Exposure apparatus method and apparatus	B2	30	0
5000833	utility	2014-10-08	Alignment / registration method and apparatus	B2	18	0
5000834	utility	2014-11-16	Exposure apparatus method and apparatus	B2	30	0
5000835	utility	2014-03-09	EUV masks method and apparatus	B2	30	0
5000836	utility	2014-12-22	Exposure; illumination method and apparatus	B2	28	0
5000837	utility	2014-10-15	Alignment / registration method and apparatus	B2	23	0
5000838	utility	2014-10-01	Alignment / registration method and apparatus	B2	17	0
5000839	utility	2014-09-25	Resist coating method and apparatus	B2	11	0
5000840	utility	2014-01-29	Exposure apparatus method and apparatus	B2	14	0
5000841	utility	2014-12-16	Resist coating method and apparatus	B2	16	0
5000842	utility	2014-06-01	Exposure; illumination method and apparatus	B2	14	0
5000843	utility	2014-08-20	Exposure apparatus method and apparatus	B2	11	0
5000844	utility	2014-04-25	Exposure; illumination method and apparatus	B2	28	0
5000845	utility	2014-12-23	Exposure; illumination method and apparatus	B2	17	0
5000846	utility	2014-07-18	Resist coating method and apparatus	B2	21	0
5000847	utility	2014-10-10	Exposure apparatus method and apparatus	B2	9	0
5000848	utility	2014-08-15	Exposure apparatus method and apparatus	B2	15	0
5000849	utility	2014-07-08	Exposure; illumination method and apparatus	B2	26	0
5000850	utility	2014-04-10	Exposure apparatus method and apparatus	B2	17	0
5000851	utility	2014-03-30	Exposure apparatus method and apparatus	B2	24	0
5000852	utility	2014-10-12	Exposure apparatus method and apparatus	B2	16	0
5000853	utility	2014-03-21	Exposure apparatus method and apparatus	B2	9	0
5000854	utility	2014-11-17	Exposure; illumination method and apparatus	B2	27	0
5000855	utility	2014-10-21	Exposure apparatus method and apparatus	B2	25	0
5000856	utility	2014-04-23	Exposure apparatus method and apparatus	B2	13	0
5000857	utility	2014-10-06	Exposure apparatus method and apparatus	B2	25	0
5000858	utility	2014-04-20	Exposure apparatus method and apparatus	B2	29	0
5000859	utility	2014-11-13	Exposure apparatus method and apparatus	B2	24	0
5000860	utility	2014-11-29	Alignment / registration method and apparatus	B2	8	0
5000861	utility	2014-11-25	Exposure apparatus method and apparatus	B2	27	0
5000862	utility	2014-12-16	Alignment / registration method and apparatus	B2	18	0
5000863	utility	2014-10-04	Exposure apparatus method and apparatus	B2	17	0
5000864	utility	2014-07-11	Alignment / registration method and apparatus	B2	24	0
5000865	utility	2014-06-01	Exposure apparatus method and apparatus	B2	28	0
5000866	utility	2014-02-19	Exposure apparatus method and apparatus	B2	13	0
5000867	utility	2014-11-17	Exposure; illumination method and apparatus	B2	10	0
5000868	utility	2014-12-17	Exposure; illumination method and apparatus	B2	21	0
5000869	utility	2014-12-26	Exposure apparatus method and apparatus	B2	21	0
5000870	utility	2014-03-20	Exposure; illumination method and apparatus	B2	8	0
5000871	utility	2014-02-07	Exposure apparatus method and apparatus	B2	9	0
5000872	utility	2014-10-22	Exposure apparatus method and apparatus	B2	15	0
5000873	utility	2014-11-19	Exposure apparatus method and apparatus	B2	20	0
5000874	utility	2014-03-02	Exposure apparatus method and apparatus	B2	25	0
5000875	utility	2014-10-27	Exposure; illumination method and apparatus	B2	9	0
5000876	utility	2014-09-15	Exposure apparatus method and apparatus	B2	11	0
5000877	utility	2014-02-14	Exposure apparatus method and apparatus	B2	17	0
5000878	utility	2014-12-05	Exposure apparatus method and apparatus	B2	8	0
5000879	utility	2014-07-20	Exposure apparatus method and apparatus	B2	25	0
5000880	utility	2014-12-13	Exposure apparatus method and apparatus	B2	28	0
5000881	utility	2014-10-12	Exposure apparatus method and apparatus	B2	12	0
5000882	utility	2014-07-21	Exposure; illumination method and apparatus	B2	25	0
5000883	utility	2014-06-26	Alignment / registration method and apparatus	B2	14	0
5000884	utility	2014-03-14	Alignment / registration method and apparatus	B2	13	0
5000885	utility	2014-04-10	Photoresist / process method and apparatus	B2	11	0
5000886	utility	2014-10-09	Alignment / registration method and apparatus	B2	22	0
5000887	utility	2014-02-04	Masks / reticles method and apparatus	B2	16	0
5000888	utility	2014-06-19	EUV masks method and apparatus	B2	19	0
5000889	utility	2014-05-26	Masks / reticles method and apparatus	B2	27	0
5000890	utility	2014-08-19	Masks / reticles method and apparatus	B2	18	0
5000891	utility	2014-03-20	Photoresist / process method and apparatus	B2	26	0
5000892	utility	2014-03-28	Photoresist / process method and apparatus	B2	8	0
5000893	utility	2014-11-25	Photoresist / process method and apparatus	B2	21	0
5000894	utility	2014-06-19	Masks / reticles method and apparatus	B2	23	0
5000895	utility	2014-09-07	Photoresist / process method and apparatus	B2	25	0
5000896	utility	2014-05-24	EUV masks method and apparatus	B2	12	0
5000897	utility	2014-11-17	Masks / reticles method and apparatus	B2	10	0
5000898	utility	2014-11-20	Photoresist / process method and apparatus	B2	8	0
5000899	utility	2014-10-30	EUV masks method and apparatus	B2	14	0
5000900	utility	2014-10-04	Masks / reticles method and apparatus	B2	23	0
5000901	utility	2014-04-25	EUV masks method and apparatus	B2	26	0
5000902	utility	2014-07-06	EUV masks method and apparatus	B2	24	0
5000903	utility	2014-11-11	Alignment / registration method and apparatus	B2	29	0
5000904	utility	2014-04-02	Photoresist / process method and apparatus	B2	26	0
5000905	utility	2014-09-05	Alignment / registration method and apparatus	B2	19	0
5000906	utility	2014-05-16	EUV masks method and apparatus	B2	19	0
5000907	utility	2014-07-04	Photoresist / process method and apparatus	B2	20	0
5000908	utility	2014-01-21	Alignment / registration method and apparatus	B2	28	0
5000909	utility	2014-05-15	Alignment / registration method and apparatus	B2	26	0
5000910	utility	2014-07-13	EUV masks method and apparatus	B2	19	0
5000911	utility	2014-07-12	Photoresist / process method and apparatus	B2	15	0
5000912	utility	2014-06-26	Photoresist / process method and apparatus	B2	23	0
5000913	utility	2014-03-13	Resist coating method and apparatus	B2	22	0
5000914	utility	2014-05-24	Resist coating method and apparatus	B2	14	0
5000915	utility	2014-03-02	Resist coating method and apparatus	B2	29	0
5000916	utility	2014-09-04	Photoresist / process method and apparatus	B2	29	0
5000917	utility	2014-11-28	Photoresist / process method and apparatus	B2	21	0
5000918	utility	2014-10-31	Resist coating method and apparatus	B2	13	0
5000919	utility	2014-03-17	Photoresist / process method and apparatus	B2	9	0
5000920	utility	2014-07-27	Resist coating method and apparatus	B2	27	0
5000921	utility	2014-12-05	Photoresist / process method and apparatus	B2	17	0
5000922	utility	2014-03-29	Exposure; illumination method and apparatus	B2	15	0
5000923	utility	2014-04-04	Exposure; illumination method and apparatus	B2	27	0
5000924	utility	2014-12-18	Exposure; illumination method and apparatus	B2	18	0
5000925	utility	2014-07-17	Exposure; illumination method and apparatus	B2	12	0
5000926	utility	2014-09-16	Exposure; illumination method and apparatus	B2	29	0
5000927	utility	2014-04-01	Exposure; illumination method and apparatus	B2	23	0
5000928	utility	2014-09-30	Exposure; illumination method and apparatus	B2	24	0
5000929	utility	2014-03-08	Exposure; illumination method and apparatus	B2	27	0
5000930	utility	2014-12-14	Exposure; illumination method and apparatus	B2	28	0
5000931	utility	2014-01-23	Exposure; illumination method and apparatus	B2	30	0
5000932	utility	2014-09-04	Exposure; illumination method and apparatus	B2	20	0
5000933	utility	2014-02-12	Exposure; illumination method and apparatus	B2	17	0
5000934	utility	2014-04-07	Exposure; illumination method and apparatus	B2	8	0
5000935	utility	2014-03-02	Exposure; illumination method and apparatus	B2	24	0
5000936	utility	2014-06-11	Exposure; illumination method and apparatus	B2	21	0
5000937	utility	2014-10-27	Exposure; illumination method and apparatus	B2	16	0
5000938	utility	2014-07-07	Exposure; illumination method and apparatus	B2	27	0
5000939	utility	2014-04-15	Photoresist / process method and apparatus	B2	21	0
5000940	utility	2014-10-14	Photoresist / process method and apparatus	B2	25	0
5000941	utility	2014-12-28	Photoresist / process method and apparatus	B2	20	0
5000942	utility	2014-08-17	Masks / reticles method and apparatus	B2	30	0
5000943	utility	2014-07-25	Photoresist / process method and apparatus	B2	18	0
5000944	utility	2014-11-22	Photoresist / process method and apparatus	B2	8	0
5000945	utility	2014-11-04	Photoresist / process method and apparatus	B2	21	0
5000946	utility	2014-02-10	Photoresist / process method and apparatus	B2	27	0
5000947	utility	2014-07-25	Masks / reticles method and apparatus	B2	27	0
5000948	utility	2015-03-31	EUV masks method and apparatus	B2	28	0
5000949	utility	2015-12-03	Exposure apparatus method and apparatus	B2	24	0
5000950	utility	2015-09-19	Alignment / registration method and apparatus	B2	24	0
5000951	utility	2015-07-04	Alignment / registration method and apparatus	B2	15	0
5000952	utility	2015-05-22	Exposure apparatus method and apparatus	B2	20	0
5000953	utility	2015-04-13	Exposure; illumination method and apparatus	B2	24	0
5000954	utility	2015-10-09	EUV masks method and apparatus	B2	17	0
5000955	utility	2015-05-22	Exposure apparatus method and apparatus	B2	15	0
5000956	utility	2015-07-26	Exposure; illumination method and apparatus	B2	26	0
5000957	utility	2015-02-24	Exposure; illumination method and apparatus	B2	25	0
5000958	utility	2015-03-01	Exposure apparatus method and apparatus	B2	24	0
5000959	utility	2015-07-13	Alignment / registration method and apparatus	B2	26	0
5000960	utility	2015-08-23	Alignment / registration method and apparatus	B2	29	0
5000961	utility	2015-05-13	Exposure; illumination method and apparatus	B2	10	0
5000962	utility	2015-04-28	Alignment / registration method and apparatus	B2	18	0
5000963	utility	2015-01-05	Exposure; illumination method and apparatus	B2	30	0
5000964	utility	2015-07-24	Exposure apparatus method and apparatus	B2	29	0
5000965	utility	2015-04-02	Exposure apparatus method and apparatus	B2	23	0
5000966	utility	2015-05-18	Resist coating method and apparatus	B2	13	0
5000967	utility	2015-04-08	Resist coating method and apparatus	B2	23	0
5000968	utility	2015-05-16	Exposure; illumination method and apparatus	B2	14	0
5000969	utility	2015-07-02	Resist coating method and apparatus	B2	12	0
5000970	utility	2015-12-13	Resist coating method and apparatus	B2	29	0
5000971	utility	2015-10-05	Exposure; illumination method and apparatus	B2	9	0
5000972	utility	2015-09-10	Exposure; illumination method and apparatus	B2	26	0
5000973	utility	2015-09-19	Exposure apparatus method and apparatus	B2	16	0
5000974	utility	2015-09-27	Exposure apparatus method and apparatus	B2	21	0
5000975	utility	2015-06-27	Exposure apparatus method and apparatus	B2	20	0
5000976	utility	2015-03-03	Exposure apparatus method and apparatus	B2	30	0
5000977	utility	2015-01-07	Exposure; illumination method and apparatus	B2	29	0
5000978	utility	2015-07-05	Exposure apparatus method and apparatus	B2	27	0
5000979	utility	2015-11-10	Exposure apparatus method and apparatus	B2	18	0
5000980	utility	2015-08-03	Exposure apparatus method and apparatus	B2	30	0
5000981	utility	2015-05-24	Alignment / registration method and apparatus	B2	22	0
5000982	utility	2015-12-18	Alignment / registration method and apparatus	B2	15	0
5000983	utility	2015-05-01	Exposure apparatus method and apparatus	B2	25	0
5000984	utility	2015-03-18	Exposure apparatus method and apparatus	B2	23	0
5000985	utility	2015-03-10	Exposure apparatus method and apparatus	B2	28	0
5000986	utility	2015-09-07	Exposure apparatus method and apparatus	B2	17	0
5000987	utility	2015-02-20	Exposure apparatus method and apparatus	B2	30	0
5000988	utility	2015-09-01	Alignment / registration method and apparatus	B2	28	0
5000989	utility	2015-07-04	Exposure apparatus method and apparatus	B2	19	0
5000990	utility	2015-07-30	Exposure apparatus method and apparatus	B2	11	0
5000991	utility	2015-04-12	Alignment / registration method and apparatus	B2	26	0
5000992	utility	2015-05-26	Exposure; illumination method and apparatus	B2	19	0
5000993	utility	2015-08-17	Exposure apparatus method and apparatus	B2	10	0
5000994	utility	2015-03-16	Exposure apparatus method and apparatus	B2	13	0
5000995	utility	2015-11-10	Exposure apparatus method and apparatus	B2	26	0
5000996	utility	2015-06-25	Exposure apparatus method and apparatus	B2	15	0
5000997	utility	2015-05-17	Exposure apparatus method and apparatus	B2	27	0
5000998	utility	2015-07-05	Exposure; illumination method and apparatus	B2	26	0
5000999	utility	2015-04-05	Exposure apparatus method and apparatus	B2	8	0
5001000	utility	2015-12-25	Exposure; illumination method and apparatus	B2	10	0
5001001	utility	2015-02-02	Exposure apparatus method and apparatus	B2	23	0
5001002	utility	2015-09-26	Exposure; illumination method and apparatus	B2	10	0
5001003	utility	2015-12-02	Exposure apparatus method and apparatus	B2	20	0
5001004	utility	2015-08-15	Exposure; illumination method and apparatus	B2	28	0
5001005	utility	2015-01-15	Exposure; illumination method and apparatus	B2	9	0
5001006	utility	2015-08-28	Exposure; illumination method and apparatus	B2	25	0
5001007	utility	2015-12-24	Exposure apparatus method and apparatus	B2	25	0
5001008	utility	2015-08-11	Alignment / registration method and apparatus	B2	24	0
5001009	utility	2015-06-27	EUV masks method and apparatus	B2	23	0
5001010	utility	2015-07-07	EUV masks method and apparatus	B2	21	0
5001011	utility	2015-09-25	Masks / reticles method and apparatus	B2	12	0
5001012	utility	2015-12-19	EUV masks method and apparatus	B2	23	0
5001013	utility	2015-08-09	Masks / reticles method and apparatus	B2	17	0
5001014	utility	2015-04-07	EUV masks method and apparatus	B2	21	0
5001015	utility	2015-03-25	EUV masks method and apparatus	B2	30	0
5001016	utility	2015-04-23	Photoresist / process method and apparatus	B2	16	0
5001017	utility	2015-11-10	Masks / reticles method and apparatus	B2	30	0
5001018	utility	2015-09-30	EUV masks method and apparatus	B2	16	0
5001019	utility	2015-05-29	Masks / reticles method and apparatus	B2	11	0
5001020	utility	2015-12-25	EUV masks method and apparatus	B2	27	0
5001021	utility	2015-04-06	Photoresist / process method and apparatus	B2	11	0
5001022	utility	2015-01-05	Alignment / registration method and apparatus	B2	15	0
5001023	utility	2015-06-25	Photoresist / process method and apparatus	B2	21	0
5001024	utility	2015-08-26	Alignment / registration method and apparatus	B2	30	0
5001025	utility	2015-03-16	EUV masks method and apparatus	B2	9	0
5001026	utility	2015-08-29	EUV masks method and apparatus	B2	13	0
5001027	utility	2015-01-07	Alignment / registration method and apparatus	B2	11	0
5001028	utility	2015-08-15	EUV masks method and apparatus	B2	15	0
5001029	utility	2015-02-18	EUV masks method and apparatus	B2	24	0
5001030	utility	2015-12-15	Resist coating method and apparatus	B2	17	0
5001031	utility	2015-01-22	Photoresist / process method and apparatus	B2	25	0
5001032	utility	2015-06-02	Resist coating method and apparatus	B2	14	0
5001033	utility	2015-04-22	Photoresist / process method and apparatus	B2	11	0
5001034	utility	2015-03-27	Resist coating method and apparatus	B2	16	0
5001035	utility	2015-01-05	Photoresist / process method and apparatus	B2	9	0
5001036	utility	2015-03-21	Photoresist / process method and apparatus	B2	19	0
5001037	utility	2015-02-16	Resist coating method and apparatus	B2	29	0
5001038	utility	2015-02-24	Photoresist / process method and apparatus	B2	12	0
5001039	utility	2015-11-27	Photoresist / process method and apparatus	B2	19	0
5001040	utility	2015-01-11	Photoresist / process method and apparatus	B2	30	0
5001041	utility	2015-01-21	Resist coating method and apparatus	B2	23	0
5001042	utility	2015-09-08	Resist coating method and apparatus	B2	14	0
5001043	utility	2015-08-28	Resist coating method and apparatus	B2	16	0
5001044	utility	2015-03-21	Resist coating method and apparatus	B2	22	0
5001045	utility	2015-08-21	Resist coating method and apparatus	B2	8	0
5001046	utility	2015-01-10	Photoresist / process method and apparatus	B2	27	0
5001047	utility	2015-02-02	Resist coating method and apparatus	B2	29	0
5001048	utility	2015-12-16	Resist coating method and apparatus	B2	23	0
5001049	utility	2015-06-15	Photoresist / process method and apparatus	B2	21	0
5001050	utility	2015-12-04	Exposure; illumination method and apparatus	B2	10	0
5001051	utility	2015-01-17	Exposure; illumination method and apparatus	B2	14	0
5001052	utility	2015-10-20	Exposure; illumination method and apparatus	B2	28	0
5001053	utility	2015-12-26	Exposure; illumination method and apparatus	B2	26	0
5001054	utility	2015-02-06	Exposure; illumination method and apparatus	B2	8	0
5001055	utility	2015-02-10	Exposure; illumination method and apparatus	B2	22	0
5001056	utility	2015-08-01	Exposure; illumination method and apparatus	B2	19	0
5001057	utility	2015-05-17	Exposure; illumination method and apparatus	B2	24	0
5001058	utility	2015-02-09	Exposure; illumination method and apparatus	B2	14	0
5001059	utility	2015-04-29	Exposure; illumination method and apparatus	B2	25	0
5001060	utility	2015-04-02	Exposure; illumination method and apparatus	B2	25	0
5001061	utility	2015-11-23	Exposure; illumination method and apparatus	B2	26	0
5001062	utility	2015-08-07	Exposure; illumination method and apparatus	B2	11	0
5001063	utility	2015-09-16	Exposure; illumination method and apparatus	B2	18	0
5001064	utility	2015-08-15	Exposure; illumination method and apparatus	B2	19	0
5001065	utility	2015-06-16	Exposure; illumination method and apparatus	B2	19	0
5001066	utility	2015-06-15	Photoresist / process method and apparatus	B2	27	0
5001067	utility	2015-10-09	Photoresist / process method and apparatus	B2	16	0
5001068	utility	2015-07-23	Photoresist / process method and apparatus	B2	8	0
5001069	utility	2015-09-23	Photoresist / process method and apparatus	B2	12	0
5001070	utility	2015-04-24	Photoresist / process method and apparatus	B2	14	0
5001071	utility	2015-12-20	Masks / reticles method and apparatus	B2	16	0
5001072	utility	2015-08-24	Photoresist / process method and apparatus	B2	19	0
5001073	utility	2015-10-26	Photoresist / process method and apparatus	B2	15	0
5001074	utility	2016-02-09	EUV masks method and apparatus	B2	18	0
5001075	utility	2016-12-19	Exposure; illumination method and apparatus	B2	30	0
5001076	utility	2016-06-02	Exposure; illumination method and apparatus	B2	9	0
5001077	utility	2016-01-29	Exposure apparatus method and apparatus	B2	18	0
5001078	utility	2016-03-02	Exposure; illumination method and apparatus	B2	15	0
5001079	utility	2016-11-19	Exposure; illumination method and apparatus	B2	20	0
5001080	utility	2016-10-16	Exposure apparatus method and apparatus	B2	12	0
5001081	utility	2016-12-10	Exposure apparatus method and apparatus	B2	20	0
5001082	utility	2016-05-28	Exposure apparatus method and apparatus	B2	20	0
5001083	utility	2016-10-19	Exposure apparatus method and apparatus	B2	9	0
5001084	utility	2016-09-13	Exposure apparatus method and apparatus	B2	21	0
5001085	utility	2016-09-03	Alignment / registration method and apparatus	B2	25	0
5001086	utility	2016-04-10	Exposure; illumination method and apparatus	B2	25	0
5001087	utility	2016-05-16	Exposure apparatus method and apparatus	B2	21	0
5001088	utility	2016-07-30	Exposure apparatus method and apparatus	B2	21	0
5001089	utility	2016-10-31	Exposure apparatus method and apparatus	B2	28	0
5001090	utility	2016-06-28	Exposure apparatus method and apparatus	B2	27	0
5001091	utility	2016-08-13	Exposure; illumination method and apparatus	B2	9	0
5001092	utility	2016-07-10	Exposure apparatus method and apparatus	B2	12	0
5001093	utility	2016-01-28	Exposure apparatus method and apparatus	B2	15	0
5001094	utility	2016-05-27	EUV masks method and apparatus	B2	8	0
5001095	utility	2016-08-29	Exposure apparatus method and apparatus	B2	8	0
5001096	utility	2016-09-24	Exposure apparatus method and apparatus	B2	16	0
5001097	utility	2016-12-08	Exposure; illumination method and apparatus	B2	8	0
5001098	utility	2016-05-10	Exposure; illumination method and apparatus	B2	13	0
5001099	utility	2016-11-12	Exposure; illumination method and apparatus	B2	16	0
5001100	utility	2016-02-04	Resist coating method and apparatus	B2	20	0
5001101	utility	2016-12-03	Resist coating method and apparatus	B2	19	0
5001102	utility	2016-11-28	Exposure apparatus method and apparatus	B2	20	0
5001103	utility	2016-12-29	Exposure; illumination method and apparatus	B2	11	0
5001104	utility	2016-09-29	Resist coating method and apparatus	B2	10	0
5001105	utility	2016-10-14	Resist coating method and apparatus	B2	30	0
5001106	utility	2016-06-05	Resist coating method and apparatus	B2	18	0
5001107	utility	2016-06-26	Exposure apparatus method and apparatus	B2	29	0
5001108	utility	2016-09-13	Exposure apparatus method and apparatus	B2	16	0
5001109	utility	2016-07-17	Exposure apparatus method and apparatus	B2	8	0
5001110	utility	2016-06-23	Exposure apparatus method and apparatus	B2	20	0
5001111	utility	2016-09-23	Exposure; illumination method and apparatus	B2	29	0
5001112	utility	2016-08-01	Exposure; illumination method and apparatus	B2	15	0
5001113	utility	2016-11-05	Resist coating method and apparatus	B2	18	0
5001114	utility	2016-03-11	Exposure apparatus method and apparatus	B2	26	0
5001115	utility	2016-06-07	Resist coating method and apparatus	B2	30	0
5001116	utility	2016-08-08	Resist coating method and apparatus	B2	12	0
5001117	utility	2016-03-01	Exposure; illumination method and apparatus	B2	13	0
5001118	utility	2016-06-12	Exposure; illumination method and apparatus	B2	21	0
5001119	utility	2016-11-22	Exposure apparatus method and apparatus	B2	16	0
5001120	utility	2016-04-04	Exposure apparatus method and apparatus	B2	8	0
5001121	utility	2016-11-06	Exposure; illumination method and apparatus	B2	26	0
5001122	utility	2016-12-17	Exposure apparatus method and apparatus	B2	8	0
5001123	utility	2016-03-09	Exposure; illumination method and apparatus	B2	24	0
5001124	utility	2016-07-10	Exposure; illumination method and apparatus	B2	13	0
5001125	utility	2016-03-24	Exposure apparatus method and apparatus	B2	14	0
5001126	utility	2016-01-08	Exposure; illumination method and apparatus	B2	16	0
5001127	utility	2016-04-13	Exposure; illumination method and apparatus	B2	14	0
5001128	utility	2016-09-07	Alignment / registration method and apparatus	B2	30	0
5001129	utility	2016-08-06	Alignment / registration method and apparatus	B2	20	0
5001130	utility	2016-07-13	Exposure; illumination method and apparatus	B2	18	0
5001131	utility	2016-10-01	Exposure; illumination method and apparatus	B2	24	0
5001132	utility	2016-09-23	Exposure; illumination method and apparatus	B2	11	0
5001133	utility	2016-05-05	Alignment / registration method and apparatus	B2	24	0
5001134	utility	2016-07-17	Exposure apparatus method and apparatus	B2	24	0
5001135	utility	2016-08-13	Exposure apparatus method and apparatus	B2	20	0
5001136	utility	2016-08-04	Exposure apparatus method and apparatus	B2	17	0
5001137	utility	2016-03-13	Exposure; illumination method and apparatus	B2	22	0
5001138	utility	2016-09-13	Exposure apparatus method and apparatus	B2	11	0
5001139	utility	2016-12-22	Exposure; illumination method and apparatus	B2	25	0
5001140	utility	2016-01-13	Exposure apparatus method and apparatus	B2	13	0
5001141	utility	2016-08-20	Exposure; illumination method and apparatus	B2	10	0
5001142	utility	2016-12-30	Exposure; illumination method and apparatus	B2	13	0
5001143	utility	2016-12-27	Exposure apparatus method and apparatus	B2	22	0
5001144	utility	2016-07-15	Exposure apparatus method and apparatus	B2	24	0
5001145	utility	2016-07-13	Exposure apparatus method and apparatus	B2	9	0
5001146	utility	2016-12-03	Exposure apparatus method and apparatus	B2	12	0
5001147	utility	2016-12-30	Exposure apparatus method and apparatus	B2	9	0
5001148	utility	2016-08-16	Exposure; illumination method and apparatus	B2	17	0
5001149	utility	2016-04-13	Exposure; illumination method and apparatus	B2	8	0
5001150	utility	2016-09-11	Exposure apparatus method and apparatus	B2	23	0
5001151	utility	2016-12-03	Masks / reticles method and apparatus	B2	23	0
5001152	utility	2016-11-03	Masks / reticles method and apparatus	B2	8	0
5001153	utility	2016-11-17	Masks / reticles method and apparatus	B2	25	0
5001154	utility	2016-03-16	Masks / reticles method and apparatus	B2	9	0
5001155	utility	2016-01-17	Masks / reticles method and apparatus	B2	29	0
5001156	utility	2016-02-14	Masks / reticles method and apparatus	B2	9	0
5001157	utility	2016-05-25	Masks / reticles method and apparatus	B2	27	0
5001158	utility	2016-10-14	EUV masks method and apparatus	B2	13	0
5001159	utility	2016-01-19	EUV masks method and apparatus	B2	10	0
5001160	utility	2016-07-13	EUV masks method and apparatus	B2	10	0
5001161	utility	2016-08-29	Masks / reticles method and apparatus	B2	12	0
5001162	utility	2016-07-30	Masks / reticles method and apparatus	B2	24	0
5001163	utility	2016-02-25	EUV masks method and apparatus	B2	26	0
5001164	utility	2016-11-05	Alignment / registration method and apparatus	B2	30	0
5001165	utility	2016-10-21	EUV masks method and apparatus	B2	27	0
5001166	utility	2016-09-11	Photoresist / process method and apparatus	B2	24	0
5001167	utility	2016-04-02	Photoresist / process method and apparatus	B2	27	0
5001168	utility	2016-01-01	Alignment / registration method and apparatus	B2	11	0
5001169	utility	2016-04-16	Alignment / registration method and apparatus	B2	27	0
5001170	utility	2016-06-28	EUV masks method and apparatus	B2	25	0
5001171	utility	2016-04-13	EUV masks method and apparatus	B2	30	0
5001172	utility	2016-09-16	Resist coating method and apparatus	B2	25	0
5001173	utility	2016-06-19	Resist coating method and apparatus	B2	18	0
5001174	utility	2016-04-09	Photoresist / process method and apparatus	B2	18	0
5001175	utility	2016-01-19	Photoresist / process method and apparatus	B2	28	0
5001176	utility	2016-10-01	Photoresist / process method and apparatus	B2	18	0
5001177	utility	2016-01-29	Photoresist / process method and apparatus	B2	24	0
5001178	utility	2016-01-10	Resist coating method and apparatus	B2	14	0
5001179	utility	2016-06-30	Photoresist / process method and apparatus	B2	10	0
5001180	utility	2016-06-22	Photoresist / process method and apparatus	B2	20	0
5001181	utility	2016-06-06	Resist coating method and apparatus	B2	30	0
5001182	utility	2016-02-14	Resist coating method and apparatus	B2	23	0
5001183	utility	2016-06-03	Resist coating method and apparatus	B2	14	0
5001184	utility	2016-01-20	Resist coating method and apparatus	B2	14	0
5001185	utility	2016-09-04	Resist coating method and apparatus	B2	24	0
5001186	utility	2016-09-25	Photoresist / process method and apparatus	B2	17	0
5001187	utility	2016-02-20	Exposure; illumination method and apparatus	B2	24	0
5001188	utility	2016-01-19	Exposure; illumination method and apparatus	B2	22	0
5001189	utility	2016-01-23	Exposure; illumination method and apparatus	B2	29	0
5001190	utility	2016-01-24	Exposure; illumination method and apparatus	B2	11	0
5001191	utility	2016-06-08	Exposure; illumination method and apparatus	B2	28	0
5001192	utility	2016-05-26	Exposure; illumination method and apparatus	B2	16	0
5001193	utility	2016-05-19	Exposure; illumination method and apparatus	B2	12	0
5001194	utility	2016-04-15	Exposure; illumination method and apparatus	B2	25	0
5001195	utility	2016-12-26	Exposure; illumination method and apparatus	B2	17	0
5001196	utility	2016-11-09	Exposure; illumination method and apparatus	B2	18	0
5001197	utility	2016-08-29	Exposure; illumination method and apparatus	B2	29	0
5001198	utility	2016-08-06	Exposure; illumination method and apparatus	B2	20	0
5001199	utility	2016-11-18	Exposure; illumination method and apparatus	B2	30	0
5001200	utility	2016-06-19	Exposure; illumination method and apparatus	B2	14	0
5001201	utility	2016-02-10	Exposure; illumination method and apparatus	B2	22	0
5001202	utility	2016-12-23	Exposure; illumination method and apparatus	B2	22	0
5001203	utility	2016-12-29	Exposure; illumination method and apparatus	B2	22	0
5001204	utility	2016-11-11	Exposure; illumination method and apparatus	B2	16	0
5001205	utility	2016-12-06	Exposure; illumination method and apparatus	B2	18	0
5001206	utility	2016-01-16	Exposure; illumination method and apparatus	B2	10	0
5001207	utility	2016-03-28	Photoresist / process method and apparatus	B2	17	0
5001208	utility	2016-07-26	Photoresist / process method and apparatus	B2	30	0
5001209	utility	2016-02-06	Photoresist / process method and apparatus	B2	17	0
5001210	utility	2016-05-02	Photoresist / process method and apparatus	B2	27	0
5001211	utility	2016-07-15	Masks / reticles method and apparatus	B2	10	0
5001212	utility	2016-08-10	Masks / reticles method and apparatus	B2	26	0
5001213	utility	2016-12-08	Photoresist / process method and apparatus	B2	10	0
5001214	utility	2016-11-01	Photoresist / process method and apparatus	B2	22	0
5001215	utility	2016-03-31	Masks / reticles method and apparatus	B2	17	0
5001216	utility	2017-07-14	Exposure; illumination method and apparatus	B2	18	0
5001217	utility	2017-03-13	Exposure apparatus method and apparatus	B2	26	0
5001218	utility	2017-12-05	Alignment / registration method and apparatus	B2	12	0
5001219	utility	2017-10-23	Exposure apparatus method and apparatus	B2	22	0
5001220	utility	2017-12-14	Exposure apparatus method and apparatus	B2	17	0
5001221	utility	2017-06-26	Alignment / registration method and apparatus	B2	10	0
5001222	utility	2017-05-31	Alignment / registration method and apparatus	B2	9	0
5001223	utility	2017-10-14	Exposure apparatus method and apparatus	B2	19	0
5001224	utility	2017-05-01	Alignment / registration method and apparatus	B2	21	0
5001225	utility	2017-12-31	Exposure; illumination method and apparatus	B2	20	0
5001226	utility	2017-12-06	Exposure; illumination method and apparatus	B2	13	0
5001227	utility	2017-07-04	Exposure; illumination method and apparatus	B2	21	0
5001228	utility	2017-02-06	Exposure apparatus method and apparatus	B2	28	0
5001229	utility	2017-03-11	Exposure; illumination method and apparatus	B2	10	0
5001230	utility	2017-12-23	Alignment / registration method and apparatus	B2	27	0
5001231	utility	2017-08-06	Exposure; illumination method and apparatus	B2	25	0
5001232	utility	2017-04-06	Exposure apparatus method and apparatus	B2	21	0
5001233	utility	2017-05-02	Alignment / registration method and apparatus	B2	30	0
5001234	utility	2017-10-23	Resist coating method and apparatus	B2	19	0
5001235	utility	2017-12-27	Exposure; illumination method and apparatus	B2	19	0
5001236	utility	2017-02-10	Resist coating method and apparatus	B2	12	0
5001237	utility	2017-05-24	Resist coating method and apparatus	B2	22	0
5001238	utility	2017-02-15	Resist coating method and apparatus	B2	15	0
5001239	utility	2017-12-09	Exposure; illumination method and apparatus	B2	10	0
5001240	utility	2017-06-09	Exposure; illumination method and apparatus	B2	27	0
5001241	utility	2017-01-06	Exposure; illumination method and apparatus	B2	23	0
5001242	utility	2017-06-19	Exposure; illumination method and apparatus	B2	21	0
5001243	utility	2017-01-19	Exposure apparatus method and apparatus	B2	30	0
5001244	utility	2017-10-16	Exposure apparatus method and apparatus	B2	16	0
5001245	utility	2017-10-21	Exposure; illumination method and apparatus	B2	9	0
5001246	utility	2017-11-16	Resist coating method and apparatus	B2	8	0
5001247	utility	2017-02-09	Exposure apparatus method and apparatus	B2	16	0
5001248	utility	2017-05-12	Exposure apparatus method and apparatus	B2	8	0
5001249	utility	2017-10-30	Exposure apparatus method and apparatus	B2	12	0
5001250	utility	2017-09-06	Exposure; illumination method and apparatus	B2	13	0
5001251	utility	2017-02-13	Exposure apparatus method and apparatus	B2	12	0
5001252	utility	2017-07-31	Alignment / registration method and apparatus	B2	20	0
5001253	utility	2017-03-27	Exposure; illumination method and apparatus	B2	14	0
5001254	utility	2017-05-16	Exposure apparatus method and apparatus	B2	11	0
5001255	utility	2017-06-04	Exposure apparatus method and apparatus	B2	23	0
5001256	utility	2017-12-16	Exposure apparatus method and apparatus	B2	30	0
5001257	utility	2017-08-11	Exposure apparatus method and apparatus	B2	8	0
5001258	utility	2017-06-11	Exposure apparatus method and apparatus	B2	24	0
5001259	utility	2017-09-30	Exposure apparatus method and apparatus	B2	28	0
5001260	utility	2017-11-30	Exposure; illumination method and apparatus	B2	16	0
5001261	utility	2017-05-11	Alignment / registration method and apparatus	B2	28	0
5001262	utility	2017-05-04	Exposure; illumination method and apparatus	B2	29	0
5001263	utility	2017-12-13	Exposure; illumination method and apparatus	B2	30	0
5001264	utility	2017-12-11	Exposure; illumination method and apparatus	B2	8	0
5001265	utility	2017-09-26	Exposure apparatus method and apparatus	B2	11	0
5001266	utility	2017-05-26	Exposure apparatus method and apparatus	B2	16	0
5001267	utility	2017-01-30	Exposure; illumination method and apparatus	B2	27	0
5001268	utility	2017-11-23	Alignment / registration method and apparatus	B2	11	0
5001269	utility	2017-11-06	Exposure apparatus method and apparatus	B2	12	0
5001270	utility	2017-04-05	Exposure apparatus method and apparatus	B2	11	0
5001271	utility	2017-12-05	Exposure apparatus method and apparatus	B2	10	0
5001272	utility	2017-12-21	Exposure; illumination method and apparatus	B2	29	0
5001273	utility	2017-02-07	Exposure apparatus method and apparatus	B2	16	0
5001274	utility	2017-01-31	Exposure apparatus method and apparatus	B2	16	0
5001275	utility	2017-02-05	Exposure apparatus method and apparatus	B2	23	0
5001276	utility	2017-04-02	Exposure; illumination method and apparatus	B2	28	0
5001277	utility	2017-08-09	Exposure apparatus method and apparatus	B2	14	0
5001278	utility	2017-05-13	Exposure; illumination method and apparatus	B2	11	0
5001279	utility	2017-05-09	Exposure apparatus method and apparatus	B2	22	0
5001280	utility	2017-11-24	Exposure apparatus method and apparatus	B2	8	0
5001281	utility	2017-03-19	Exposure apparatus method and apparatus	B2	30	0
5001282	utility	2017-09-21	Exposure; illumination method and apparatus	B2	30	0
5001283	utility	2017-07-26	Exposure apparatus method and apparatus	B2	10	0
5001284	utility	2017-03-04	Photoresist / process method and apparatus	B2	26	0
5001285	utility	2017-06-05	EUV masks method and apparatus	B2	20	0
5001286	utility	2017-10-01	Masks / reticles method and apparatus	B2	18	0
5001287	utility	2017-05-29	Photoresist / process method and apparatus	B2	28	0
5001288	utility	2017-07-16	Masks / reticles method and apparatus	B2	29	0
5001289	utility	2017-02-24	EUV masks method and apparatus	B2	28	0
5001290	utility	2017-11-20	Masks / reticles method and apparatus	B2	22	0
5001291	utility	2017-01-13	Masks / reticles method and apparatus	B2	26	0
5001292	utility	2017-10-04	Masks / reticles method and apparatus	B2	28	0
5001293	utility	2017-08-19	Photoresist / process method and apparatus	B2	8	0
5001294	utility	2017-01-22	EUV masks method and apparatus	B2	20	0
5001295	utility	2017-08-23	Photoresist / process method and apparatus	B2	29	0
5001296	utility	2017-10-24	Masks / reticles method and apparatus	B2	15	0
5001297	utility	2017-09-08	Photoresist / process method and apparatus	B2	28	0
5001298	utility	2017-12-26	Masks / reticles method and apparatus	B2	28	0
5001299	utility	2017-06-07	EUV masks method and apparatus	B2	11	0
5001300	utility	2017-02-02	Photoresist / process method and apparatus	B2	11	0
5001301	utility	2017-04-23	Photoresist / process method and apparatus	B2	10	0
5001302	utility	2017-07-25	Alignment / registration method and apparatus	B2	18	0
5001303	utility	2017-04-20	EUV masks method and apparatus	B2	9	0
5001304	utility	2017-05-21	EUV masks method and apparatus	B2	12	0
5001305	utility	2017-10-11	Photoresist / process method and apparatus	B2	13	0
5001306	utility	2017-11-20	EUV masks method and apparatus	B2	27	0
5001307	utility	2017-09-07	EUV masks method and apparatus	B2	10	0
5001308	utility	2017-12-28	Photoresist / process method and apparatus	B2	28	0
5001309	utility	2017-09-01	Resist coating method and apparatus	B2	30	0
5001310	utility	2017-09-25	Photoresist / process method and apparatus	B2	22	0
5001311	utility	2017-01-20	Photoresist / process method and apparatus	B2	27	0
5001312	utility	2017-02-15	Photoresist / process method and apparatus	B2	28	0
5001313	utility	2017-01-03	Resist coating method and apparatus	B2	25	0
5001314	utility	2017-02-18	Photoresist / process method and apparatus	B2	27	0
5001315	utility	2017-11-17	Resist coating method and apparatus	B2	29	0
5001316	utility	2017-03-18	Resist coating method and apparatus	B2	29	0
5001317	utility	2017-03-23	Resist coating method and apparatus	B2	29	0
5001318	utility	2017-05-26	Photoresist / process method and apparatus	B2	14	0
5001319	utility	2017-08-21	Photoresist / process method and apparatus	B2	9	0
5001320	utility	2017-04-01	Photoresist / process method and apparatus	B2	13	0
5001321	utility	2017-02-06	Resist coating method and apparatus	B2	15	0
5001322	utility	2017-04-28	Photoresist / process method and apparatus	B2	11	0
5001323	utility	2017-07-31	Resist coating method and apparatus	B2	14	0
5001324	utility	2017-10-27	Resist coating method and apparatus	B2	23	0
5001325	utility	2017-11-09	Resist coating method and apparatus	B2	22	0
5001326	utility	2017-04-10	Resist coating method and apparatus	B2	28	0
5001327	utility	2017-03-07	Exposure; illumination method and apparatus	B2	9	0
5001328	utility	2017-02-26	Exposure; illumination method and apparatus	B2	22	0
5001329	utility	2017-04-23	Exposure; illumination method and apparatus	B2	17	0
5001330	utility	2017-10-11	Exposure; illumination method and apparatus	B2	15	0
5001331	utility	2017-04-21	Exposure; illumination method and apparatus	B2	26	0
5001332	utility	2017-08-08	Exposure; illumination method and apparatus	B2	15	0
5001333	utility	2017-10-30	Exposure; illumination method and apparatus	B2	12	0
5001334	utility	2017-01-23	Exposure; illumination method and apparatus	B2	9	0
5001335	utility	2017-07-21	Exposure; illumination method and apparatus	B2	23	0
5001336	utility	2017-05-04	Exposure; illumination method and apparatus	B2	10	0
5001337	utility	2017-07-28	Exposure; illumination method and apparatus	B2	14	0
5001338	utility	2017-02-16	Exposure; illumination method and apparatus	B2	8	0
5001339	utility	2017-10-26	Exposure; illumination method and apparatus	B2	8	0
5001340	utility	2017-12-27	Exposure; illumination method and apparatus	B2	20	0
5001341	utility	2017-12-27	Exposure; illumination method and apparatus	B2	28	0
5001342	utility	2017-12-20	Exposure; illumination method and apparatus	B2	18	0
5001343	utility	2017-05-19	Exposure; illumination method and apparatus	B2	30	0
5001344	utility	2017-04-17	Exposure; illumination method and apparatus	B2	29	0
5001345	utility	2017-01-29	Exposure; illumination method and apparatus	B2	24	0
5001346	utility	2017-01-27	Exposure; illumination method and apparatus	B2	11	0
5001347	utility	2017-07-07	Exposure; illumination method and apparatus	B2	19	0
5001348	utility	2017-10-15	Exposure; illumination method and apparatus	B2	30	0
5001349	utility	2017-05-03	Exposure; illumination method and apparatus	B2	25	0
5001350	utility	2017-10-25	Masks / reticles method and apparatus	B2	30	0
5001351	utility	2017-05-17	Photoresist / process method and apparatus	B2	24	0
5001352	utility	2017-07-10	Photoresist / process method and apparatus	B2	19	0
5001353	utility	2017-09-30	Photoresist / process method and apparatus	B2	29	0
5001354	utility	2017-07-08	Photoresist / process method and apparatus	B2	29	0
5001355	utility	2017-08-23	Photoresist / process method and apparatus	B2	10	0
5001356	utility	2017-02-09	Photoresist / process method and apparatus	B2	11	0
5001357	utility	2017-09-12	Masks / reticles method and apparatus	B2	12	0
5001358	utility	2017-12-16	Photoresist / process method and apparatus	B2	25	0
5001359	utility	2017-08-16	Photoresist / process method and apparatus	B2	28	0
5001360	utility	2017-04-29	Photoresist / process method and apparatus	B2	24	0
5001361	utility	2017-12-02	Photoresist / process method and apparatus	B2	28	0
5001362	utility	2018-08-16	Alignment / registration method and apparatus	B2	22	0
5001363	utility	2018-06-06	EUV masks method and apparatus	B2	13	0
5001364	utility	2018-05-28	Exposure; illumination method and apparatus	B2	9	0
5001365	utility	2018-03-27	Exposure; illumination method and apparatus	B2	27	0
5001366	utility	2018-03-31	Exposure apparatus method and apparatus	B2	30	0
5001367	utility	2018-03-01	Exposure apparatus method and apparatus	B2	9	0
5001368	utility	2018-07-09	Exposure; illumination method and apparatus	B2	13	0
5001369	utility	2018-06-26	Exposure; illumination method and apparatus	B2	12	0
5001370	utility	2018-03-04	Exposure; illumination method and apparatus	B2	8	0
5001371	utility	2018-08-23	Alignment / registration method and apparatus	B2	18	0
5001372	utility	2018-06-01	Exposure; illumination method and apparatus	B2	23	0
5001373	utility	2018-08-15	Alignment / registration method and apparatus	B2	18	0
5001374	utility	2018-03-13	EUV masks method and apparatus	B2	29	0
5001375	utility	2018-11-13	Exposure apparatus method and apparatus	B2	15	0
5001376	utility	2018-11-08	Exposure apparatus method and apparatus	B2	28	0
5001377	utility	2018-05-23	Alignment / registration method and apparatus	B2	14	0
5001378	utility	2018-02-14	Alignment / registration method and apparatus	B2	24	0
5001379	utility	2018-11-06	Exposure apparatus method and apparatus	B2	24	0
5001380	utility	2018-08-07	Exposure apparatus method and apparatus	B2	19	0
5001381	utility	2018-06-29	Exposure apparatus method and apparatus	B2	17	0
5001382	utility	2018-08-16	Exposure apparatus method and apparatus	B2	21	0
5001383	utility	2018-08-06	Exposure apparatus method and apparatus	B2	21	0
5001384	utility	2018-03-15	Exposure; illumination method and apparatus	B2	14	0
5001385	utility	2018-02-03	Resist coating method and apparatus	B2	26	0
5001386	utility	2018-11-24	Exposure apparatus method and apparatus	B2	16	0
5001387	utility	2018-10-18	Exposure apparatus method and apparatus	B2	12	0
5001388	utility	2018-09-09	Exposure apparatus method and apparatus	B2	9	0
5001389	utility	2018-06-05	Resist coating method and apparatus	B2	23	0
5001390	utility	2018-01-02	Exposure apparatus method and apparatus	B2	12	0
5001391	utility	2018-08-30	Resist coating method and apparatus	B2	11	0
5001392	utility	2018-09-09	Exposure apparatus method and apparatus	B2	30	0
5001393	utility	2018-05-22	Exposure apparatus method and apparatus	B2	23	0
5001394	utility	2018-07-05	Exposure; illumination method and apparatus	B2	26	0
5001395	utility	2018-11-18	Resist coating method and apparatus	B2	29	0
5001396	utility	2018-07-11	Resist coating method and apparatus	B2	24	0
5001397	utility	2018-03-25	Resist coating method and apparatus	B2	26	0
5001398	utility	2018-01-28	Exposure apparatus method and apparatus	B2	16	0
5001399	utility	2018-07-02	Alignment / registration method and apparatus	B2	9	0
5001400	utility	2018-02-09	Exposure; illumination method and apparatus	B2	24	0
5001401	utility	2018-02-18	Exposure apparatus method and apparatus	B2	27	0
5001402	utility	2018-06-11	Exposure apparatus method and apparatus	B2	29	0
5001403	utility	2018-12-19	Exposure; illumination method and apparatus	B2	19	0
5001404	utility	2018-03-15	Exposure apparatus method and apparatus	B2	8	0
5001405	utility	2018-09-06	Exposure apparatus method and apparatus	B2	21	0
5001406	utility	2018-03-21	Exposure apparatus method and apparatus	B2	24	0
5001407	utility	2018-10-14	Exposure; illumination method and apparatus	B2	27	0
5001408	utility	2018-12-31	Alignment / registration method and apparatus	B2	25	0
5001409	utility	2018-02-09	Exposure apparatus method and apparatus	B2	11	0
5001410	utility	2018-06-09	Exposure apparatus method and apparatus	B2	30	0
5001411	utility	2018-11-02	Alignment / registration method and apparatus	B2	24	0
5001412	utility	2018-06-05	Exposure apparatus method and apparatus	B2	8	0
5001413	utility	2018-12-22	Exposure apparatus method and apparatus	B2	12	0
5001414	utility	2018-03-08	Exposure apparatus method and apparatus	B2	10	0
5001415	utility	2018-09-05	Exposure apparatus method and apparatus	B2	21	0
5001416	utility	2018-12-04	Exposure apparatus method and apparatus	B2	24	0
5001417	utility	2018-05-10	Exposure apparatus method and apparatus	B2	9	0
5001418	utility	2018-02-19	Exposure apparatus method and apparatus	B2	11	0
5001419	utility	2018-04-13	Exposure; illumination method and apparatus	B2	13	0
5001420	utility	2018-05-23	Exposure apparatus method and apparatus	B2	26	0
5001421	utility	2018-11-10	Exposure; illumination method and apparatus	B2	15	0
5001422	utility	2018-10-24	Exposure apparatus method and apparatus	B2	8	0
5001423	utility	2018-05-25	Exposure apparatus method and apparatus	B2	13	0
5001424	utility	2018-02-20	Exposure apparatus method and apparatus	B2	14	0
5001425	utility	2018-12-24	Exposure apparatus method and apparatus	B2	26	0
5001426	utility	2018-04-03	Exposure; illumination method and apparatus	B2	19	0
5001427	utility	2018-04-27	Exposure apparatus method and apparatus	B2	21	0
5001428	utility	2018-02-26	Exposure apparatus method and apparatus	B2	24	0
5001429	utility	2018-10-13	Exposure; illumination method and apparatus	B2	9	0
5001430	utility	2018-05-26	Exposure apparatus method and apparatus	B2	22	0
5001431	utility	2018-08-16	Exposure; illumination method and apparatus	B2	15	0
5001432	utility	2018-08-08	Exposure; illumination method and apparatus	B2	14	0
5001433	utility	2018-12-12	Masks / reticles method and apparatus	B2	23	0
5001434	utility	2018-12-04	EUV masks method and apparatus	B2	29	0
5001435	utility	2018-12-22	EUV masks method and apparatus	B2	26	0
5001436	utility	2018-03-28	Alignment / registration method and apparatus	B2	10	0
5001437	utility	2018-11-01	EUV masks method and apparatus	B2	20	0
5001438	utility	2018-05-23	Photoresist / process method and apparatus	B2	30	0
5001439	utility	2018-11-26	Masks / reticles method and apparatus	B2	20	0
5001440	utility	2018-07-27	EUV masks method and apparatus	B2	23	0
5001441	utility	2018-02-25	Photoresist / process method and apparatus	B2	11	0
5001442	utility	2018-03-10	Masks / reticles method and apparatus	B2	8	0
5001443	utility	2018-09-13	Photoresist / process method and apparatus	B2	29	0
5001444	utility	2018-12-14	EUV masks method and apparatus	B2	18	0
5001445	utility	2018-02-09	EUV masks method and apparatus	B2	29	0
5001446	utility	2018-04-14	Photoresist / process method and apparatus	B2	17	0
5001447	utility	2018-10-05	EUV masks method and apparatus	B2	18	0
5001448	utility	2018-01-17	EUV masks method and apparatus	B2	21	0
5001449	utility	2018-06-11	EUV masks method and apparatus	B2	20	0
5001450	utility	2018-10-13	Masks / reticles method and apparatus	B2	29	0
5001451	utility	2018-03-26	Photoresist / process method and apparatus	B2	23	0
5001452	utility	2018-09-07	Photoresist / process method and apparatus	B2	11	0
5001453	utility	2018-12-17	EUV masks method and apparatus	B2	25	0
5001454	utility	2018-05-15	EUV masks method and apparatus	B2	23	0
5001455	utility	2018-06-30	Photoresist / process method and apparatus	B2	17	0
5001456	utility	2018-03-07	Photoresist / process method and apparatus	B2	19	0
5001457	utility	2018-11-17	Alignment / registration method and apparatus	B2	18	0
5001458	utility	2018-07-02	EUV masks method and apparatus	B2	21	0
5001459	utility	2018-11-28	EUV masks method and apparatus	B2	17	0
5001460	utility	2018-02-28	Alignment / registration method and apparatus	B2	18	0
5001461	utility	2018-12-03	EUV masks method and apparatus	B2	21	0
5001462	utility	2018-12-23	Resist coating method and apparatus	B2	23	0
5001463	utility	2018-07-19	Resist coating method and apparatus	B2	18	0
5001464	utility	2018-12-12	Resist coating method and apparatus	B2	14	0
5001465	utility	2018-06-03	Resist coating method and apparatus	B2	19	0
5001466	utility	2018-02-08	Resist coating method and apparatus	B2	25	0
5001467	utility	2018-10-21	Resist coating method and apparatus	B2	20	0
5001468	utility	2018-10-24	Photoresist / process method and apparatus	B2	11	0
5001469	utility	2018-09-29	Resist coating method and apparatus	B2	23	0
5001470	utility	2018-11-30	Photoresist / process method and apparatus	B2	17	0
5001471	utility	2018-07-25	Resist coating method and apparatus	B2	16	0
5001472	utility	2018-10-08	Photoresist / process method and apparatus	B2	13	0
5001473	utility	2018-04-20	Resist coating method and apparatus	B2	29	0
5001474	utility	2018-11-23	Resist coating method and apparatus	B2	25	0
5001475	utility	2018-11-17	Photoresist / process method and apparatus	B2	9	0
5001476	utility	2018-05-04	Resist coating method and apparatus	B2	12	0
5001477	utility	2018-07-30	Exposure; illumination method and apparatus	B2	18	0
5001478	utility	2018-07-31	Exposure; illumination method and apparatus	B2	16	0
5001479	utility	2018-11-04	Exposure; illumination method and apparatus	B2	15	0
5001480	utility	2018-01-15	Exposure; illumination method and apparatus	B2	15	0
5001481	utility	2018-10-14	Exposure; illumination method and apparatus	B2	21	0
5001482	utility	2018-05-20	Exposure; illumination method and apparatus	B2	12	0
5001483	utility	2018-04-01	Exposure; illumination method and apparatus	B2	28	0
5001484	utility	2018-01-29	Exposure; illumination method and apparatus	B2	10	0
5001485	utility	2018-07-28	Exposure; illumination method and apparatus	B2	19	0
5001486	utility	2018-03-13	Exposure; illumination method and apparatus	B2	15	0
5001487	utility	2018-10-25	Exposure; illumination method and apparatus	B2	24	0
5001488	utility	2018-06-18	Exposure; illumination method and apparatus	B2	26	0
5001489	utility	2018-08-05	Exposure; illumination method and apparatus	B2	14	0
5001490	utility	2018-05-21	Exposure; illumination method and apparatus	B2	22	0
5001491	utility	2018-10-01	Exposure; illumination method and apparatus	B2	19	0
5001492	utility	2018-08-05	Exposure; illumination method and apparatus	B2	23	0
5001493	utility	2018-03-16	Exposure; illumination method and apparatus	B2	19	0
5001494	utility	2018-01-11	Exposure; illumination method and apparatus	B2	28	0
5001495	utility	2018-12-06	Exposure; illumination method and apparatus	B2	9	0
5001496	utility	2018-10-10	Exposure; illumination method and apparatus	B2	20	0
5001497	utility	2018-12-17	Exposure; illumination method and apparatus	B2	11	0
5001498	utility	2018-07-18	Masks / reticles method and apparatus	B2	8	0
5001499	utility	2018-05-11	Masks / reticles method and apparatus	B2	17	0
5001500	utility	2018-03-24	Photoresist / process method and apparatus	B2	22	0
5001501	utility	2018-05-21	Masks / reticles method and apparatus	B2	10	0
5001502	utility	2018-07-31	Photoresist / process method and apparatus	B2	18	0
5001503	utility	2018-12-24	Masks / reticles method and apparatus	B2	16	0
5001504	utility	2018-10-08	Photoresist / process method and apparatus	B2	18	0
5001505	utility	2018-11-25	Masks / reticles method and apparatus	B2	28	0
5001506	utility	2018-03-11	Masks / reticles method and apparatus	B2	8	0
5001507	utility	2018-02-12	Photoresist / process method and apparatus	B2	11	0
5001508	utility	2018-12-18	Masks / reticles method and apparatus	B2	21	0
5001509	utility	2019-03-30	Exposure apparatus method and apparatus	B2	29	0
5001510	utility	2019-04-12	Alignment / registration method and apparatus	B2	10	0
5001511	utility	2019-07-13	Exposure apparatus method and apparatus	B2	26	0
5001512	utility	2019-11-28	EUV masks method and apparatus	B2	27	0
5001513	utility	2019-04-12	EUV masks method and apparatus	B2	16	0
5001514	utility	2019-11-13	Exposure apparatus method and apparatus	B2	21	0
5001515	utility	2019-07-08	Exposure apparatus method and apparatus	B2	13	0
5001516	utility	2019-09-27	Exposure apparatus method and apparatus	B2	21	0
5001517	utility	2019-09-11	Alignment / registration method and apparatus	B2	11	0
5001518	utility	2019-05-17	Exposure apparatus method and apparatus	B2	17	0
5001519	utility	2019-04-16	Exposure apparatus method and apparatus	B2	27	0
5001520	utility	2019-04-07	Alignment / registration method and apparatus	B2	21	0
5001521	utility	2019-05-15	Exposure apparatus method and apparatus	B2	15	0
5001522	utility	2019-12-17	Exposure apparatus method and apparatus	B2	28	0
5001523	utility	2019-06-15	Exposure; illumination method and apparatus	B2	30	0
5001524	utility	2019-12-29	Alignment / registration method and apparatus	B2	21	0
5001525	utility	2019-10-13	Exposure apparatus method and apparatus	B2	9	0
5001526	utility	2019-07-01	Exposure; illumination method and apparatus	B2	27	0
5001527	utility	2019-09-16	Exposure apparatus method and apparatus	B2	27	0
5001528	utility	2019-03-09	Exposure; illumination method and apparatus	B2	25	0
5001529	utility	2019-09-15	Exposure apparatus method and apparatus	B2	23	0
5001530	utility	2019-06-12	Exposure apparatus method and apparatus	B2	30	0
5001531	utility	2019-06-10	Exposure apparatus method and apparatus	B2	9	0
5001532	utility	2019-05-24	Resist coating method and apparatus	B2	19	0
5001533	utility	2019-05-15	Resist coating method and apparatus	B2	27	0
5001534	utility	2019-08-12	Exposure; illumination method and apparatus	B2	13	0
5001535	utility	2019-03-19	Exposure; illumination method and apparatus	B2	25	0
5001536	utility	2019-08-14	Exposure; illumination method and apparatus	B2	9	0
5001537	utility	2019-01-19	Exposure apparatus method and apparatus	B2	23	0
5001538	utility	2019-03-01	Exposure apparatus method and apparatus	B2	23	0
5001539	utility	2019-10-15	Resist coating method and apparatus	B2	23	0
5001540	utility	2019-03-17	Resist coating method and apparatus	B2	11	0
5001541	utility	2019-04-03	Resist coating method and apparatus	B2	13	0
5001542	utility	2019-12-06	Exposure; illumination method and apparatus	B2	26	0
5001543	utility	2019-10-20	Exposure; illumination method and apparatus	B2	13	0
5001544	utility	2019-09-13	Exposure apparatus method and apparatus	B2	29	0
5001545	utility	2019-12-15	Exposure apparatus method and apparatus	B2	29	0
5001546	utility	2019-02-24	Exposure; illumination method and apparatus	B2	18	0
5001547	utility	2019-12-29	Exposure apparatus method and apparatus	B2	29	0
5001548	utility	2019-11-01	Resist coating method and apparatus	B2	29	0
5001549	utility	2019-08-20	Exposure; illumination method and apparatus	B2	18	0
5001550	utility	2019-01-25	Exposure apparatus method and apparatus	B2	28	0
5001551	utility	2019-10-08	Exposure; illumination method and apparatus	B2	27	0
5001552	utility	2019-05-03	Exposure apparatus method and apparatus	B2	20	0
5001553	utility	2019-07-26	Exposure apparatus method and apparatus	B2	17	0
5001554	utility	2019-06-02	Exposure apparatus method and apparatus	B2	23	0
5001555	utility	2019-06-08	Alignment / registration method and apparatus	B2	29	0
5001556	utility	2019-07-08	Exposure; illumination method and apparatus	B2	24	0
5001557	utility	2019-09-01	Alignment / registration method and apparatus	B2	16	0
5001558	utility	2019-08-05	Exposure apparatus method and apparatus	B2	19	0
5001559	utility	2019-02-17	Exposure; illumination method and apparatus	B2	9	0
5001560	utility	2019-11-28	Exposure; illumination method and apparatus	B2	29	0
5001561	utility	2019-11-28	Exposure; illumination method and apparatus	B2	24	0
5001562	utility	2019-09-02	Exposure apparatus method and apparatus	B2	17	0
5001563	utility	2019-06-03	Exposure; illumination method and apparatus	B2	15	0
5001564	utility	2019-10-10	Exposure; illumination method and apparatus	B2	10	0
5001565	utility	2019-08-06	Exposure apparatus method and apparatus	B2	21	0
5001566	utility	2019-05-10	Exposure; illumination method and apparatus	B2	19	0
5001567	utility	2019-01-09	Exposure; illumination method and apparatus	B2	11	0
5001568	utility	2019-04-04	Exposure apparatus method and apparatus	B2	20	0
5001569	utility	2019-06-02	Alignment / registration method and apparatus	B2	18	0
5001570	utility	2019-08-19	Exposure; illumination method and apparatus	B2	27	0
5001571	utility	2019-04-06	Alignment / registration method and apparatus	B2	14	0
5001572	utility	2019-05-13	Alignment / registration method and apparatus	B2	29	0
5001573	utility	2019-07-22	Exposure apparatus method and apparatus	B2	11	0
5001574	utility	2019-12-21	Exposure apparatus method and apparatus	B2	20	0
5001575	utility	2019-09-07	Exposure; illumination method and apparatus	B2	17	0
5001576	utility	2019-12-11	Exposure apparatus method and apparatus	B2	30	0
5001577	utility	2019-03-11	Exposure apparatus method and apparatus	B2	8	0
5001578	utility	2019-04-07	Exposure; illumination method and apparatus	B2	8	0
5001579	utility	2019-05-04	Exposure apparatus method and apparatus	B2	21	0
5001580	utility	2019-06-04	Exposure apparatus method and apparatus	B2	22	0
5001581	utility	2019-03-27	Exposure apparatus method and apparatus	B2	12	0
5001582	utility	2019-08-30	Exposure; illumination method and apparatus	B2	8	0
5001583	utility	2019-05-31	Exposure apparatus method and apparatus	B2	26	0
5001584	utility	2019-01-05	Exposure apparatus method and apparatus	B2	11	0
5001585	utility	2019-08-01	Exposure apparatus method and apparatus	B2	23	0
5001586	utility	2019-05-29	Exposure; illumination method and apparatus	B2	9	0
5001587	utility	2019-11-10	Exposure apparatus method and apparatus	B2	29	0
5001588	utility	2019-02-01	Exposure apparatus method and apparatus	B2	24	0
5001589	utility	2019-02-02	Exposure apparatus method and apparatus	B2	16	0
5001590	utility	2019-11-27	Photoresist / process method and apparatus	B2	19	0
5001591	utility	2019-05-28	Masks / reticles method and apparatus	B2	14	0
5001592	utility	2019-04-23	Masks / reticles method and apparatus	B2	26	0
5001593	utility	2019-12-03	Alignment / registration method and apparatus	B2	22	0
5001594	utility	2019-07-19	Photoresist / process method and apparatus	B2	21	0
5001595	utility	2019-07-04	Photoresist / process method and apparatus	B2	23	0
5001596	utility	2019-05-25	Photoresist / process method and apparatus	B2	30	0
5001597	utility	2019-03-30	EUV masks method and apparatus	B2	14	0
5001598	utility	2019-08-01	Masks / reticles method and apparatus	B2	23	0
5001599	utility	2019-01-10	EUV masks method and apparatus	B2	19	0
5001600	utility	2019-03-31	Photoresist / process method and apparatus	B2	24	0
5001601	utility	2019-02-28	EUV masks method and apparatus	B2	27	0
5001602	utility	2019-05-13	Masks / reticles method and apparatus	B2	18	0
5001603	utility	2019-10-13	Photoresist / process method and apparatus	B2	16	0
5001604	utility	2019-11-06	Photoresist / process method and apparatus	B2	29	0
5001605	utility	2019-08-13	Photoresist / process method and apparatus	B2	22	0
5001606	utility	2019-11-09	Photoresist / process method and apparatus	B2	27	0
5001607	utility	2019-01-22	Photoresist / process method and apparatus	B2	24	0
5001608	utility	2019-04-16	Masks / reticles method and apparatus	B2	19	0
5001609	utility	2019-09-17	Photoresist / process method and apparatus	B2	23	0
5001610	utility	2019-03-04	Alignment / registration method and apparatus	B2	14	0
5001611	utility	2019-01-04	Alignment / registration method and apparatus	B2	15	0
5001612	utility	2019-09-16	EUV masks method and apparatus	B2	13	0
5001613	utility	2019-08-01	Alignment / registration method and apparatus	B2	19	0
5001614	utility	2019-09-29	EUV masks method and apparatus	B2	21	0
5001615	utility	2019-07-31	Alignment / registration method and apparatus	B2	21	0
5001616	utility	2019-08-15	Alignment / registration method and apparatus	B2	12	0
5001617	utility	2019-06-11	EUV masks method and apparatus	B2	20	0
5001618	utility	2019-07-21	Photoresist / process method and apparatus	B2	9	0
5001619	utility	2019-01-30	Alignment / registration method and apparatus	B2	28	0
5001620	utility	2019-12-15	EUV masks method and apparatus	B2	30	0
5001621	utility	2019-06-10	Alignment / registration method and apparatus	B2	19	0
5001622	utility	2019-11-09	Photoresist / process method and apparatus	B2	12	0
5001623	utility	2019-10-06	Photoresist / process method and apparatus	B2	27	0
5001624	utility	2019-11-29	Photoresist / process method and apparatus	B2	20	0
5001625	utility	2019-10-03	Resist coating method and apparatus	B2	18	0
5001626	utility	2019-10-04	Resist coating method and apparatus	B2	17	0
5001627	utility	2019-11-22	Resist coating method and apparatus	B2	13	0
5001628	utility	2019-06-05	Resist coating method and apparatus	B2	21	0
5001629	utility	2019-07-10	Photoresist / process method and apparatus	B2	16	0
5001630	utility	2019-11-30	Resist coating method and apparatus	B2	11	0
5001631	utility	2019-05-01	Resist coating method and apparatus	B2	26	0
5001632	utility	2019-05-26	Resist coating method and apparatus	B2	29	0
5001633	utility	2019-09-24	Photoresist / process method and apparatus	B2	15	0
5001634	utility	2019-07-04	Photoresist / process method and apparatus	B2	22	0
5001635	utility	2019-03-08	Resist coating method and apparatus	B2	23	0
5001636	utility	2019-09-27	Resist coating method and apparatus	B2	20	0
5001637	utility	2019-10-27	Photoresist / process method and apparatus	B2	23	0
5001638	utility	2019-09-08	Photoresist / process method and apparatus	B2	21	0
5001639	utility	2019-09-06	Resist coating method and apparatus	B2	30	0
5001640	utility	2019-08-22	Photoresist / process method and apparatus	B2	23	0
5001641	utility	2019-07-09	Photoresist / process method and apparatus	B2	11	0
5001642	utility	2019-07-09	Resist coating method and apparatus	B2	26	0
5001643	utility	2019-06-06	Resist coating method and apparatus	B2	19	0
5001644	utility	2019-03-15	Resist coating method and apparatus	B2	12	0
5001645	utility	2019-06-06	Resist coating method and apparatus	B2	17	0
5001646	utility	2019-10-08	Exposure; illumination method and apparatus	B2	19	0
5001647	utility	2019-10-21	Exposure; illumination method and apparatus	B2	17	0
5001648	utility	2019-09-01	Exposure; illumination method and apparatus	B2	27	0
5001649	utility	2019-08-24	Exposure; illumination method and apparatus	B2	22	0
5001650	utility	2019-06-16	Exposure; illumination method and apparatus	B2	10	0
5001651	utility	2019-07-22	Exposure; illumination method and apparatus	B2	18	0
5001652	utility	2019-11-27	Exposure; illumination method and apparatus	B2	10	0
5001653	utility	2019-12-29	Exposure; illumination method and apparatus	B2	17	0
5001654	utility	2019-02-13	Exposure; illumination method and apparatus	B2	14	0
5001655	utility	2019-09-15	Exposure; illumination method and apparatus	B2	8	0
5001656	utility	2019-01-10	Exposure; illumination method and apparatus	B2	16	0
5001657	utility	2019-10-24	Exposure; illumination method and apparatus	B2	22	0
5001658	utility	2019-07-25	Exposure; illumination method and apparatus	B2	26	0
5001659	utility	2019-04-03	Exposure; illumination method and apparatus	B2	21	0
5001660	utility	2019-05-12	Exposure; illumination method and apparatus	B2	10	0
5001661	utility	2019-05-27	Exposure; illumination method and apparatus	B2	12	0
5001662	utility	2019-07-28	Exposure; illumination method and apparatus	B2	29	0
5001663	utility	2019-04-03	Exposure; illumination method and apparatus	B2	8	0
5001664	utility	2019-06-13	Exposure; illumination method and apparatus	B2	12	0
5001665	utility	2019-03-03	Exposure; illumination method and apparatus	B2	9	0
5001666	utility	2019-09-10	Exposure; illumination method and apparatus	B2	24	0
5001667	utility	2019-05-18	Exposure; illumination method and apparatus	B2	9	0
5001668	utility	2019-09-05	Exposure; illumination method and apparatus	B2	8	0
5001669	utility	2019-01-10	Masks / reticles method and apparatus	B2	16	0
5001670	utility	2019-10-12	Photoresist / process method and apparatus	B2	28	0
5001671	utility	2019-08-17	Photoresist / process method and apparatus	B2	10	0
5001672	utility	2019-03-14	Masks / reticles method and apparatus	B2	19	0
5001673	utility	2019-10-03	Masks / reticles method and apparatus	B2	21	0
5001674	utility	2019-08-26	Photoresist / process method and apparatus	B2	27	0
5001675	utility	2019-09-04	Photoresist / process method and apparatus	B2	16	0
5001676	utility	2019-11-20	Masks / reticles method and apparatus	B2	14	0
5001677	utility	2019-10-01	Photoresist / process method and apparatus	B2	26	0
5001678	utility	2020-10-11	Exposure apparatus method and apparatus	B2	16	0
5001679	utility	2020-06-11	Exposure; illumination method and apparatus	B2	29	0
5001680	utility	2020-12-28	EUV masks method and apparatus	B2	22	0
5001681	utility	2020-08-23	Exposure apparatus method and apparatus	B2	27	0
5001682	utility	2020-01-02	Exposure; illumination method and apparatus	B2	27	0
5001683	utility	2020-07-30	Alignment / registration method and apparatus	B2	25	0
5001684	utility	2020-10-02	Alignment / registration method and apparatus	B2	10	0
5001685	utility	2020-12-09	Exposure; illumination method and apparatus	B2	22	0
5001686	utility	2020-07-11	EUV masks method and apparatus	B2	27	0
5001687	utility	2020-12-22	Alignment / registration method and apparatus	B2	8	0
5001688	utility	2020-08-15	EUV masks method and apparatus	B2	8	0
5001689	utility	2020-12-14	Alignment / registration method and apparatus	B2	30	0
5001690	utility	2020-11-16	Alignment / registration method and apparatus	B2	17	0
5001691	utility	2020-09-09	Exposure apparatus method and apparatus	B2	19	0
5001692	utility	2020-12-27	EUV masks method and apparatus	B2	27	0
5001693	utility	2020-11-22	EUV masks method and apparatus	B2	20	0
5001694	utility	2020-09-09	Exposure; illumination method and apparatus	B2	13	0
5001695	utility	2020-03-06	Exposure apparatus method and apparatus	B2	10	0
5001696	utility	2020-05-20	EUV masks method and apparatus	B2	14	0
5001697	utility	2020-12-20	EUV masks method and apparatus	B2	29	0
5001698	utility	2020-08-20	Alignment / registration method and apparatus	B2	8	0
5001699	utility	2020-06-14	Alignment / registration method and apparatus	B2	21	0
5001700	utility	2020-12-14	Exposure apparatus method and apparatus	B2	24	0
5001701	utility	2020-01-23	Exposure; illumination method and apparatus	B2	15	0
5001702	utility	2020-06-10	Exposure; illumination method and apparatus	B2	8	0
5001703	utility	2020-10-19	Exposure apparatus method and apparatus	B2	8	0
5001704	utility	2020-08-04	Resist coating method and apparatus	B2	10	0
5001705	utility	2020-06-08	Exposure apparatus method and apparatus	B2	10	0
5001706	utility	2020-08-09	Exposure apparatus method and apparatus	B2	8	0
5001707	utility	2020-05-08	Resist coating method and apparatus	B2	15	0
5001708	utility	2020-01-28	Resist coating method and apparatus	B2	18	0
5001709	utility	2020-11-03	Resist coating method and apparatus	B2	27	0
5001710	utility	2020-10-23	Exposure; illumination method and apparatus	B2	11	0
5001711	utility	2020-07-12	Resist coating method and apparatus	B2	18	0
5001712	utility	2020-03-06	Exposure apparatus method and apparatus	B2	9	0
5001713	utility	2020-11-08	Exposure apparatus method and apparatus	B2	28	0
5001714	utility	2020-10-13	Exposure; illumination method and apparatus	B2	9	0
5001715	utility	2020-11-12	Exposure apparatus method and apparatus	B2	21	0
5001716	utility	2020-11-15	Exposure; illumination method and apparatus	B2	8	0
5001717	utility	2020-11-13	Exposure; illumination method and apparatus	B2	27	0
5001718	utility	2020-01-14	Resist coating method and apparatus	B2	22	0
5001719	utility	2020-02-22	Exposure apparatus method and apparatus	B2	8	0
5001720	utility	2020-04-09	Exposure; illumination method and apparatus	B2	26	0
5001721	utility	2020-08-03	Exposure apparatus method and apparatus	B2	23	0
5001722	utility	2020-03-11	Exposure apparatus method and apparatus	B2	9	0
5001723	utility	2020-09-19	Exposure; illumination method and apparatus	B2	28	0
5001724	utility	2020-08-28	Exposure apparatus method and apparatus	B2	17	0
5001725	utility	2020-01-05	Exposure apparatus method and apparatus	B2	24	0
5001726	utility	2020-05-01	Exposure apparatus method and apparatus	B2	24	0
5001727	utility	2020-08-04	Alignment / registration method and apparatus	B2	19	0
5001728	utility	2020-04-13	Exposure; illumination method and apparatus	B2	10	0
5001729	utility	2020-12-20	Exposure apparatus method and apparatus	B2	22	0
5001730	utility	2020-10-16	Alignment / registration method and apparatus	B2	18	0
5001731	utility	2020-02-23	Exposure apparatus method and apparatus	B2	22	0
5001732	utility	2020-01-02	Exposure apparatus method and apparatus	B2	28	0
5001733	utility	2020-04-19	Exposure apparatus method and apparatus	B2	15	0
5001734	utility	2020-07-11	Alignment / registration method and apparatus	B2	14	0
5001735	utility	2020-02-07	Exposure apparatus method and apparatus	B2	19	0
5001736	utility	2020-08-13	Exposure apparatus method and apparatus	B2	14	0
5001737	utility	2020-01-16	Exposure apparatus method and apparatus	B2	14	0
5001738	utility	2020-05-14	Exposure apparatus method and apparatus	B2	13	0
5001739	utility	2020-04-10	Exposure apparatus method and apparatus	B2	8	0
5001740	utility	2020-01-11	Alignment / registration method and apparatus	B2	29	0
5001741	utility	2020-02-26	Exposure; illumination method and apparatus	B2	18	0
5001742	utility	2020-07-08	Exposure apparatus method and apparatus	B2	19	0
5001743	utility	2020-11-15	Exposure; illumination method and apparatus	B2	21	0
5001744	utility	2020-03-07	Exposure apparatus method and apparatus	B2	14	0
5001745	utility	2020-06-11	Exposure; illumination method and apparatus	B2	27	0
5001746	utility	2020-01-24	Exposure apparatus method and apparatus	B2	27	0
5001747	utility	2020-03-17	Exposure apparatus method and apparatus	B2	18	0
5001748	utility	2020-03-05	Exposure; illumination method and apparatus	B2	24	0
5001749	utility	2020-02-11	Exposure apparatus method and apparatus	B2	23	0
5001750	utility	2020-09-17	Exposure apparatus method and apparatus	B2	20	0
5001751	utility	2020-07-10	Exposure; illumination method and apparatus	B2	23	0
5001752	utility	2020-07-10	Exposure apparatus method and apparatus	B2	24	0
5001753	utility	2020-08-30	Exposure; illumination method and apparatus	B2	16	0
5001754	utility	2020-10-25	Exposure; illumination method and apparatus	B2	28	0
5001755	utility	2020-08-19	Exposure; illumination method and apparatus	B2	15	0
5001756	utility	2020-07-12	Exposure apparatus method and apparatus	B2	26	0
5001757	utility	2020-02-13	Exposure apparatus method and apparatus	B2	12	0
5001758	utility	2020-06-29	Exposure apparatus method and apparatus	B2	15	0
5001759	utility	2020-06-21	Exposure apparatus method and apparatus	B2	21	0
5001760	utility	2020-07-14	EUV masks method and apparatus	B2	8	0
5001761	utility	2020-02-08	Masks / reticles method and apparatus	B2	19	0
5001762	utility	2020-09-19	Photoresist / process method and apparatus	B2	25	0
5001763	utility	2020-02-20	Alignment / registration method and apparatus	B2	11	0
5001764	utility	2020-06-19	EUV masks method and apparatus	B2	14	0
5001765	utility	2020-12-15	Masks / reticles method and apparatus	B2	16	0
5001766	utility	2020-10-05	Photoresist / process method and apparatus	B2	16	0
5001767	utility	2020-06-26	Masks / reticles method and apparatus	B2	20	0
5001768	utility	2020-01-07	Photoresist / process method and apparatus	B2	23	0
5001769	utility	2020-04-26	Photoresist / process method and apparatus	B2	15	0
5001770	utility	2020-09-21	EUV masks method and apparatus	B2	26	0
5001771	utility	2020-08-24	Photoresist / process method and apparatus	B2	18	0
5001772	utility	2020-08-07	Photoresist / process method and apparatus	B2	30	0
5001773	utility	2020-10-12	EUV masks method and apparatus	B2	8	0
5001774	utility	2020-06-05	Photoresist / process method and apparatus	B2	8	0
5001775	utility	2020-06-22	Photoresist / process method and apparatus	B2	15	0
5001776	utility	2020-12-19	Photoresist / process method and apparatus	B2	25	0
5001777	utility	2020-01-17	Masks / reticles method and apparatus	B2	12	0
5001778	utility	2020-11-04	EUV masks method and apparatus	B2	27	0
5001779	utility	2020-04-14	Photoresist / process method and apparatus	B2	20	0
5001780	utility	2020-08-19	Photoresist / process method and apparatus	B2	28	0
5001781	utility	2020-12-11	EUV masks method and apparatus	B2	25	0
5001782	utility	2020-04-11	EUV masks method and apparatus	B2	10	0
5001783	utility	2020-04-29	EUV masks method and apparatus	B2	17	0
5001784	utility	2020-07-07	Photoresist / process method and apparatus	B2	24	0
5001785	utility	2020-07-29	Alignment / registration method and apparatus	B2	20	0
5001786	utility	2020-08-02	EUV masks method and apparatus	B2	23	0
5001787	utility	2020-04-15	Alignment / registration method and apparatus	B2	12	0
5001788	utility	2020-12-29	Photoresist / process method and apparatus	B2	29	0
5001789	utility	2020-09-14	Photoresist / process method and apparatus	B2	30	0
5001790	utility	2020-03-14	EUV masks method and apparatus	B2	22	0
5001791	utility	2020-05-06	Photoresist / process method and apparatus	B2	24	0
5001792	utility	2020-10-21	Resist coating method and apparatus	B2	9	0
5001793	utility	2020-08-21	Photoresist / process method and apparatus	B2	19	0
5001794	utility	2020-03-30	Resist coating method and apparatus	B2	21	0
5001795	utility	2020-12-03	Resist coating method and apparatus	B2	13	0
5001796	utility	2020-01-23	Resist coating method and apparatus	B2	15	0
5001797	utility	2020-11-17	Resist coating method and apparatus	B2	25	0
5001798	utility	2020-04-21	Photoresist / process method and apparatus	B2	23	0
5001799	utility	2020-02-09	Photoresist / process method and apparatus	B2	11	0
5001800	utility	2020-03-25	Resist coating method and apparatus	B2	16	0
5001801	utility	2020-02-07	Resist coating method and apparatus	B2	28	0
5001802	utility	2020-07-23	Resist coating method and apparatus	B2	14	0
5001803	utility	2020-12-09	Resist coating method and apparatus	B2	22	0
5001804	utility	2020-12-02	Resist coating method and apparatus	B2	15	0
5001805	utility	2020-05-22	Resist coating method and apparatus	B2	13	0
5001806	utility	2020-03-31	Photoresist / process method and apparatus	B2	17	0
5001807	utility	2020-12-09	Resist coating method and apparatus	B2	8	0
5001808	utility	2020-04-01	Resist coating method and apparatus	B2	14	0
5001809	utility	2020-01-25	Resist coating method and apparatus	B2	28	0
5001810	utility	2020-06-06	Resist coating method and apparatus	B2	22	0
5001811	utility	2020-07-12	Resist coating method and apparatus	B2	14	0
5001812	utility	2020-04-12	Photoresist / process method and apparatus	B2	10	0
5001813	utility	2020-06-21	Photoresist / process method and apparatus	B2	14	0
5001814	utility	2020-02-19	Exposure; illumination method and apparatus	B2	29	0
5001815	utility	2020-09-19	Exposure; illumination method and apparatus	B2	11	0
5001816	utility	2020-04-07	Exposure; illumination method and apparatus	B2	27	0
5001817	utility	2020-03-02	Exposure; illumination method and apparatus	B2	15	0
5001818	utility	2020-01-08	Exposure; illumination method and apparatus	B2	20	0
5001819	utility	2020-08-22	Exposure; illumination method and apparatus	B2	15	0
5001820	utility	2020-07-07	Exposure; illumination method and apparatus	B2	9	0
5001821	utility	2020-11-02	Exposure; illumination method and apparatus	B2	23	0
5001822	utility	2020-10-18	Exposure; illumination method and apparatus	B2	13	0
5001823	utility	2020-11-19	Exposure; illumination method and apparatus	B2	30	0
5001824	utility	2020-11-21	Exposure; illumination method and apparatus	B2	30	0
5001825	utility	2020-01-10	Exposure; illumination method and apparatus	B2	27	0
5001826	utility	2020-11-23	Exposure; illumination method and apparatus	B2	15	0
5001827	utility	2020-11-11	Exposure; illumination method and apparatus	B2	11	0
5001828	utility	2020-11-13	Exposure; illumination method and apparatus	B2	10	0
5001829	utility	2020-11-24	Exposure; illumination method and apparatus	B2	9	0
5001830	utility	2020-08-15	Exposure; illumination method and apparatus	B2	18	0
5001831	utility	2020-01-21	Exposure; illumination method and apparatus	B2	24	0
5001832	utility	2020-05-27	Exposure; illumination method and apparatus	B2	8	0
5001833	utility	2020-05-04	Exposure; illumination method and apparatus	B2	14	0
5001834	utility	2020-12-17	Exposure; illumination method and apparatus	B2	30	0
5001835	utility	2020-09-23	Exposure; illumination method and apparatus	B2	18	0
5001836	utility	2020-09-08	Exposure; illumination method and apparatus	B2	10	0
5001837	utility	2020-03-13	Exposure; illumination method and apparatus	B2	14	0
5001838	utility	2020-04-14	Photoresist / process method and apparatus	B2	15	0
5001839	utility	2020-06-08	Masks / reticles method and apparatus	B2	13	0
5001840	utility	2020-11-06	Photoresist / process method and apparatus	B2	15	0
5001841	utility	2020-04-13	Masks / reticles method and apparatus	B2	16	0
5001842	utility	2020-07-03	Photoresist / process method and apparatus	B2	20	0
5001843	utility	2020-09-15	Photoresist / process method and apparatus	B2	27	0
5001844	utility	2020-09-03	Masks / reticles method and apparatus	B2	8	0
5001845	utility	2020-06-02	Masks / reticles method and apparatus	B2	27	0
5001846	utility	2020-08-25	Photoresist / process method and apparatus	B2	17	0
5001847	utility	2020-09-03	Photoresist / process method and apparatus	B2	10	0
5001848	utility	2020-04-07	Photoresist / process method and apparatus	B2	8	0
5001849	utility	2021-07-11	EUV masks method and apparatus	B2	20	0
5001850	utility	2021-01-20	Exposure; illumination method and apparatus	B2	11	0
5001851	utility	2021-08-12	Exposure apparatus method and apparatus	B2	16	0
5001852	utility	2021-09-08	Exposure; illumination method and apparatus	B2	28	0
5001853	utility	2021-08-06	Exposure; illumination method and apparatus	B2	15	0
5001854	utility	2021-07-05	EUV masks method and apparatus	B2	28	0
5001855	utility	2021-11-27	Alignment / registration method and apparatus	B2	12	0
5001856	utility	2021-03-17	EUV masks method and apparatus	B2	16	0
5001857	utility	2021-02-17	Exposure apparatus method and apparatus	B2	28	0
5001858	utility	2021-10-28	Exposure apparatus method and apparatus	B2	10	0
5001859	utility	2021-03-26	EUV masks method and apparatus	B2	21	0
5001860	utility	2021-09-30	Exposure; illumination method and apparatus	B2	29	0
5001861	utility	2021-02-15	Alignment / registration method and apparatus	B2	11	0
5001862	utility	2021-05-18	Alignment / registration method and apparatus	B2	14	0
5001863	utility	2021-01-04	Alignment / registration method and apparatus	B2	13	0
5001864	utility	2021-12-23	Exposure apparatus method and apparatus	B2	21	0
5001865	utility	2021-03-29	Alignment / registration method and apparatus	B2	13	0
5001866	utility	2021-04-04	Exposure apparatus method and apparatus	B2	24	0
5001867	utility	2021-04-19	Exposure; illumination method and apparatus	B2	13	0
5001868	utility	2021-04-09	Resist coating method and apparatus	B2	16	0
5001869	utility	2021-11-16	Exposure apparatus method and apparatus	B2	11	0
5001870	utility	2021-02-13	Exposure apparatus method and apparatus	B2	20	0
5001871	utility	2021-10-27	Exposure apparatus method and apparatus	B2	15	0
5001872	utility	2021-01-05	Exposure; illumination method and apparatus	B2	9	0
5001873	utility	2021-01-22	Exposure; illumination method and apparatus	B2	11	0
5001874	utility	2021-09-24	Exposure apparatus method and apparatus	B2	16	0
5001875	utility	2021-11-06	Exposure; illumination method and apparatus	B2	21	0
5001876	utility	2021-06-11	Resist coating method and apparatus	B2	15	0
5001877	utility	2021-11-09	Exposure apparatus method and apparatus	B2	9	0
5001878	utility	2021-01-02	Resist coating method and apparatus	B2	22	0
5001879	utility	2021-03-13	Exposure; illumination method and apparatus	B2	8	0
5001880	utility	2021-12-25	Exposure apparatus method and apparatus	B2	15	0
5001881	utility	2021-09-01	Exposure; illumination method and apparatus	B2	24	0
5001882	utility	2021-11-23	Exposure apparatus method and apparatus	B2	18	0
5001883	utility	2021-06-16	Resist coating method and apparatus	B2	29	0
5001884	utility	2021-11-10	Exposure apparatus method and apparatus	B2	10	0
5001885	utility	2021-12-25	Resist coating method and apparatus	B2	11	0
5001886	utility	2021-12-31	Exposure; illumination method and apparatus	B2	12	0
5001887	utility	2021-09-16	Exposure; illumination method and apparatus	B2	9	0
5001888	utility	2021-12-11	Exposure apparatus method and apparatus	B2	25	0
5001889	utility	2021-08-17	Exposure apparatus method and apparatus	B2	11	0
5001890	utility	2021-04-19	Exposure apparatus method and apparatus	B2	13	0
5001891	utility	2021-01-15	Alignment / registration method and apparatus	B2	13	0
5001892	utility	2021-05-24	Alignment / registration method and apparatus	B2	15	0
5001893	utility	2021-12-10	Exposure apparatus method and apparatus	B2	11	0
5001894	utility	2021-09-09	Exposure; illumination method and apparatus	B2	10	0
5001895	utility	2021-10-22	Alignment / registration method and apparatus	B2	27	0
5001896	utility	2021-07-15	Exposure apparatus method and apparatus	B2	28	0
5001897	utility	2021-08-12	Alignment / registration method and apparatus	B2	15	0
5001898	utility	2021-02-27	Exposure apparatus method and apparatus	B2	10	0
5001899	utility	2021-03-01	Alignment / registration method and apparatus	B2	26	0
5001900	utility	2021-10-23	Alignment / registration method and apparatus	B2	8	0
5001901	utility	2021-07-18	Exposure; illumination method and apparatus	B2	21	0
5001902	utility	2021-03-06	Exposure; illumination method and apparatus	B2	24	0
5001903	utility	2021-07-22	Exposure apparatus method and apparatus	B2	8	0
5001904	utility	2021-06-01	Exposure apparatus method and apparatus	B2	15	0
5001905	utility	2021-05-26	Exposure apparatus method and apparatus	B2	12	0
5001906	utility	2021-06-13	Exposure apparatus method and apparatus	B2	17	0
5001907	utility	2021-12-28	Exposure apparatus method and apparatus	B2	26	0
5001908	utility	2021-12-27	Exposure apparatus method and apparatus	B2	20	0
5001909	utility	2021-04-18	Exposure apparatus method and apparatus	B2	15	0
5001910	utility	2021-04-02	Alignment / registration method and apparatus	B2	23	0
5001911	utility	2021-12-04	Alignment / registration method and apparatus	B2	13	0
5001912	utility	2021-08-05	Exposure apparatus method and apparatus	B2	29	0
5001913	utility	2021-07-20	Exposure; illumination method and apparatus	B2	10	0
5001914	utility	2021-04-10	Exposure apparatus method and apparatus	B2	30	0
5001915	utility	2021-06-15	Exposure apparatus method and apparatus	B2	26	0
5001916	utility	2021-12-30	Exposure; illumination method and apparatus	B2	17	0
5001917	utility	2021-08-15	Exposure; illumination method and apparatus	B2	30	0
5001918	utility	2021-04-11	Exposure apparatus method and apparatus	B2	28	0
5001919	utility	2021-02-22	Exposure; illumination method and apparatus	B2	29	0
5001920	utility	2021-08-07	Exposure apparatus method and apparatus	B2	29	0
5001921	utility	2021-08-31	Exposure apparatus method and apparatus	B2	13	0
5001922	utility	2021-11-29	Exposure; illumination method and apparatus	B2	18	0
5001923	utility	2021-07-26	Exposure; illumination method and apparatus	B2	15	0
5001924	utility	2021-06-04	Exposure apparatus method and apparatus	B2	30	0
5001925	utility	2021-07-12	Exposure; illumination method and apparatus	B2	30	0
5001926	utility	2021-08-26	Exposure; illumination method and apparatus	B2	28	0
5001927	utility	2021-07-08	Exposure; illumination method and apparatus	B2	8	0
5001928	utility	2021-11-25	Exposure apparatus method and apparatus	B2	29	0
5001929	utility	2021-10-21	Exposure apparatus method and apparatus	B2	26	0
5001930	utility	2021-10-31	Exposure; illumination method and apparatus	B2	13	0
5001931	utility	2021-06-02	Exposure; illumination method and apparatus	B2	26	0
5001932	utility	2021-04-05	Photoresist / process method and apparatus	B2	20	0
5001933	utility	2021-10-02	EUV masks method and apparatus	B2	24	0
5001934	utility	2021-10-03	Photoresist / process method and apparatus	B2	30	0
5001935	utility	2021-04-17	Masks / reticles method and apparatus	B2	29	0
5001936	utility	2021-12-22	Alignment / registration method and apparatus	B2	13	0
5001937	utility	2021-03-04	Photoresist / process method and apparatus	B2	9	0
5001938	utility	2021-02-14	Photoresist / process method and apparatus	B2	25	0
5001939	utility	2021-03-05	Masks / reticles method and apparatus	B2	24	0
5001940	utility	2021-12-03	Masks / reticles method and apparatus	B2	8	0
5001941	utility	2021-09-23	Alignment / registration method and apparatus	B2	17	0
5001942	utility	2021-09-09	Masks / reticles method and apparatus	B2	30	0
5001943	utility	2021-09-19	EUV masks method and apparatus	B2	14	0
5001944	utility	2021-05-02	Photoresist / process method and apparatus	B2	9	0
5001945	utility	2021-04-21	Alignment / registration method and apparatus	B2	12	0
5001946	utility	2021-05-23	EUV masks method and apparatus	B2	12	0
5001947	utility	2021-05-11	Masks / reticles method and apparatus	B2	16	0
5001948	utility	2021-02-12	EUV masks method and apparatus	B2	16	0
5001949	utility	2021-04-15	Masks / reticles method and apparatus	B2	10	0
5001950	utility	2021-12-23	Photoresist / process method and apparatus	B2	28	0
5001951	utility	2021-11-28	EUV masks method and apparatus	B2	24	0
5001952	utility	2021-06-11	Photoresist / process method and apparatus	B2	21	0
5001953	utility	2021-05-19	Masks / reticles method and apparatus	B2	11	0
5001954	utility	2021-02-03	EUV masks method and apparatus	B2	18	0
5001955	utility	2021-05-20	Photoresist / process method and apparatus	B2	12	0
5001956	utility	2021-02-20	Masks / reticles method and apparatus	B2	20	0
5001957	utility	2021-02-23	EUV masks method and apparatus	B2	11	0
5001958	utility	2021-10-29	Photoresist / process method and apparatus	B2	23	0
5001959	utility	2021-05-25	Photoresist / process method and apparatus	B2	25	0
5001960	utility	2021-03-29	Photoresist / process method and apparatus	B2	18	0
5001961	utility	2021-12-14	Masks / reticles method and apparatus	B2	25	0
5001962	utility	2021-03-07	EUV masks method and apparatus	B2	16	0
5001963	utility	2021-10-18	EUV masks method and apparatus	B2	16	0
5001964	utility	2021-05-08	Photoresist / process method and apparatus	B2	29	0
5001965	utility	2021-07-01	EUV masks method and apparatus	B2	22	0
5001966	utility	2021-09-24	Alignment / registration method and apparatus	B2	30	0
5001967	utility	2021-02-14	EUV masks method and apparatus	B2	17	0
5001968	utility	2021-11-21	Alignment / registration method and apparatus	B2	10	0
5001969	utility	2021-03-26	Alignment / registration method and apparatus	B2	26	0
5001970	utility	2021-09-10	Photoresist / process method and apparatus	B2	8	0
5001971	utility	2021-03-11	Photoresist / process method and apparatus	B2	23	0
5001972	utility	2021-11-12	EUV masks method and apparatus	B2	14	0
5001973	utility	2021-12-26	Photoresist / process method and apparatus	B2	25	0
5001974	utility	2021-12-05	Photoresist / process method and apparatus	B2	24	0
5001975	utility	2021-03-28	Photoresist / process method and apparatus	B2	29	0
5001976	utility	2021-07-07	Resist coating method and apparatus	B2	12	0
5001977	utility	2021-07-14	Resist coating method and apparatus	B2	13	0
5001978	utility	2021-12-14	Resist coating method and apparatus	B2	15	0
5001979	utility	2021-09-05	Resist coating method and apparatus	B2	17	0
5001980	utility	2021-06-06	Resist coating method and apparatus	B2	28	0
5001981	utility	2021-11-13	Photoresist / process method and apparatus	B2	23	0
5001982	utility	2021-06-18	Photoresist / process method and apparatus	B2	17	0
5001983	utility	2021-04-06	Resist coating method and apparatus	B2	20	0
5001984	utility	2021-04-12	Resist coating method and apparatus	B2	10	0
5001985	utility	2021-09-07	Resist coating method and apparatus	B2	8	0
5001986	utility	2021-07-22	Resist coating method and apparatus	B2	19	0
5001987	utility	2021-10-02	Photoresist / process method and apparatus	B2	16	0
5001988	utility	2021-08-13	Photoresist / process method and apparatus	B2	13	0
5001989	utility	2021-12-30	Resist coating method and apparatus	B2	14	0
5001990	utility	2021-07-22	Resist coating method and apparatus	B2	21	0
5001991	utility	2021-04-12	Exposure; illumination method and apparatus	B2	23	0
5001992	utility	2021-09-08	Exposure; illumination method and apparatus	B2	25	0
5001993	utility	2021-07-24	Exposure; illumination method and apparatus	B2	24	0
5001994	utility	2021-02-25	Exposure; illumination method and apparatus	B2	8	0
5001995	utility	2021-12-17	Exposure; illumination method and apparatus	B2	15	0
5001996	utility	2021-11-02	Exposure; illumination method and apparatus	B2	8	0
5001997	utility	2021-02-12	Exposure; illumination method and apparatus	B2	21	0
5001998	utility	2021-02-28	Exposure; illumination method and apparatus	B2	16	0
5001999	utility	2021-08-08	Exposure; illumination method and apparatus	B2	14	0
5002000	utility	2021-09-15	Exposure; illumination method and apparatus	B2	27	0
5002001	utility	2021-03-18	Exposure; illumination method and apparatus	B2	15	0
5002002	utility	2021-04-09	Exposure; illumination method and apparatus	B2	12	0
5002003	utility	2021-01-27	Exposure; illumination method and apparatus	B2	20	0
5002004	utility	2021-04-29	Exposure; illumination method and apparatus	B2	15	0
5002005	utility	2021-08-07	Exposure; illumination method and apparatus	B2	28	0
5002006	utility	2021-05-24	Exposure; illumination method and apparatus	B2	19	0
5002007	utility	2021-01-25	Exposure; illumination method and apparatus	B2	13	0
5002008	utility	2021-06-14	Exposure; illumination method and apparatus	B2	14	0
5002009	utility	2021-02-21	Masks / reticles method and apparatus	B2	21	0
5002010	utility	2021-06-05	Photoresist / process method and apparatus	B2	11	0
5002011	utility	2021-03-08	Masks / reticles method and apparatus	B2	18	0
5002012	utility	2021-10-29	Masks / reticles method and apparatus	B2	24	0
5002013	utility	2021-04-18	Masks / reticles method and apparatus	B2	26	0
5002014	utility	2021-11-05	Photoresist / process method and apparatus	B2	11	0
5002015	utility	2021-08-17	Photoresist / process method and apparatus	B2	11	0
5002016	utility	2021-08-31	Photoresist / process method and apparatus	B2	14	0
5002017	utility	2021-04-09	Photoresist / process method and apparatus	B2	21	0
5002018	utility	2022-10-14	Alignment / registration method and apparatus	B2	19	0
5002019	utility	2022-03-02	Exposure; illumination method and apparatus	B2	21	0
5002020	utility	2022-09-15	Exposure; illumination method and apparatus	B2	8	0
5002021	utility	2022-03-08	Alignment / registration method and apparatus	B2	17	0
5002022	utility	2022-12-22	Alignment / registration method and apparatus	B2	14	0
5002023	utility	2022-09-30	Exposure; illumination method and apparatus	B2	24	0
5002024	utility	2022-09-18	Exposure; illumination method and apparatus	B2	20	0
5002025	utility	2022-05-20	Exposure; illumination method and apparatus	B2	14	0
5002026	utility	2022-10-31	Exposure; illumination method and apparatus	B2	30	0
5002027	utility	2022-09-26	Exposure; illumination method and apparatus	B2	16	0
5002028	utility	2022-05-18	Exposure apparatus method and apparatus	B2	25	0
5002029	utility	2022-05-02	Exposure apparatus method and apparatus	B2	17	0
5002030	utility	2022-05-23	EUV masks method and apparatus	B2	12	0
5002031	utility	2022-05-08	Exposure; illumination method and apparatus	B2	14	0
5002032	utility	2022-11-20	Exposure; illumination method and apparatus	B2	27	0
5002033	utility	2022-12-28	Exposure apparatus method and apparatus	B2	25	0
5002034	utility	2022-11-10	Exposure; illumination method and apparatus	B2	17	0
5002035	utility	2022-01-06	Exposure; illumination method and apparatus	B2	19	0
5002036	utility	2022-01-09	Exposure apparatus method and apparatus	B2	25	0
5002037	utility	2022-12-19	Alignment / registration method and apparatus	B2	20	0
5002038	utility	2022-11-21	EUV masks method and apparatus	B2	27	0
5002039	utility	2022-05-18	Exposure apparatus method and apparatus	B2	14	0
5002040	utility	2022-04-29	Exposure apparatus method and apparatus	B2	21	0
5002041	utility	2022-04-03	Exposure apparatus method and apparatus	B2	22	0
5002042	utility	2022-09-09	Exposure apparatus method and apparatus	B2	13	0
5002043	utility	2022-04-01	Exposure apparatus method and apparatus	B2	20	0
5002044	utility	2022-02-06	Exposure apparatus method and apparatus	B2	21	0
5002045	utility	2022-09-27	Exposure apparatus method and apparatus	B2	12	0
5002046	utility	2022-07-13	Exposure; illumination method and apparatus	B2	20	0
5002047	utility	2022-11-26	Alignment / registration method and apparatus	B2	9	0
5002048	utility	2022-11-18	Exposure apparatus method and apparatus	B2	27	0
5002049	utility	2022-02-24	Resist coating method and apparatus	B2	25	0
5002050	utility	2022-02-13	Resist coating method and apparatus	B2	14	0
5002051	utility	2022-03-25	Resist coating method and apparatus	B2	17	0
5002052	utility	2022-10-06	Exposure apparatus method and apparatus	B2	30	0
5002053	utility	2022-01-23	Exposure apparatus method and apparatus	B2	11	0
5002054	utility	2022-08-01	Exposure; illumination method and apparatus	B2	12	0
5002055	utility	2022-08-07	Exposure apparatus method and apparatus	B2	20	0
5002056	utility	2022-12-17	Exposure apparatus method and apparatus	B2	20	0
5002057	utility	2022-02-27	Resist coating method and apparatus	B2	23	0
5002058	utility	2022-05-25	Exposure apparatus method and apparatus	B2	19	0
5002059	utility	2022-02-13	Exposure apparatus method and apparatus	B2	9	0
5002060	utility	2022-06-21	Exposure apparatus method and apparatus	B2	27	0
5002061	utility	2022-12-08	Exposure apparatus method and apparatus	B2	29	0
5002062	utility	2022-02-23	Exposure apparatus method and apparatus	B2	16	0
5002063	utility	2022-05-16	Exposure apparatus method and apparatus	B2	30	0
5002064	utility	2022-03-18	Resist coating method and apparatus	B2	28	0
5002065	utility	2022-09-02	Exposure apparatus method and apparatus	B2	10	0
5002066	utility	2022-05-23	Resist coating method and apparatus	B2	12	0
5002067	utility	2022-07-17	Exposure apparatus method and apparatus	B2	19	0
5002068	utility	2022-07-31	Exposure apparatus method and apparatus	B2	27	0
5002069	utility	2022-12-01	Exposure apparatus method and apparatus	B2	15	0
5002070	utility	2022-04-28	Exposure; illumination method and apparatus	B2	20	0
5002071	utility	2022-10-23	Exposure apparatus method and apparatus	B2	30	0
5002072	utility	2022-05-01	Exposure; illumination method and apparatus	B2	19	0
5002073	utility	2022-08-31	Exposure apparatus method and apparatus	B2	12	0
5002074	utility	2022-07-04	Alignment / registration method and apparatus	B2	12	0
5002075	utility	2022-10-10	Alignment / registration method and apparatus	B2	21	0
5002076	utility	2022-03-12	Exposure apparatus method and apparatus	B2	11	0
5002077	utility	2022-01-14	Exposure apparatus method and apparatus	B2	30	0
5002078	utility	2022-02-24	Exposure apparatus method and apparatus	B2	29	0
5002079	utility	2022-03-22	Alignment / registration method and apparatus	B2	8	0
5002080	utility	2022-02-09	Exposure apparatus method and apparatus	B2	8	0
5002081	utility	2022-04-04	Exposure apparatus method and apparatus	B2	23	0
5002082	utility	2022-06-03	Exposure; illumination method and apparatus	B2	23	0
5002083	utility	2022-11-27	Exposure apparatus method and apparatus	B2	30	0
5002084	utility	2022-11-25	Exposure apparatus method and apparatus	B2	9	0
5002085	utility	2022-01-06	Exposure; illumination method and apparatus	B2	20	0
5002086	utility	2022-08-21	Alignment / registration method and apparatus	B2	25	0
5002087	utility	2022-09-14	Alignment / registration method and apparatus	B2	17	0
5002088	utility	2022-05-20	Alignment / registration method and apparatus	B2	10	0
5002089	utility	2022-07-25	Exposure; illumination method and apparatus	B2	27	0
5002090	utility	2022-10-14	Exposure apparatus method and apparatus	B2	27	0
5002091	utility	2022-06-10	Exposure apparatus method and apparatus	B2	28	0
5002092	utility	2022-07-10	Exposure apparatus method and apparatus	B2	28	0
5002093	utility	2022-02-09	Exposure apparatus method and apparatus	B2	19	0
5002094	utility	2022-05-25	Exposure apparatus method and apparatus	B2	13	0
5002095	utility	2022-01-06	Exposure apparatus method and apparatus	B2	17	0
5002096	utility	2022-01-17	Exposure; illumination method and apparatus	B2	15	0
5002097	utility	2022-10-16	Exposure apparatus method and apparatus	B2	23	0
5002098	utility	2022-06-08	Exposure apparatus method and apparatus	B2	8	0
5002099	utility	2022-09-14	Exposure; illumination method and apparatus	B2	14	0
5002100	utility	2022-03-08	Exposure; illumination method and apparatus	B2	30	0
5002101	utility	2022-09-15	Exposure apparatus method and apparatus	B2	11	0
5002102	utility	2022-07-15	Exposure apparatus method and apparatus	B2	23	0
5002103	utility	2022-03-19	Exposure apparatus method and apparatus	B2	29	0
5002104	utility	2022-04-29	Exposure apparatus method and apparatus	B2	14	0
5002105	utility	2022-03-24	Exposure apparatus method and apparatus	B2	24	0
5002106	utility	2022-09-25	Exposure; illumination method and apparatus	B2	18	0
5002107	utility	2022-07-04	Exposure apparatus method and apparatus	B2	27	0
5002108	utility	2022-12-31	Exposure apparatus method and apparatus	B2	29	0
5002109	utility	2022-11-07	Exposure; illumination method and apparatus	B2	10	0
5002110	utility	2022-09-12	Exposure; illumination method and apparatus	B2	11	0
5002111	utility	2022-02-14	Alignment / registration method and apparatus	B2	23	0
5002112	utility	2022-06-01	Masks / reticles method and apparatus	B2	13	0
5002113	utility	2022-02-15	EUV masks method and apparatus	B2	10	0
5002114	utility	2022-08-31	Masks / reticles method and apparatus	B2	16	0
5002115	utility	2022-03-13	Photoresist / process method and apparatus	B2	11	0
5002116	utility	2022-05-27	Masks / reticles method and apparatus	B2	20	0
5002117	utility	2022-03-08	Alignment / registration method and apparatus	B2	22	0
5002118	utility	2022-07-11	Alignment / registration method and apparatus	B2	10	0
5002119	utility	2022-12-16	EUV masks method and apparatus	B2	9	0
5002120	utility	2022-05-06	Masks / reticles method and apparatus	B2	30	0
5002121	utility	2022-02-23	Masks / reticles method and apparatus	B2	17	0
5002122	utility	2022-02-07	EUV masks method and apparatus	B2	15	0
5002123	utility	2022-06-28	Photoresist / process method and apparatus	B2	22	0
5002124	utility	2022-08-27	Photoresist / process method and apparatus	B2	11	0
5002125	utility	2022-07-23	Masks / reticles method and apparatus	B2	21	0
5002126	utility	2022-06-25	Masks / reticles method and apparatus	B2	27	0
5002127	utility	2022-02-28	Photoresist / process method and apparatus	B2	16	0
5002128	utility	2022-08-29	Masks / reticles method and apparatus	B2	12	0
5002129	utility	2022-11-04	EUV masks method and apparatus	B2	20	0
5002130	utility	2022-08-31	Photoresist / process method and apparatus	B2	14	0
5002131	utility	2022-12-17	Photoresist / process method and apparatus	B2	21	0
5002132	utility	2022-02-11	EUV masks method and apparatus	B2	17	0
5002133	utility	2022-09-26	Alignment / registration method and apparatus	B2	14	0
5002134	utility	2022-01-28	EUV masks method and apparatus	B2	10	0
5002135	utility	2022-06-02	EUV masks method and apparatus	B2	13	0
5002136	utility	2022-10-02	Photoresist / process method and apparatus	B2	30	0
5002137	utility	2022-12-21	EUV masks method and apparatus	B2	26	0
5002138	utility	2022-11-02	Photoresist / process method and apparatus	B2	14	0
5002139	utility	2022-06-12	EUV masks method and apparatus	B2	8	0
5002140	utility	2022-09-13	Alignment / registration method and apparatus	B2	18	0
5002141	utility	2022-01-02	EUV masks method and apparatus	B2	22	0
5002142	utility	2022-11-24	Photoresist / process method and apparatus	B2	26	0
5002143	utility	2022-04-07	Alignment / registration method and apparatus	B2	21	0
5002144	utility	2022-04-21	Photoresist / process method and apparatus	B2	19	0
5002145	utility	2022-10-23	Photoresist / process method and apparatus	B2	8	0
5002146	utility	2022-06-07	Resist coating method and apparatus	B2	24	0
5002147	utility	2022-11-29	Photoresist / process method and apparatus	B2	22	0
5002148	utility	2022-10-05	Resist coating method and apparatus	B2	21	0
5002149	utility	2022-04-01	Resist coating method and apparatus	B2	22	0
5002150	utility	2022-03-25	Resist coating method and apparatus	B2	25	0
5002151	utility	2022-12-19	Photoresist / process method and apparatus	B2	29	0
5002152	utility	2022-02-20	Photoresist / process method and apparatus	B2	10	0
5002153	utility	2022-01-09	Resist coating method and apparatus	B2	27	0
5002154	utility	2022-11-16	Resist coating method and apparatus	B2	25	0
5002155	utility	2022-01-17	Resist coating method and apparatus	B2	29	0
5002156	utility	2022-08-21	Resist coating method and apparatus	B2	25	0
5002157	utility	2022-08-26	Resist coating method and apparatus	B2	21	0
5002158	utility	2022-07-11	Resist coating method and apparatus	B2	15	0
5002159	utility	2022-05-16	Photoresist / process method and apparatus	B2	17	0
5002160	utility	2022-01-03	Photoresist / process method and apparatus	B2	21	0
5002161	utility	2022-07-11	Resist coating method and apparatus	B2	24	0
5002162	utility	2022-10-20	Resist coating method and apparatus	B2	21	0
5002163	utility	2022-11-26	Resist coating method and apparatus	B2	20	0
5002164	utility	2022-11-22	Resist coating method and apparatus	B2	20	0
5002165	utility	2022-06-12	Resist coating method and apparatus	B2	24	0
5002166	utility	2022-03-06	Resist coating method and apparatus	B2	24	0
5002167	utility	2022-11-18	Photoresist / process method and apparatus	B2	16	0
5002168	utility	2022-04-15	Photoresist / process method and apparatus	B2	10	0
5002169	utility	2022-10-31	Resist coating method and apparatus	B2	12	0
5002170	utility	2022-01-13	Resist coating method and apparatus	B2	12	0
5002171	utility	2022-12-01	Resist coating method and apparatus	B2	15	0
5002172	utility	2022-07-13	Photoresist / process method and apparatus	B2	16	0
5002173	utility	2022-03-15	Exposure; illumination method and apparatus	B2	28	0
5002174	utility	2022-11-02	Exposure; illumination method and apparatus	B2	11	0
5002175	utility	2022-04-03	Exposure; illumination method and apparatus	B2	10	0
5002176	utility	2022-04-17	Exposure; illumination method and apparatus	B2	20	0
5002177	utility	2022-09-07	Exposure; illumination method and apparatus	B2	28	0
5002178	utility	2022-06-10	Exposure; illumination method and apparatus	B2	28	0
5002179	utility	2022-10-18	Exposure; illumination method and apparatus	B2	28	0
5002180	utility	2022-06-25	Exposure; illumination method and apparatus	B2	19	0
5002181	utility	2022-01-03	Exposure; illumination method and apparatus	B2	13	0
5002182	utility	2022-04-09	Exposure; illumination method and apparatus	B2	27	0
5002183	utility	2022-03-20	Exposure; illumination method and apparatus	B2	14	0
5002184	utility	2022-01-16	Exposure; illumination method and apparatus	B2	18	0
5002185	utility	2022-03-06	Exposure; illumination method and apparatus	B2	16	0
5002186	utility	2022-06-28	Exposure; illumination method and apparatus	B2	30	0
5002187	utility	2022-09-11	Exposure; illumination method and apparatus	B2	21	0
5002188	utility	2022-05-09	Exposure; illumination method and apparatus	B2	13	0
5002189	utility	2022-07-21	Exposure; illumination method and apparatus	B2	11	0
5002190	utility	2022-04-16	Exposure; illumination method and apparatus	B2	23	0
5002191	utility	2022-05-20	Photoresist / process method and apparatus	B2	18	0
5002192	utility	2022-10-18	Photoresist / process method and apparatus	B2	19	0
5002193	utility	2022-01-18	Photoresist / process method and apparatus	B2	24	0
5002194	utility	2022-11-27	Photoresist / process method and apparatus	B2	24	0
5002195	utility	2022-06-15	Photoresist / process method and apparatus	B2	21	0
5002196	utility	2022-04-21	Photoresist / process method and apparatus	B2	29	0
5002197	utility	2022-03-04	Masks / reticles method and apparatus	B2	8	0
5002198	utility	2022-04-20	Masks / reticles method and apparatus	B2	22	0
5002199	utility	2022-10-15	Masks / reticles method and apparatus	B2	10	0
5002200	utility	2022-02-22	Photoresist / process method and apparatus	B2	25	0
5002201	utility	2022-11-27	Photoresist / process method and apparatus	B2	21	0
5002202	utility	2022-06-13	Photoresist / process method and apparatus	B2	14	0
5002203	utility	2023-03-05	Exposure; illumination method and apparatus	B2	22	0
5002204	utility	2023-05-02	Exposure; illumination method and apparatus	B2	26	0
5002205	utility	2023-10-22	Exposure; illumination method and apparatus	B2	8	0
5002206	utility	2023-07-26	Exposure apparatus method and apparatus	B2	9	0
5002207	utility	2023-01-09	Exposure apparatus method and apparatus	B2	10	0
5002208	utility	2023-05-21	Alignment / registration method and apparatus	B2	18	0
5002209	utility	2023-06-10	Exposure apparatus method and apparatus	B2	23	0
5002210	utility	2023-08-21	Exposure apparatus method and apparatus	B2	23	0
5002211	utility	2023-11-13	Alignment / registration method and apparatus	B2	11	0
5002212	utility	2023-03-13	Alignment / registration method and apparatus	B2	11	0
5002213	utility	2023-02-15	Exposure apparatus method and apparatus	B2	14	0
5002214	utility	2023-10-03	Alignment / registration method and apparatus	B2	8	0
5002215	utility	2023-01-23	Exposure apparatus method and apparatus	B2	11	0
5002216	utility	2023-06-18	Exposure apparatus method and apparatus	B2	30	0
5002217	utility	2023-03-29	Exposure apparatus method and apparatus	B2	12	0
5002218	utility	2023-03-17	Exposure apparatus method and apparatus	B2	26	0
5002219	utility	2023-12-09	Exposure; illumination method and apparatus	B2	11	0
5002220	utility	2023-12-05	Exposure; illumination method and apparatus	B2	23	0
5002221	utility	2023-09-05	Alignment / registration method and apparatus	B2	15	0
5002222	utility	2023-06-30	Exposure; illumination method and apparatus	B2	25	0
5002223	utility	2023-04-16	Exposure; illumination method and apparatus	B2	30	0
5002224	utility	2023-01-07	Exposure apparatus method and apparatus	B2	29	0
5002225	utility	2023-02-23	Exposure apparatus method and apparatus	B2	18	0
5002226	utility	2023-09-21	Exposure; illumination method and apparatus	B2	18	0
5002227	utility	2023-12-02	Exposure; illumination method and apparatus	B2	12	0
5002228	utility	2023-04-23	Resist coating method and apparatus	B2	19	0
5002229	utility	2023-09-20	Resist coating method and apparatus	B2	14	0
5002230	utility	2023-08-05	Exposure apparatus method and apparatus	B2	13	0
5002231	utility	2023-03-17	Exposure; illumination method and apparatus	B2	22	0
5002232	utility	2023-01-09	Exposure apparatus method and apparatus	B2	22	0
5002233	utility	2023-09-29	Exposure apparatus method and apparatus	B2	22	0
5002234	utility	2023-02-13	Resist coating method and apparatus	B2	19	0
5002235	utility	2023-08-09	Exposure apparatus method and apparatus	B2	24	0
5002236	utility	2023-02-20	Exposure apparatus method and apparatus	B2	9	0
5002237	utility	2023-04-10	Resist coating method and apparatus	B2	17	0
5002238	utility	2023-09-29	Exposure; illumination method and apparatus	B2	27	0
5002239	utility	2023-01-26	Exposure apparatus method and apparatus	B2	28	0
5002240	utility	2023-01-28	Exposure apparatus method and apparatus	B2	9	0
5002241	utility	2023-02-21	Exposure apparatus method and apparatus	B2	16	0
5002242	utility	2023-07-27	Exposure; illumination method and apparatus	B2	20	0
5002243	utility	2023-12-21	Exposure; illumination method and apparatus	B2	16	0
5002244	utility	2023-06-27	Exposure; illumination method and apparatus	B2	28	0
5002245	utility	2023-01-02	Exposure apparatus method and apparatus	B2	11	0
5002246	utility	2023-06-06	Exposure; illumination method and apparatus	B2	30	0
5002247	utility	2023-08-22	Exposure apparatus method and apparatus	B2	12	0
5002248	utility	2023-06-21	Exposure apparatus method and apparatus	B2	8	0
5002249	utility	2023-03-29	Alignment / registration method and apparatus	B2	29	0
5002250	utility	2023-08-31	Exposure; illumination method and apparatus	B2	26	0
5002251	utility	2023-01-24	Exposure apparatus method and apparatus	B2	8	0
5002252	utility	2023-09-26	Alignment / registration method and apparatus	B2	24	0
5002253	utility	2023-02-21	Exposure; illumination method and apparatus	B2	17	0
5002254	utility	2023-06-29	Exposure apparatus method and apparatus	B2	25	0
5002255	utility	2023-08-23	Exposure apparatus method and apparatus	B2	8	0
5002256	utility	2023-09-23	Exposure; illumination method and apparatus	B2	29	0
5002257	utility	2023-05-19	Exposure apparatus method and apparatus	B2	29	0
5002258	utility	2023-07-30	Exposure apparatus method and apparatus	B2	15	0
5002259	utility	2023-01-16	Exposure apparatus method and apparatus	B2	15	0
5002260	utility	2023-07-04	Alignment / registration method and apparatus	B2	14	0
5002261	utility	2023-07-13	Alignment / registration method and apparatus	B2	28	0
5002262	utility	2023-12-14	Alignment / registration method and apparatus	B2	25	0
5002263	utility	2023-09-27	Alignment / registration method and apparatus	B2	13	0
5002264	utility	2023-06-19	Exposure apparatus method and apparatus	B2	20	0
5002265	utility	2023-01-22	Exposure apparatus method and apparatus	B2	26	0
5002266	utility	2023-03-04	Alignment / registration method and apparatus	B2	21	0
5002267	utility	2023-06-27	Alignment / registration method and apparatus	B2	17	0
5002268	utility	2023-12-17	Exposure apparatus method and apparatus	B2	12	0
5002269	utility	2023-05-29	Exposure; illumination method and apparatus	B2	27	0
5002270	utility	2023-05-28	Exposure apparatus method and apparatus	B2	10	0
5002271	utility	2023-04-22	Exposure apparatus method and apparatus	B2	17	0
5002272	utility	2023-06-06	Exposure apparatus method and apparatus	B2	8	0
5002273	utility	2023-01-26	Exposure; illumination method and apparatus	B2	16	0
5002274	utility	2023-09-15	Exposure; illumination method and apparatus	B2	29	0
5002275	utility	2023-02-14	Exposure apparatus method and apparatus	B2	30	0
5002276	utility	2023-10-27	Exposure apparatus method and apparatus	B2	10	0
5002277	utility	2023-07-01	Exposure apparatus method and apparatus	B2	15	0
5002278	utility	2023-07-24	Exposure apparatus method and apparatus	B2	11	0
5002279	utility	2023-03-30	Exposure; illumination method and apparatus	B2	26	0
5002280	utility	2023-03-13	Exposure; illumination method and apparatus	B2	29	0
5002281	utility	2023-10-11	Exposure apparatus method and apparatus	B2	14	0
5002282	utility	2023-11-18	Exposure apparatus method and apparatus	B2	22	0
5002283	utility	2023-08-12	Exposure; illumination method and apparatus	B2	11	0
5002284	utility	2023-09-15	Exposure; illumination method and apparatus	B2	29	0
5002285	utility	2023-08-27	Exposure apparatus method and apparatus	B2	21	0
5002286	utility	2023-10-14	Exposure apparatus method and apparatus	B2	8	0
5002287	utility	2023-03-13	Exposure apparatus method and apparatus	B2	27	0
5002288	utility	2023-07-11	Exposure; illumination method and apparatus	B2	12	0
5002289	utility	2023-01-28	Exposure; illumination method and apparatus	B2	20	0
5002290	utility	2023-09-23	Exposure apparatus method and apparatus	B2	22	0
5002291	utility	2023-06-20	Photoresist / process method and apparatus	B2	27	0
5002292	utility	2023-12-20	EUV masks method and apparatus	B2	18	0
5002293	utility	2023-12-12	Photoresist / process method and apparatus	B2	24	0
5002294	utility	2023-09-22	Photoresist / process method and apparatus	B2	12	0
5002295	utility	2023-12-12	Masks / reticles method and apparatus	B2	28	0
5002296	utility	2023-01-04	Photoresist / process method and apparatus	B2	23	0
5002297	utility	2023-01-01	Masks / reticles method and apparatus	B2	12	0
5002298	utility	2023-05-07	EUV masks method and apparatus	B2	14	0
5002299	utility	2023-08-16	Photoresist / process method and apparatus	B2	20	0
5002300	utility	2023-09-05	Masks / reticles method and apparatus	B2	13	0
5002301	utility	2023-11-10	Masks / reticles method and apparatus	B2	29	0
5002302	utility	2023-08-10	Photoresist / process method and apparatus	B2	12	0
5002303	utility	2023-12-03	Masks / reticles method and apparatus	B2	15	0
5002304	utility	2023-04-13	Photoresist / process method and apparatus	B2	23	0
5002305	utility	2023-10-29	Photoresist / process method and apparatus	B2	23	0
5002306	utility	2023-12-24	EUV masks method and apparatus	B2	11	0
5002307	utility	2023-05-26	Masks / reticles method and apparatus	B2	22	0
5002308	utility	2023-06-05	Masks / reticles method and apparatus	B2	9	0
5002309	utility	2023-01-22	EUV masks method and apparatus	B2	19	0
5002310	utility	2023-08-23	Photoresist / process method and apparatus	B2	16	0
5002311	utility	2023-09-15	EUV masks method and apparatus	B2	14	0
5002312	utility	2023-09-20	EUV masks method and apparatus	B2	10	0
5002313	utility	2023-10-16	EUV masks method and apparatus	B2	18	0
5002314	utility	2023-12-04	Masks / reticles method and apparatus	B2	17	0
5002315	utility	2023-11-27	Photoresist / process method and apparatus	B2	23	0
5002316	utility	2023-04-03	EUV masks method and apparatus	B2	26	0
5002317	utility	2023-09-27	Photoresist / process method and apparatus	B2	16	0
5002318	utility	2023-10-25	EUV masks method and apparatus	B2	19	0
5002319	utility	2023-01-16	Masks / reticles method and apparatus	B2	13	0
5002320	utility	2023-12-14	Masks / reticles method and apparatus	B2	23	0
5002321	utility	2023-05-02	Photoresist / process method and apparatus	B2	11	0
5002322	utility	2023-02-02	Alignment / registration method and apparatus	B2	9	0
5002323	utility	2023-02-07	EUV masks method and apparatus	B2	22	0
5002324	utility	2023-06-14	Alignment / registration method and apparatus	B2	11	0
5002325	utility	2023-11-23	EUV masks method and apparatus	B2	26	0
5002326	utility	2023-08-13	EUV masks method and apparatus	B2	29	0
5002327	utility	2023-08-11	Alignment / registration method and apparatus	B2	24	0
5002328	utility	2023-01-13	EUV masks method and apparatus	B2	28	0
5002329	utility	2023-03-13	EUV masks method and apparatus	B2	8	0
5002330	utility	2023-02-06	Photoresist / process method and apparatus	B2	18	0
5002331	utility	2023-04-17	EUV masks method and apparatus	B2	26	0
5002332	utility	2023-10-14	EUV masks method and apparatus	B2	12	0
5002333	utility	2023-07-12	EUV masks method and apparatus	B2	10	0
5002334	utility	2023-06-02	Photoresist / process method and apparatus	B2	11	0
5002335	utility	2023-10-04	Resist coating method and apparatus	B2	18	0
5002336	utility	2023-05-09	Photoresist / process method and apparatus	B2	20	0
5002337	utility	2023-03-22	Photoresist / process method and apparatus	B2	17	0
5002338	utility	2023-11-09	Photoresist / process method and apparatus	B2	24	0
5002339	utility	2023-02-26	Resist coating method and apparatus	B2	26	0
5002340	utility	2023-01-17	Photoresist / process method and apparatus	B2	18	0
5002341	utility	2023-01-31	Resist coating method and apparatus	B2	12	0
5002342	utility	2023-12-06	Photoresist / process method and apparatus	B2	9	0
5002343	utility	2023-01-19	Photoresist / process method and apparatus	B2	19	0
5002344	utility	2023-11-10	Resist coating method and apparatus	B2	10	0
5002345	utility	2023-05-19	Photoresist / process method and apparatus	B2	9	0
5002346	utility	2023-11-29	Resist coating method and apparatus	B2	19	0
5002347	utility	2023-04-27	Photoresist / process method and apparatus	B2	8	0
5002348	utility	2023-04-11	Photoresist / process method and apparatus	B2	25	0
5002349	utility	2023-01-10	Photoresist / process method and apparatus	B2	25	0
5002350	utility	2023-12-23	Photoresist / process method and apparatus	B2	12	0
5002351	utility	2023-03-01	Resist coating method and apparatus	B2	22	0
5002352	utility	2023-06-25	Resist coating method and apparatus	B2	21	0
5002353	utility	2023-10-29	Resist coating method and apparatus	B2	8	0
5002354	utility	2023-01-08	Photoresist / process method and apparatus	B2	15	0
5002355	utility	2023-08-13	Resist coating method and apparatus	B2	13	0
5002356	utility	2023-12-02	Exposure; illumination method and apparatus	B2	15	0
5002357	utility	2023-09-03	Exposure; illumination method and apparatus	B2	29	0
5002358	utility	2023-10-06	Exposure; illumination method and apparatus	B2	14	0
5002359	utility	2023-04-23	Exposure; illumination method and apparatus	B2	22	0
5002360	utility	2023-05-30	Exposure; illumination method and apparatus	B2	28	0
5002361	utility	2023-10-05	Exposure; illumination method and apparatus	B2	24	0
5002362	utility	2023-12-28	Exposure; illumination method and apparatus	B2	27	0
5002363	utility	2023-03-12	Exposure; illumination method and apparatus	B2	24	0
5002364	utility	2023-03-14	Exposure; illumination method and apparatus	B2	9	0
5002365	utility	2023-09-13	Exposure; illumination method and apparatus	B2	9	0
5002366	utility	2023-02-13	Exposure; illumination method and apparatus	B2	9	0
5002367	utility	2023-01-10	Exposure; illumination method and apparatus	B2	20	0
5002368	utility	2023-07-14	Exposure; illumination method and apparatus	B2	13	0
5002369	utility	2023-06-06	Exposure; illumination method and apparatus	B2	9	0
5002370	utility	2023-11-08	Exposure; illumination method and apparatus	B2	18	0
5002371	utility	2023-10-30	Exposure; illumination method and apparatus	B2	14	0
5002372	utility	2023-11-15	Exposure; illumination method and apparatus	B2	21	0
5002373	utility	2023-01-30	Exposure; illumination method and apparatus	B2	11	0
5002374	utility	2023-05-28	Exposure; illumination method and apparatus	B2	25	0
5002375	utility	2023-09-23	Masks / reticles method and apparatus	B2	16	0
5002376	utility	2023-05-02	Photoresist / process method and apparatus	B2	12	0
5002377	utility	2023-05-21	Masks / reticles method and apparatus	B2	10	0
5002378	utility	2023-07-22	Photoresist / process method and apparatus	B2	9	0
5002379	utility	2023-05-09	Photoresist / process method and apparatus	B2	28	0
5002380	utility	2023-10-19	Photoresist / process method and apparatus	B2	29	0
5002381	utility	2023-08-16	Masks / reticles method and apparatus	B2	22	0
5002382	utility	2023-07-03	Photoresist / process method and apparatus	B2	23	0
5002383	utility	2023-10-24	Photoresist / process method and apparatus	B2	10	0
5002384	utility	2024-05-21	Exposure apparatus method and apparatus	B2	16	0
5002385	utility	2024-03-30	Exposure apparatus method and apparatus	B2	12	0
5002386	utility	2024-12-01	Exposure apparatus method and apparatus	B2	9	0
5002387	utility	2024-01-22	Exposure; illumination method and apparatus	B2	25	0
5002388	utility	2024-05-12	EUV masks method and apparatus	B2	16	0
5002389	utility	2024-01-23	Exposure; illumination method and apparatus	B2	27	0
5002390	utility	2024-08-15	Exposure apparatus method and apparatus	B2	11	0
5002391	utility	2024-10-19	Exposure apparatus method and apparatus	B2	19	0
5002392	utility	2024-08-06	Exposure apparatus method and apparatus	B2	17	0
5002393	utility	2024-07-03	Exposure; illumination method and apparatus	B2	18	0
5002394	utility	2024-05-30	Exposure; illumination method and apparatus	B2	27	0
5002395	utility	2024-03-17	Exposure apparatus method and apparatus	B2	26	0
5002396	utility	2024-09-18	Alignment / registration method and apparatus	B2	30	0
5002397	utility	2024-07-12	EUV masks method and apparatus	B2	26	0
5002398	utility	2024-11-28	Exposure apparatus method and apparatus	B2	10	0
5002399	utility	2024-10-21	Exposure; illumination method and apparatus	B2	28	0
5002400	utility	2024-03-03	Exposure; illumination method and apparatus	B2	24	0
5002401	utility	2024-09-23	Exposure; illumination method and apparatus	B2	22	0
5002402	utility	2024-05-30	Alignment / registration method and apparatus	B2	15	0
5002403	utility	2024-06-10	Exposure apparatus method and apparatus	B2	11	0
5002404	utility	2024-07-28	Alignment / registration method and apparatus	B2	19	0
5002405	utility	2024-11-30	EUV masks method and apparatus	B2	23	0
5002406	utility	2024-04-27	Alignment / registration method and apparatus	B2	26	0
5002407	utility	2024-05-05	EUV masks method and apparatus	B2	21	0
5002408	utility	2024-05-26	Exposure; illumination method and apparatus	B2	18	0
5002409	utility	2024-09-15	Exposure; illumination method and apparatus	B2	12	0
5002410	utility	2024-08-20	EUV masks method and apparatus	B2	8	0
5002411	utility	2024-10-10	Exposure apparatus method and apparatus	B2	30	0
5002412	utility	2024-01-18	Exposure apparatus method and apparatus	B2	21	0
5002413	utility	2024-03-08	EUV masks method and apparatus	B2	24	0
5002414	utility	2024-06-30	EUV masks method and apparatus	B2	12	0
5002415	utility	2024-03-01	Alignment / registration method and apparatus	B2	18	0
5002416	utility	2024-11-11	Exposure; illumination method and apparatus	B2	11	0
5002417	utility	2024-06-30	Exposure apparatus method and apparatus	B2	22	0
5002418	utility	2024-08-11	Exposure apparatus method and apparatus	B2	17	0
5002419	utility	2024-04-03	Exposure apparatus method and apparatus	B2	26	0
5002420	utility	2024-01-04	Exposure apparatus method and apparatus	B2	26	0
5002421	utility	2024-07-13	Exposure; illumination method and apparatus	B2	18	0
5002422	utility	2024-05-23	Exposure; illumination method and apparatus	B2	11	0
5002423	utility	2024-10-15	Exposure apparatus method and apparatus	B2	24	0
5002424	utility	2024-08-06	Exposure; illumination method and apparatus	B2	17	0
5002425	utility	2024-03-14	Exposure; illumination method and apparatus	B2	9	0
5002426	utility	2024-04-17	Resist coating method and apparatus	B2	21	0
5002427	utility	2024-06-09	Resist coating method and apparatus	B2	11	0
5002428	utility	2024-05-20	Exposure apparatus method and apparatus	B2	23	0
5002429	utility	2024-05-12	Exposure apparatus method and apparatus	B2	27	0
5002430	utility	2024-03-13	Exposure; illumination method and apparatus	B2	11	0
5002431	utility	2024-01-15	Exposure; illumination method and apparatus	B2	27	0
5002432	utility	2024-04-09	Exposure; illumination method and apparatus	B2	8	0
5002433	utility	2024-05-24	Exposure apparatus method and apparatus	B2	26	0
5002434	utility	2024-08-20	Exposure; illumination method and apparatus	B2	17	0
5002435	utility	2024-03-02	Exposure; illumination method and apparatus	B2	22	0
5002436	utility	2024-03-11	Exposure apparatus method and apparatus	B2	16	0
5002437	utility	2024-02-10	Resist coating method and apparatus	B2	15	0
5002438	utility	2024-06-20	Exposure apparatus method and apparatus	B2	16	0
5002439	utility	2024-02-07	Exposure; illumination method and apparatus	B2	30	0
5002440	utility	2024-12-27	Exposure apparatus method and apparatus	B2	24	0
5002441	utility	2024-11-20	Exposure apparatus method and apparatus	B2	28	0
5002442	utility	2024-04-22	Exposure; illumination method and apparatus	B2	29	0
5002443	utility	2024-04-05	Exposure apparatus method and apparatus	B2	23	0
5002444	utility	2024-02-15	Exposure; illumination method and apparatus	B2	24	0
5002445	utility	2024-08-10	Exposure apparatus method and apparatus	B2	10	0
5002446	utility	2024-04-01	Exposure apparatus method and apparatus	B2	9	0
5002447	utility	2024-11-19	Exposure; illumination method and apparatus	B2	26	0
5002448	utility	2024-12-02	Exposure apparatus method and apparatus	B2	13	0
5002449	utility	2024-12-08	Alignment / registration method and apparatus	B2	23	0
5002450	utility	2024-07-01	Exposure apparatus method and apparatus	B2	25	0
5002451	utility	2024-05-27	Exposure apparatus method and apparatus	B2	21	0
5002452	utility	2024-08-05	Exposure apparatus method and apparatus	B2	11	0
5002453	utility	2024-06-26	Exposure; illumination method and apparatus	B2	30	0
5002454	utility	2024-09-04	Exposure; illumination method and apparatus	B2	23	0
5002455	utility	2024-05-28	Exposure apparatus method and apparatus	B2	16	0
5002456	utility	2024-06-14	Exposure apparatus method and apparatus	B2	16	0
5002457	utility	2024-08-14	Exposure apparatus method and apparatus	B2	21	0
5002458	utility	2024-04-22	Exposure apparatus method and apparatus	B2	18	0
5002459	utility	2024-07-28	Exposure apparatus method and apparatus	B2	15	0
5002460	utility	2024-11-16	Exposure; illumination method and apparatus	B2	11	0
5002461	utility	2024-03-07	Exposure; illumination method and apparatus	B2	27	0
5002462	utility	2024-07-13	Exposure apparatus method and apparatus	B2	10	0
5002463	utility	2024-10-10	Exposure; illumination method and apparatus	B2	10	0
5002464	utility	2024-10-01	Exposure apparatus method and apparatus	B2	14	0
5002465	utility	2024-04-27	Exposure apparatus method and apparatus	B2	17	0
5002466	utility	2024-04-20	Exposure apparatus method and apparatus	B2	25	0
5002467	utility	2024-01-11	Exposure apparatus method and apparatus	B2	24	0
5002468	utility	2024-01-22	Exposure; illumination method and apparatus	B2	13	0
5002469	utility	2024-12-18	Exposure apparatus method and apparatus	B2	15	0
5002470	utility	2024-07-12	Exposure apparatus method and apparatus	B2	28	0
5002471	utility	2024-02-13	Exposure; illumination method and apparatus	B2	10	0
5002472	utility	2024-07-31	Exposure; illumination method and apparatus	B2	8	0
5002473	utility	2024-03-18	Exposure; illumination method and apparatus	B2	11	0
5002474	utility	2024-11-06	Exposure apparatus method and apparatus	B2	17	0
5002475	utility	2024-01-12	Exposure apparatus method and apparatus	B2	17	0
5002476	utility	2024-12-01	Exposure apparatus method and apparatus	B2	26	0
5002477	utility	2024-04-23	Exposure apparatus method and apparatus	B2	21	0
5002478	utility	2024-12-25	Exposure apparatus method and apparatus	B2	25	0
5002479	utility	2024-09-11	Exposure apparatus method and apparatus	B2	20	0
5002480	utility	2024-01-13	EUV masks method and apparatus	B2	20	0
5002481	utility	2024-10-15	EUV masks method and apparatus	B2	11	0
5002482	utility	2024-11-18	Masks / reticles method and apparatus	B2	10	0
5002483	utility	2024-09-07	Masks / reticles method and apparatus	B2	26	0
5002484	utility	2024-08-30	EUV masks method and apparatus	B2	24	0
5002485	utility	2024-01-31	Photoresist / process method and apparatus	B2	23	0
5002486	utility	2024-03-18	Photoresist / process method and apparatus	B2	9	0
5002487	utility	2024-01-03	EUV masks method and apparatus	B2	16	0
5002488	utility	2024-10-06	Photoresist / process method and apparatus	B2	23	0
5002489	utility	2024-08-24	Masks / reticles method and apparatus	B2	30	0
5002490	utility	2024-02-11	Alignment / registration method and apparatus	B2	11	0
5002491	utility	2024-01-07	EUV masks method and apparatus	B2	13	0
5002492	utility	2024-08-12	Masks / reticles method and apparatus	B2	11	0
5002493	utility	2024-11-16	EUV masks method and apparatus	B2	24	0
5002494	utility	2024-08-02	Photoresist / process method and apparatus	B2	20	0
5002495	utility	2024-05-30	EUV masks method and apparatus	B2	29	0
5002496	utility	2024-07-09	EUV masks method and apparatus	B2	26	0
5002497	utility	2024-12-16	Masks / reticles method and apparatus	B2	14	0
5002498	utility	2024-11-05	EUV masks method and apparatus	B2	16	0
5002499	utility	2024-03-10	Photoresist / process method and apparatus	B2	13	0
5002500	utility	2024-08-01	Masks / reticles method and apparatus	B2	13	0
5002501	utility	2024-04-12	Photoresist / process method and apparatus	B2	30	0
5002502	utility	2024-02-01	EUV masks method and apparatus	B2	27	0
5002503	utility	2024-11-21	EUV masks method and apparatus	B2	25	0
5002504	utility	2024-04-08	Photoresist / process method and apparatus	B2	16	0
5002505	utility	2024-06-05	Photoresist / process method and apparatus	B2	19	0
5002506	utility	2024-10-14	Alignment / registration method and apparatus	B2	25	0
5002507	utility	2024-03-19	EUV masks method and apparatus	B2	11	0
5002508	utility	2024-10-15	EUV masks method and apparatus	B2	11	0
5002509	utility	2024-10-30	EUV masks method and apparatus	B2	27	0
5002510	utility	2024-01-02	EUV masks method and apparatus	B2	15	0
5002511	utility	2024-11-10	Alignment / registration method and apparatus	B2	12	0
5002512	utility	2024-06-14	Alignment / registration method and apparatus	B2	10	0
5002513	utility	2024-08-13	EUV masks method and apparatus	B2	21	0
5002514	utility	2024-03-01	Resist coating method and apparatus	B2	15	0
5002515	utility	2024-12-27	Photoresist / process method and apparatus	B2	23	0
5002516	utility	2024-11-05	Resist coating method and apparatus	B2	14	0
5002517	utility	2024-08-11	Photoresist / process method and apparatus	B2	25	0
5002518	utility	2024-10-12	Photoresist / process method and apparatus	B2	21	0
5002519	utility	2024-07-06	Resist coating method and apparatus	B2	22	0
5002520	utility	2024-04-19	Photoresist / process method and apparatus	B2	27	0
5002521	utility	2024-04-01	Resist coating method and apparatus	B2	8	0
5002522	utility	2024-01-03	Resist coating method and apparatus	B2	26	0
5002523	utility	2024-05-09	Photoresist / process method and apparatus	B2	24	0
5002524	utility	2024-05-20	Resist coating method and apparatus	B2	28	0
5002525	utility	2024-12-26	Photoresist / process method and apparatus	B2	16	0
5002526	utility	2024-01-16	Photoresist / process method and apparatus	B2	30	0
5002527	utility	2024-10-06	Photoresist / process method and apparatus	B2	11	0
5002528	utility	2024-12-31	Photoresist / process method and apparatus	B2	12	0
5002529	utility	2024-03-08	Photoresist / process method and apparatus	B2	10	0
5002530	utility	2024-11-22	Resist coating method and apparatus	B2	30	0
5002531	utility	2024-05-22	Photoresist / process method and apparatus	B2	14	0
5002532	utility	2024-12-10	Resist coating method and apparatus	B2	18	0
5002533	utility	2024-10-27	Photoresist / process method and apparatus	B2	19	0
5002534	utility	2024-12-07	Resist coating method and apparatus	B2	29	0
5002535	utility	2024-09-13	Photoresist / process method and apparatus	B2	12	0
5002536	utility	2024-01-23	Exposure; illumination method and apparatus	B2	16	0
5002537	utility	2024-01-02	Exposure; illumination method and apparatus	B2	17	0
5002538	utility	2024-08-26	Exposure; illumination method and apparatus	B2	26	0
5002539	utility	2024-08-25	Exposure; illumination method and apparatus	B2	10	0
5002540	utility	2024-02-14	Exposure; illumination method and apparatus	B2	13	0
5002541	utility	2024-01-06	Exposure; illumination method and apparatus	B2	14	0
5002542	utility	2024-05-06	Exposure; illumination method and apparatus	B2	17	0
5002543	utility	2024-03-08	Exposure; illumination method and apparatus	B2	17	0
5002544	utility	2024-03-12	Exposure; illumination method and apparatus	B2	26	0
5002545	utility	2024-05-19	Exposure; illumination method and apparatus	B2	14	0
5002546	utility	2024-08-13	Exposure; illumination method and apparatus	B2	16	0
5002547	utility	2024-06-27	Exposure; illumination method and apparatus	B2	28	0
5002548	utility	2024-10-26	Exposure; illumination method and apparatus	B2	20	0
5002549	utility	2024-12-15	Exposure; illumination method and apparatus	B2	17	0
5002550	utility	2024-10-09	Exposure; illumination method and apparatus	B2	16	0
5002551	utility	2024-08-27	Exposure; illumination method and apparatus	B2	16	0
5002552	utility	2024-11-19	Exposure; illumination method and apparatus	B2	13	0
5002553	utility	2024-07-09	Exposure; illumination method and apparatus	B2	26	0
5002554	utility	2024-06-14	Exposure; illumination method and apparatus	B2	30	0
5002555	utility	2024-01-05	Exposure; illumination method and apparatus	B2	13	0
5002556	utility	2024-02-21	Exposure; illumination method and apparatus	B2	13	0
5002557	utility	2024-10-06	Exposure; illumination method and apparatus	B2	13	0
5002558	utility	2024-08-21	Exposure; illumination method and apparatus	B2	26	0
5002559	utility	2024-08-30	Exposure; illumination method and apparatus	B2	15	0
5002560	utility	2024-09-04	Exposure; illumination method and apparatus	B2	29	0
5002561	utility	2024-04-29	Exposure; illumination method and apparatus	B2	24	0
5002562	utility	2024-10-22	Exposure; illumination method and apparatus	B2	20	0
5002563	utility	2024-06-02	Exposure; illumination method and apparatus	B2	27	0
5002564	utility	2024-10-17	Exposure; illumination method and apparatus	B2	12	0
5002565	utility	2024-01-28	Masks / reticles method and apparatus	B2	10	0
5002566	utility	2024-08-22	Masks / reticles method and apparatus	B2	20	0
5002567	utility	2024-04-12	Masks / reticles method and apparatus	B2	13	0
5002568	utility	2024-04-14	Photoresist / process method and apparatus	B2	21	0
5002569	utility	2024-10-11	Photoresist / process method and apparatus	B2	19	0
5002570	utility	2024-08-29	Photoresist / process method and apparatus	B2	25	0
5002571	utility	2024-12-08	Masks / reticles method and apparatus	B2	20	0
5002572	utility	2024-02-19	Masks / reticles method and apparatus	B2	20	0
5002573	utility	2024-06-16	Photoresist / process method and apparatus	B2	17	0
5002574	utility	2024-09-30	Photoresist / process method and apparatus	B2	10	0
5002575	utility	2024-11-07	Photoresist / process method and apparatus	B2	13	0
5002576	utility	2024-09-13	Photoresist / process method and apparatus	B2	8	0
5002577	utility	2025-04-07	Exposure apparatus method and apparatus	B2	9	0
5002578	utility	2025-07-16	Exposure apparatus method and apparatus	B2	28	0
5002579	utility	2025-07-18	Exposure apparatus method and apparatus	B2	29	0
5002580	utility	2025-08-04	Exposure apparatus method and apparatus	B2	13	0
5002581	utility	2025-02-12	Exposure; illumination method and apparatus	B2	19	0
5002582	utility	2025-07-27	Exposure; illumination method and apparatus	B2	8	0
5002583	utility	2025-07-16	Exposure; illumination method and apparatus	B2	29	0
5002584	utility	2025-12-10	Exposure; illumination method and apparatus	B2	20	0
5002585	utility	2025-05-13	Exposure apparatus method and apparatus	B2	28	0
5002586	utility	2025-08-31	Exposure; illumination method and apparatus	B2	30	0
5002587	utility	2025-04-02	Exposure apparatus method and apparatus	B2	21	0
5002588	utility	2025-02-10	EUV masks method and apparatus	B2	12	0
5002589	utility	2025-11-11	Exposure apparatus method and apparatus	B2	22	0
5002590	utility	2025-03-04	Exposure apparatus method and apparatus	B2	23	0
5002591	utility	2025-12-18	EUV masks method and apparatus	B2	19	0
5002592	utility	2025-01-13	Alignment / registration method and apparatus	B2	25	0
5002593	utility	2025-01-09	Exposure apparatus method and apparatus	B2	22	0
5002594	utility	2025-07-02	Exposure; illumination method and apparatus	B2	9	0
5002595	utility	2025-02-13	Exposure apparatus method and apparatus	B2	25	0
5002596	utility	2025-08-09	Exposure; illumination method and apparatus	B2	16	0
5002597	utility	2025-05-05	Alignment / registration method and apparatus	B2	24	0
5002598	utility	2025-07-10	Exposure apparatus method and apparatus	B2	9	0
5002599	utility	2025-02-10	Exposure apparatus method and apparatus	B2	18	0
5002600	utility	2025-01-12	Exposure; illumination method and apparatus	B2	13	0
5002601	utility	2025-02-10	Alignment / registration method and apparatus	B2	21	0
5002602	utility	2025-06-05	Exposure; illumination method and apparatus	B2	27	0
5002603	utility	2025-01-26	Alignment / registration method and apparatus	B2	19	0
5002604	utility	2025-08-12	Alignment / registration method and apparatus	B2	16	0
5002605	utility	2025-12-10	Exposure apparatus method and apparatus	B2	9	0
5002606	utility	2025-05-20	Alignment / registration method and apparatus	B2	8	0
5002607	utility	2025-12-03	Alignment / registration method and apparatus	B2	12	0
5002608	utility	2025-11-22	Exposure; illumination method and apparatus	B2	18	0
5002609	utility	2025-06-16	Exposure apparatus method and apparatus	B2	15	0
5002610	utility	2025-11-08	Alignment / registration method and apparatus	B2	22	0
5002611	utility	2025-09-01	Exposure; illumination method and apparatus	B2	25	0
5002612	utility	2025-08-16	Exposure apparatus method and apparatus	B2	12	0
5002613	utility	2025-09-30	Exposure apparatus method and apparatus	B2	30	0
5002614	utility	2025-01-17	Exposure apparatus method and apparatus	B2	29	0
5002615	utility	2025-10-15	Exposure; illumination method and apparatus	B2	19	0
5002616	utility	2025-07-09	Resist coating method and apparatus	B2	17	0
5002617	utility	2025-08-28	Exposure apparatus method and apparatus	B2	8	0
5002618	utility	2025-06-30	Exposure apparatus method and apparatus	B2	26	0
5002619	utility	2025-05-26	Exposure; illumination method and apparatus	B2	25	0
5002620	utility	2025-10-03	Exposure apparatus method and apparatus	B2	12	0
5002621	utility	2025-04-22	Exposure apparatus method and apparatus	B2	14	0
5002622	utility	2025-03-23	Exposure apparatus method and apparatus	B2	20	0
5002623	utility	2025-08-03	Exposure; illumination method and apparatus	B2	27	0
5002624	utility	2025-12-07	Exposure; illumination method and apparatus	B2	29	0
5002625	utility	2025-10-02	Exposure apparatus method and apparatus	B2	25	0
5002626	utility	2025-08-26	Exposure apparatus method and apparatus	B2	17	0
5002627	utility	2025-04-01	Exposure apparatus method and apparatus	B2	20	0
5002628	utility	2025-08-26	Resist coating method and apparatus	B2	28	0
5002629	utility	2025-12-01	Exposure apparatus method and apparatus	B2	21	0
5002630	utility	2025-01-15	Exposure apparatus method and apparatus	B2	27	0
5002631	utility	2025-02-11	Exposure; illumination method and apparatus	B2	27	0
5002632	utility	2025-06-16	Resist coating method and apparatus	B2	27	0
5002633	utility	2025-12-17	Exposure; illumination method and apparatus	B2	10	0
5002634	utility	2025-12-01	Exposure; illumination method and apparatus	B2	20	0
5002635	utility	2025-05-03	Exposure apparatus method and apparatus	B2	13	0
5002636	utility	2025-06-15	Alignment / registration method and apparatus	B2	12	0
5002637	utility	2025-08-25	Exposure apparatus method and apparatus	B2	22	0
5002638	utility	2025-05-04	Exposure apparatus method and apparatus	B2	13	0
5002639	utility	2025-11-06	Exposure; illumination method and apparatus	B2	18	0
5002640	utility	2025-02-05	Exposure apparatus method and apparatus	B2	8	0
5002641	utility	2025-09-24	Exposure; illumination method and apparatus	B2	23	0
5002642	utility	2025-05-14	Exposure; illumination method and apparatus	B2	30	0
5002643	utility	2025-11-28	Exposure; illumination method and apparatus	B2	25	0
5002644	utility	2025-01-31	Exposure apparatus method and apparatus	B2	17	0
5002645	utility	2025-07-06	Exposure; illumination method and apparatus	B2	20	0
5002646	utility	2025-08-14	Exposure; illumination method and apparatus	B2	21	0
5002647	utility	2025-05-15	Exposure apparatus method and apparatus	B2	26	0
5002648	utility	2025-07-07	Exposure; illumination method and apparatus	B2	21	0
5002649	utility	2025-09-05	Alignment / registration method and apparatus	B2	14	0
5002650	utility	2025-02-07	Exposure; illumination method and apparatus	B2	22	0
5002651	utility	2025-05-14	Exposure; illumination method and apparatus	B2	18	0
5002652	utility	2025-08-19	Exposure apparatus method and apparatus	B2	30	0
5002653	utility	2025-03-13	Exposure; illumination method and apparatus	B2	12	0
5002654	utility	2025-07-09	Exposure apparatus method and apparatus	B2	26	0
5002655	utility	2025-03-23	Exposure apparatus method and apparatus	B2	26	0
5002656	utility	2025-12-11	Exposure; illumination method and apparatus	B2	17	0
5002657	utility	2025-11-08	Exposure apparatus method and apparatus	B2	17	0
5002658	utility	2025-01-15	Exposure; illumination method and apparatus	B2	14	0
5002659	utility	2025-05-13	Exposure; illumination method and apparatus	B2	19	0
5002660	utility	2025-09-22	Alignment / registration method and apparatus	B2	20	0
5002661	utility	2025-11-26	Alignment / registration method and apparatus	B2	12	0
5002662	utility	2025-07-11	Exposure apparatus method and apparatus	B2	20	0
5002663	utility	2025-09-26	Exposure; illumination method and apparatus	B2	23	0
5002664	utility	2025-02-03	Exposure apparatus method and apparatus	B2	18	0
5002665	utility	2025-05-23	Exposure apparatus method and apparatus	B2	27	0
5002666	utility	2025-07-02	Exposure; illumination method and apparatus	B2	23	0
5002667	utility	2025-09-26	Exposure; illumination method and apparatus	B2	15	0
5002668	utility	2025-07-24	Exposure; illumination method and apparatus	B2	28	0
5002669	utility	2025-05-19	Exposure apparatus method and apparatus	B2	25	0
5002670	utility	2025-02-10	Exposure apparatus method and apparatus	B2	9	0
5002671	utility	2025-05-12	Exposure apparatus method and apparatus	B2	13	0
5002672	utility	2025-04-27	Exposure; illumination method and apparatus	B2	30	0
5002673	utility	2025-11-08	Exposure apparatus method and apparatus	B2	16	0
5002674	utility	2025-02-02	Exposure; illumination method and apparatus	B2	12	0
5002675	utility	2025-05-05	Exposure apparatus method and apparatus	B2	26	0
5002676	utility	2025-10-02	Exposure apparatus method and apparatus	B2	9	0
5002677	utility	2025-09-02	Exposure apparatus method and apparatus	B2	11	0
5002678	utility	2025-10-05	Exposure apparatus method and apparatus	B2	26	0
5002679	utility	2025-01-05	Exposure apparatus method and apparatus	B2	26	0
5002680	utility	2025-08-15	Exposure; illumination method and apparatus	B2	28	0
5002681	utility	2025-08-22	Exposure; illumination method and apparatus	B2	8	0
5002682	utility	2025-09-10	Exposure; illumination method and apparatus	B2	28	0
5002683	utility	2025-05-26	Exposure apparatus method and apparatus	B2	28	0
5002684	utility	2025-05-21	Exposure apparatus method and apparatus	B2	29	0
5002685	utility	2025-04-04	Photoresist / process method and apparatus	B2	23	0
5002686	utility	2025-03-25	EUV masks method and apparatus	B2	13	0
5002687	utility	2025-02-18	Photoresist / process method and apparatus	B2	22	0
5002688	utility	2025-04-04	EUV masks method and apparatus	B2	14	0
5002689	utility	2025-09-14	Masks / reticles method and apparatus	B2	17	0
5002690	utility	2025-12-17	EUV masks method and apparatus	B2	17	0
5002691	utility	2025-03-21	EUV masks method and apparatus	B2	18	0
5002692	utility	2025-03-22	Photoresist / process method and apparatus	B2	27	0
5002693	utility	2025-08-31	Alignment / registration method and apparatus	B2	28	0
5002694	utility	2025-05-18	Photoresist / process method and apparatus	B2	15	0
5002695	utility	2025-06-05	Alignment / registration method and apparatus	B2	19	0
5002696	utility	2025-06-11	Photoresist / process method and apparatus	B2	22	0
5002697	utility	2025-08-02	EUV masks method and apparatus	B2	8	0
5002698	utility	2025-07-29	Masks / reticles method and apparatus	B2	19	0
5002699	utility	2025-05-21	Photoresist / process method and apparatus	B2	8	0
5002700	utility	2025-05-12	Masks / reticles method and apparatus	B2	17	0
5002701	utility	2025-07-15	Masks / reticles method and apparatus	B2	18	0
5002702	utility	2025-04-21	Masks / reticles method and apparatus	B2	27	0
5002703	utility	2025-05-05	Masks / reticles method and apparatus	B2	13	0
5002704	utility	2025-10-31	Photoresist / process method and apparatus	B2	23	0
5002705	utility	2025-07-19	Photoresist / process method and apparatus	B2	30	0
5002706	utility	2025-05-24	EUV masks method and apparatus	B2	27	0
5002707	utility	2025-11-24	Masks / reticles method and apparatus	B2	18	0
5002708	utility	2025-05-26	EUV masks method and apparatus	B2	11	0
5002709	utility	2025-03-19	Alignment / registration method and apparatus	B2	12	0
5002710	utility	2025-08-13	Photoresist / process method and apparatus	B2	15	0
5002711	utility	2025-05-30	Photoresist / process method and apparatus	B2	30	0
5002712	utility	2025-12-25	Alignment / registration method and apparatus	B2	30	0
5002713	utility	2025-08-17	Alignment / registration method and apparatus	B2	14	0
5002714	utility	2025-07-05	EUV masks method and apparatus	B2	18	0
5002715	utility	2025-01-12	EUV masks method and apparatus	B2	12	0
5002716	utility	2025-09-07	EUV masks method and apparatus	B2	9	0
5002717	utility	2025-09-20	Alignment / registration method and apparatus	B2	19	0
5002718	utility	2025-09-16	Alignment / registration method and apparatus	B2	18	0
5002719	utility	2025-06-20	EUV masks method and apparatus	B2	28	0
5002720	utility	2025-10-13	Photoresist / process method and apparatus	B2	11	0
5002721	utility	2025-08-28	Photoresist / process method and apparatus	B2	27	0
5002722	utility	2025-12-17	Alignment / registration method and apparatus	B2	21	0
5002723	utility	2025-03-19	Photoresist / process method and apparatus	B2	28	0
5002724	utility	2025-06-23	Photoresist / process method and apparatus	B2	22	0
5002725	utility	2025-07-25	Alignment / registration method and apparatus	B2	26	0
5002726	utility	2025-04-26	EUV masks method and apparatus	B2	18	0
5002727	utility	2025-10-27	Alignment / registration method and apparatus	B2	29	0
5002728	utility	2025-04-13	Photoresist / process method and apparatus	B2	26	0
5002729	utility	2025-03-17	Resist coating method and apparatus	B2	14	0
5002730	utility	2025-11-05	Resist coating method and apparatus	B2	9	0
5002731	utility	2025-06-17	Photoresist / process method and apparatus	B2	18	0
5002732	utility	2025-03-25	Resist coating method and apparatus	B2	21	0
5002733	utility	2025-04-22	Photoresist / process method and apparatus	B2	19	0
5002734	utility	2025-07-12	Resist coating method and apparatus	B2	8	0
5002735	utility	2025-08-17	Resist coating method and apparatus	B2	22	0
5002736	utility	2025-10-30	Photoresist / process method and apparatus	B2	11	0
5002737	utility	2025-10-24	Resist coating method and apparatus	B2	24	0
5002738	utility	2025-09-08	Resist coating method and apparatus	B2	27	0
5002739	utility	2025-04-18	Resist coating method and apparatus	B2	10	0
5002740	utility	2025-09-18	Resist coating method and apparatus	B2	11	0
5002741	utility	2025-08-04	Resist coating method and apparatus	B2	20	0
5002742	utility	2025-06-08	Resist coating method and apparatus	B2	10	0
5002743	utility	2025-12-26	Resist coating method and apparatus	B2	10	0
5002744	utility	2025-01-09	Photoresist / process method and apparatus	B2	16	0
5002745	utility	2025-05-08	Resist coating method and apparatus	B2	13	0
5002746	utility	2025-01-20	Resist coating method and apparatus	B2	9	0
5002747	utility	2025-12-05	Photoresist / process method and apparatus	B2	17	0
5002748	utility	2025-08-03	Photoresist / process method and apparatus	B2	13	0
5002749	utility	2025-12-09	Photoresist / process method and apparatus	B2	13	0
5002750	utility	2025-01-16	Photoresist / process method and apparatus	B2	23	0
5002751	utility	2025-05-16	Photoresist / process method and apparatus	B2	27	0
5002752	utility	2025-08-29	Resist coating method and apparatus	B2	9	0
5002753	utility	2025-01-24	Photoresist / process method and apparatus	B2	25	0
5002754	utility	2025-01-08	Resist coating method and apparatus	B2	19	0
5002755	utility	2025-02-03	Resist coating method and apparatus	B2	11	0
5002756	utility	2025-10-02	Photoresist / process method and apparatus	B2	22	0
5002757	utility	2025-08-29	Exposure; illumination method and apparatus	B2	16	0
5002758	utility	2025-12-09	Exposure; illumination method and apparatus	B2	30	0
5002759	utility	2025-10-20	Exposure; illumination method and apparatus	B2	14	0
5002760	utility	2025-03-15	Exposure; illumination method and apparatus	B2	15	0
5002761	utility	2025-05-25	Exposure; illumination method and apparatus	B2	27	0
5002762	utility	2025-12-04	Exposure; illumination method and apparatus	B2	17	0
5002763	utility	2025-09-24	Exposure; illumination method and apparatus	B2	24	0
5002764	utility	2025-03-09	Exposure; illumination method and apparatus	B2	18	0
5002765	utility	2025-01-18	Exposure; illumination method and apparatus	B2	20	0
5002766	utility	2025-01-08	Exposure; illumination method and apparatus	B2	12	0
5002767	utility	2025-06-15	Exposure; illumination method and apparatus	B2	8	0
5002768	utility	2025-04-07	Exposure; illumination method and apparatus	B2	28	0
5002769	utility	2025-04-20	Exposure; illumination method and apparatus	B2	22	0
5002770	utility	2025-06-22	Exposure; illumination method and apparatus	B2	18	0
5002771	utility	2025-09-07	Exposure; illumination method and apparatus	B2	25	0
5002772	utility	2025-06-25	Exposure; illumination method and apparatus	B2	24	0
5002773	utility	2025-01-14	Exposure; illumination method and apparatus	B2	25	0
5002774	utility	2025-02-26	Exposure; illumination method and apparatus	B2	11	0
5002775	utility	2025-06-27	Exposure; illumination method and apparatus	B2	17	0
5002776	utility	2025-02-12	Exposure; illumination method and apparatus	B2	24	0
5002777	utility	2025-12-15	Exposure; illumination method and apparatus	B2	15	0
5002778	utility	2025-07-01	Exposure; illumination method and apparatus	B2	24	0
5002779	utility	2025-09-29	Exposure; illumination method and apparatus	B2	24	0
5002780	utility	2025-04-28	Exposure; illumination method and apparatus	B2	30	0
5002781	utility	2025-03-23	Exposure; illumination method and apparatus	B2	11	0
5002782	utility	2025-11-13	Exposure; illumination method and apparatus	B2	15	0
5002783	utility	2025-11-09	Exposure; illumination method and apparatus	B2	21	0
5002784	utility	2025-07-25	Exposure; illumination method and apparatus	B2	17	0
5002785	utility	2025-09-01	Masks / reticles method and apparatus	B2	22	0
5002786	utility	2025-05-09	Photoresist / process method and apparatus	B2	30	0
5002787	utility	2025-11-10	Photoresist / process method and apparatus	B2	27	0
5002788	utility	2025-03-13	Masks / reticles method and apparatus	B2	12	0
5002789	utility	2025-05-05	Masks / reticles method and apparatus	B2	20	0
5002790	utility	2025-04-10	Photoresist / process method and apparatus	B2	15	0
5002791	utility	2025-05-22	Photoresist / process method and apparatus	B2	12	0
5002792	utility	2025-10-27	Masks / reticles method and apparatus	B2	29	0
5002793	utility	2025-05-22	Photoresist / process method and apparatus	B2	18	0
5002794	utility	2025-09-26	Photoresist / process method and apparatus	B2	11	0
5002795	utility	2025-08-13	Photoresist / process method and apparatus	B2	17	0
5002796	utility	2025-06-24	Photoresist / process method and apparatus	B2	16	0
5002797	utility	2025-05-11	Photoresist / process method and apparatus	B2	11	0
5002798	utility	2025-12-30	Photoresist / process method and apparatus	B2	30	0
5002799	utility	2025-04-26	Masks / reticles method and apparatus	B2	24	0
5002800	utility	2010-05-31	Unrelated semiconductor widget	B2	20	0
5002801	utility	2023-10-08	Unrelated semiconductor widget	B2	18	0
5002802	utility	2014-06-17	Unrelated semiconductor widget	B2	6	0
5002803	utility	2019-04-24	Unrelated semiconductor widget	B2	8	0
5002804	utility	2024-05-28	Unrelated semiconductor widget	B2	13	0
5002805	utility	2023-11-23	Unrelated semiconductor widget	B2	13	0
5002806	utility	2025-04-17	Unrelated semiconductor widget	B2	13	0
5002807	utility	2019-05-13	Unrelated semiconductor widget	B2	15	0
5002808	utility	2014-05-31	Unrelated semiconductor widget	B2	13	0
5002809	utility	2012-12-31	Unrelated semiconductor widget	B2	7	0
5002810	utility	2005-04-16	Unrelated semiconductor widget	B2	8	0
5002811	utility	2020-12-29	Unrelated semiconductor widget	B2	20	0
5002812	utility	2010-06-12	Unrelated semiconductor widget	B2	20	0
5002813	utility	2009-12-19	Unrelated semiconductor widget	B2	18	0
5002814	utility	2019-12-06	Unrelated semiconductor widget	B2	13	0
5002815	utility	2007-05-02	Unrelated semiconductor widget	B2	20	0
5002816	utility	2017-07-30	Unrelated semiconductor widget	B2	17	0
5002817	utility	2018-08-10	Unrelated semiconductor widget	B2	17	0
5002818	utility	2005-12-11	Unrelated semiconductor widget	B2	8	0
5002819	utility	2018-03-30	Unrelated semiconductor widget	B2	8	0
5002820	utility	2017-11-29	Unrelated semiconductor widget	B2	8	0
5002821	utility	2007-08-21	Unrelated semiconductor widget	B2	12	0
5002822	utility	2013-02-02	Unrelated semiconductor widget	B2	18	0
5002823	utility	2023-04-15	Unrelated semiconductor widget	B2	17	0
5002824	utility	2021-02-10	Unrelated semiconductor widget	B2	6	0
5002825	utility	2012-10-16	Unrelated semiconductor widget	B2	19	0
5002826	utility	2024-02-12	Unrelated semiconductor widget	B2	19	0
5002827	utility	2017-11-10	Unrelated semiconductor widget	B2	6	0
5002828	utility	2013-12-11	Unrelated semiconductor widget	B2	18	0
5002829	utility	2020-01-04	Unrelated semiconductor widget	B2	5	0
5002830	utility	2009-11-05	Unrelated semiconductor widget	B2	10	0
5002831	utility	2005-07-17	Unrelated semiconductor widget	B2	15	0
5002832	utility	2007-03-21	Unrelated semiconductor widget	B2	14	0
5002833	utility	2025-08-26	Unrelated semiconductor widget	B2	18	0
5002834	utility	2022-12-27	Unrelated semiconductor widget	B2	5	0
5002835	utility	2021-05-09	Unrelated semiconductor widget	B2	19	0
5002836	utility	2024-01-20	Unrelated semiconductor widget	B2	13	0
5002837	utility	2013-01-16	Unrelated semiconductor widget	B2	16	0
5002838	utility	2012-11-26	Unrelated semiconductor widget	B2	12	0
5002839	utility	2011-03-17	Unrelated semiconductor widget	B2	19	0
5002840	utility	2022-07-31	Unrelated semiconductor widget	B2	6	0
5002841	utility	2012-04-12	Unrelated semiconductor widget	B2	19	0
5002842	utility	2020-09-06	Unrelated semiconductor widget	B2	13	0
5002843	utility	2022-03-29	Unrelated semiconductor widget	B2	10	0
5002844	utility	2009-09-12	Unrelated semiconductor widget	B2	15	0
5002845	utility	2021-08-12	Unrelated semiconductor widget	B2	17	0
5002846	utility	2021-11-24	Unrelated semiconductor widget	B2	16	0
5002847	utility	2022-07-08	Unrelated semiconductor widget	B2	10	0
5002848	utility	2023-12-12	Unrelated semiconductor widget	B2	20	0
5002849	utility	2024-03-19	Unrelated semiconductor widget	B2	7	0
5002850	utility	2012-06-27	Unrelated semiconductor widget	B2	16	0
5002851	utility	2018-10-29	Unrelated semiconductor widget	B2	12	0
5002852	utility	2012-02-07	Unrelated semiconductor widget	B2	14	0
5002853	utility	2007-04-10	Unrelated semiconductor widget	B2	7	0
5002854	utility	2019-05-06	Unrelated semiconductor widget	B2	17	0
5002855	utility	2012-01-08	Unrelated semiconductor widget	B2	20	0
5002856	utility	2019-05-06	Unrelated semiconductor widget	B2	10	0
5002857	utility	2021-12-20	Unrelated semiconductor widget	B2	17	0
5002858	utility	2009-07-15	Unrelated semiconductor widget	B2	13	0
5002859	utility	2024-03-14	Unrelated semiconductor widget	B2	20	0
5002860	utility	2012-11-12	Unrelated semiconductor widget	B2	15	0
5002861	utility	2023-01-28	Unrelated semiconductor widget	B2	19	0
5002862	utility	2025-02-03	Unrelated semiconductor widget	B2	16	0
5002863	utility	2021-12-06	Unrelated semiconductor widget	B2	10	0
5002864	utility	2008-10-12	Unrelated semiconductor widget	B2	15	0
5002865	utility	2005-05-11	Unrelated semiconductor widget	B2	8	0
5002866	utility	2009-04-04	Unrelated semiconductor widget	B2	14	0
5002867	utility	2025-05-21	Unrelated semiconductor widget	B2	14	0
5002868	utility	2021-12-22	Unrelated semiconductor widget	B2	10	0
5002869	utility	2013-12-05	Unrelated semiconductor widget	B2	7	0
5002870	utility	2009-06-16	Unrelated semiconductor widget	B2	7	0
5002871	utility	2007-01-12	Unrelated semiconductor widget	B2	17	0
5002872	utility	2024-02-12	Unrelated semiconductor widget	B2	13	0
5002873	utility	2008-04-09	Unrelated semiconductor widget	B2	15	0
5002874	utility	2016-12-13	Unrelated semiconductor widget	B2	16	0
5002875	utility	2013-11-25	Unrelated semiconductor widget	B2	9	0
5002876	utility	2025-08-30	Unrelated semiconductor widget	B2	17	0
5002877	utility	2007-04-29	Unrelated semiconductor widget	B2	14	0
5002878	utility	2018-10-05	Unrelated semiconductor widget	B2	7	0
5002879	utility	2012-04-06	Unrelated semiconductor widget	B2	12	0
5002880	utility	2014-12-05	Unrelated semiconductor widget	B2	6	0
5002881	utility	2010-07-08	Unrelated semiconductor widget	B2	9	0
5002882	utility	2019-12-22	Unrelated semiconductor widget	B2	13	0
5002883	utility	2005-08-04	Unrelated semiconductor widget	B2	20	0
5002884	utility	2010-01-13	Unrelated semiconductor widget	B2	12	0
5002885	utility	2010-07-03	Unrelated semiconductor widget	B2	12	0
5002886	utility	2014-11-17	Unrelated semiconductor widget	B2	11	0
5002887	utility	2008-04-05	Unrelated semiconductor widget	B2	5	0
5002888	utility	2011-08-29	Unrelated semiconductor widget	B2	12	0
5002889	utility	2005-06-20	Unrelated semiconductor widget	B2	20	0
5002890	utility	2023-10-18	Unrelated semiconductor widget	B2	19	0
5002891	utility	2014-04-19	Unrelated semiconductor widget	B2	11	0
5002892	utility	2014-04-01	Unrelated semiconductor widget	B2	10	0
5002893	utility	2024-01-08	Unrelated semiconductor widget	B2	17	0
5002894	utility	2019-01-26	Unrelated semiconductor widget	B2	17	0
5002895	utility	2021-10-01	Unrelated semiconductor widget	B2	13	0
5002896	utility	2020-11-07	Unrelated semiconductor widget	B2	16	0
5002897	utility	2023-01-08	Unrelated semiconductor widget	B2	13	0
5002898	utility	2014-09-04	Unrelated semiconductor widget	B2	16	0
5002899	utility	2013-03-06	Unrelated semiconductor widget	B2	12	0
5002900	utility	2012-03-07	Unrelated semiconductor widget	B2	16	0
5002901	utility	2006-09-24	Unrelated semiconductor widget	B2	9	0
5002902	utility	2012-03-20	Unrelated semiconductor widget	B2	12	0
5002903	utility	2022-11-05	Unrelated semiconductor widget	B2	9	0
5002904	utility	2007-03-03	Unrelated semiconductor widget	B2	20	0
5002905	utility	2017-01-03	Unrelated semiconductor widget	B2	15	0
5002906	utility	2007-05-09	Unrelated semiconductor widget	B2	12	0
5002907	utility	2021-02-25	Unrelated semiconductor widget	B2	16	0
5002908	utility	2021-02-04	Unrelated semiconductor widget	B2	12	0
5002909	utility	2015-06-09	Unrelated semiconductor widget	B2	13	0
5002910	utility	2017-11-18	Unrelated semiconductor widget	B2	6	0
5002911	utility	2015-04-29	Unrelated semiconductor widget	B2	19	0
5002912	utility	2016-02-25	Unrelated semiconductor widget	B2	18	0
5002913	utility	2006-06-14	Unrelated semiconductor widget	B2	10	0
5002914	utility	2005-07-01	Unrelated semiconductor widget	B2	19	0
5002915	utility	2017-07-16	Unrelated semiconductor widget	B2	6	0
5002916	utility	2025-02-03	Unrelated semiconductor widget	B2	16	0
5002917	utility	2015-09-10	Unrelated semiconductor widget	B2	9	0
5002918	utility	2006-06-07	Unrelated semiconductor widget	B2	16	0
5002919	utility	2006-06-20	Unrelated semiconductor widget	B2	13	0
5002920	utility	2017-10-12	Unrelated semiconductor widget	B2	13	0
5002921	utility	2025-02-09	Unrelated semiconductor widget	B2	5	0
5002922	utility	2021-01-02	Unrelated semiconductor widget	B2	20	0
5002923	utility	2014-08-31	Unrelated semiconductor widget	B2	9	0
5002924	utility	2013-11-21	Unrelated semiconductor widget	B2	11	0
5002925	utility	2019-11-05	Unrelated semiconductor widget	B2	19	0
5002926	utility	2011-12-14	Unrelated semiconductor widget	B2	14	0
5002927	utility	2012-05-31	Unrelated semiconductor widget	B2	12	0
5002928	utility	2017-10-13	Unrelated semiconductor widget	B2	18	0
5002929	utility	2008-03-27	Unrelated semiconductor widget	B2	15	0
5002930	utility	2024-05-08	Unrelated semiconductor widget	B2	5	0
5002931	utility	2018-09-03	Unrelated semiconductor widget	B2	6	0
5002932	utility	2020-12-21	Unrelated semiconductor widget	B2	16	0
5002933	utility	2018-03-06	Unrelated semiconductor widget	B2	8	0
5002934	utility	2022-05-17	Unrelated semiconductor widget	B2	7	0
5002935	utility	2018-10-08	Unrelated semiconductor widget	B2	7	0
5002936	utility	2016-11-18	Unrelated semiconductor widget	B2	18	0
5002937	utility	2021-05-20	Unrelated semiconductor widget	B2	10	0
5002938	utility	2021-06-07	Unrelated semiconductor widget	B2	11	0
5002939	utility	2010-08-01	Unrelated semiconductor widget	B2	10	0
5002940	utility	2023-09-30	Unrelated semiconductor widget	B2	10	0
5002941	utility	2005-08-30	Unrelated semiconductor widget	B2	20	0
5002942	utility	2021-05-06	Unrelated semiconductor widget	B2	8	0
5002943	utility	2012-06-11	Unrelated semiconductor widget	B2	7	0
5002944	utility	2007-02-11	Unrelated semiconductor widget	B2	17	0
5002945	utility	2017-11-16	Unrelated semiconductor widget	B2	17	0
5002946	utility	2023-01-20	Unrelated semiconductor widget	B2	18	0
5002947	utility	2013-07-21	Unrelated semiconductor widget	B2	20	0
5002948	utility	2008-02-09	Unrelated semiconductor widget	B2	15	0
5002949	utility	2009-02-08	Unrelated semiconductor widget	B2	8	0
5002950	utility	2011-12-25	Unrelated semiconductor widget	B2	16	0
5002951	utility	2008-12-24	Unrelated semiconductor widget	B2	18	0
5002952	utility	2024-09-19	Unrelated semiconductor widget	B2	13	0
5002953	utility	2016-03-17	Unrelated semiconductor widget	B2	7	0
5002954	utility	2009-02-20	Unrelated semiconductor widget	B2	13	0
5002955	utility	2014-01-02	Unrelated semiconductor widget	B2	11	0
5002956	utility	2010-01-31	Unrelated semiconductor widget	B2	16	0
5002957	utility	2019-07-09	Unrelated semiconductor widget	B2	7	0
5002958	utility	2012-08-14	Unrelated semiconductor widget	B2	19	0
5002959	utility	2021-11-11	Unrelated semiconductor widget	B2	8	0
5002960	utility	2016-10-01	Unrelated semiconductor widget	B2	13	0
5002961	utility	2005-06-17	Unrelated semiconductor widget	B2	6	0
5002962	utility	2017-06-30	Unrelated semiconductor widget	B2	6	0
5002963	utility	2020-04-24	Unrelated semiconductor widget	B2	16	0
5002964	utility	2007-02-22	Unrelated semiconductor widget	B2	10	0
5002965	utility	2005-01-15	Unrelated semiconductor widget	B2	5	0
5002966	utility	2005-02-08	Unrelated semiconductor widget	B2	15	0
5002967	utility	2013-08-18	Unrelated semiconductor widget	B2	14	0
5002968	utility	2005-08-15	Unrelated semiconductor widget	B2	16	0
5002969	utility	2024-04-10	Unrelated semiconductor widget	B2	7	0
5002970	utility	2008-11-13	Unrelated semiconductor widget	B2	11	0
5002971	utility	2019-04-12	Unrelated semiconductor widget	B2	20	0
5002972	utility	2009-01-29	Unrelated semiconductor widget	B2	11	0
5002973	utility	2012-09-29	Unrelated semiconductor widget	B2	8	0
5002974	utility	2024-07-24	Unrelated semiconductor widget	B2	9	0
5002975	utility	2018-06-14	Unrelated semiconductor widget	B2	16	0
5002976	utility	2017-11-16	Unrelated semiconductor widget	B2	10	0
5002977	utility	2024-12-29	Unrelated semiconductor widget	B2	19	0
5002978	utility	2020-11-04	Unrelated semiconductor widget	B2	10	0
5002979	utility	2016-05-19	Unrelated semiconductor widget	B2	9	0
5002980	utility	2023-04-08	Unrelated semiconductor widget	B2	19	0
5002981	utility	2005-09-06	Unrelated semiconductor widget	B2	6	0
5002982	utility	2025-12-23	Unrelated semiconductor widget	B2	8	0
5002983	utility	2023-02-08	Unrelated semiconductor widget	B2	14	0
5002984	utility	2025-12-21	Unrelated semiconductor widget	B2	14	0
5002985	utility	2007-06-02	Unrelated semiconductor widget	B2	16	0
5002986	utility	2020-04-27	Unrelated semiconductor widget	B2	10	0
5002987	utility	2018-03-28	Unrelated semiconductor widget	B2	10	0
5002988	utility	2025-03-11	Unrelated semiconductor widget	B2	8	0
5002989	utility	2016-02-29	Unrelated semiconductor widget	B2	11	0
5002990	utility	2018-07-15	Unrelated semiconductor widget	B2	9	0
5002991	utility	2018-10-03	Unrelated semiconductor widget	B2	15	0
5002992	utility	2015-03-14	Unrelated semiconductor widget	B2	17	0
5002993	utility	2022-08-03	Unrelated semiconductor widget	B2	19	0
5002994	utility	2007-08-12	Unrelated semiconductor widget	B2	7	0
5002995	utility	2012-08-03	Unrelated semiconductor widget	B2	12	0
5002996	utility	2013-03-15	Unrelated semiconductor widget	B2	9	0
5002997	utility	2010-05-16	Unrelated semiconductor widget	B2	20	0
5002998	utility	2009-03-23	Unrelated semiconductor widget	B2	17	0
5002999	utility	2005-12-07	Unrelated semiconductor widget	B2	16	0
5003000	utility	2006-04-26	Unrelated semiconductor widget	B2	20	0
5003001	utility	2023-03-10	Unrelated semiconductor widget	B2	8	0
5003002	utility	2024-01-06	Unrelated semiconductor widget	B2	7	0
5003003	utility	2019-11-19	Unrelated semiconductor widget	B2	15	0
5003004	utility	2025-06-15	Unrelated semiconductor widget	B2	17	0
5003005	utility	2021-12-23	Unrelated semiconductor widget	B2	11	0
5003006	utility	2011-05-04	Unrelated semiconductor widget	B2	15	0
5003007	utility	2008-01-15	Unrelated semiconductor widget	B2	19	0
5003008	utility	2022-02-15	Unrelated semiconductor widget	B2	11	0
5003009	utility	2011-07-28	Unrelated semiconductor widget	B2	18	0
5003010	utility	2014-01-25	Unrelated semiconductor widget	B2	18	0
5003011	utility	2013-06-16	Unrelated semiconductor widget	B2	7	0
5003012	utility	2016-01-01	Unrelated semiconductor widget	B2	5	0
5003013	utility	2016-01-08	Unrelated semiconductor widget	B2	8	0
5003014	utility	2012-03-18	Unrelated semiconductor widget	B2	20	0
5003015	utility	2018-09-04	Unrelated semiconductor widget	B2	17	0
5003016	utility	2011-11-11	Unrelated semiconductor widget	B2	20	0
5003017	utility	2022-08-21	Unrelated semiconductor widget	B2	14	0
5003018	utility	2022-04-16	Unrelated semiconductor widget	B2	6	0
5003019	utility	2016-10-31	Unrelated semiconductor widget	B2	6	0
5003020	utility	2009-03-21	Unrelated semiconductor widget	B2	7	0
5003021	utility	2011-11-21	Unrelated semiconductor widget	B2	10	0
5003022	utility	2019-05-18	Unrelated semiconductor widget	B2	15	0
5003023	utility	2021-07-31	Unrelated semiconductor widget	B2	6	0
5003024	utility	2016-12-25	Unrelated semiconductor widget	B2	5	0
5003025	utility	2006-01-22	Unrelated semiconductor widget	B2	14	0
5003026	utility	2013-08-20	Unrelated semiconductor widget	B2	11	0
5003027	utility	2012-11-21	Unrelated semiconductor widget	B2	6	0
5003028	utility	2023-06-24	Unrelated semiconductor widget	B2	18	0
5003029	utility	2021-07-26	Unrelated semiconductor widget	B2	10	0
5003030	utility	2016-05-30	Unrelated semiconductor widget	B2	16	0
5003031	utility	2020-04-11	Unrelated semiconductor widget	B2	6	0
5003032	utility	2025-06-05	Unrelated semiconductor widget	B2	11	0
5003033	utility	2007-03-20	Unrelated semiconductor widget	B2	19	0
5003034	utility	2009-03-02	Unrelated semiconductor widget	B2	12	0
5003035	utility	2020-12-24	Unrelated semiconductor widget	B2	15	0
5003036	utility	2006-08-21	Unrelated semiconductor widget	B2	11	0
5003037	utility	2016-02-10	Unrelated semiconductor widget	B2	11	0
5003038	utility	2017-10-23	Unrelated semiconductor widget	B2	5	0
5003039	utility	2006-01-06	Unrelated semiconductor widget	B2	17	0
5003040	utility	2009-08-15	Unrelated semiconductor widget	B2	8	0
5003041	utility	2025-09-24	Unrelated semiconductor widget	B2	14	0
5003042	utility	2005-02-08	Unrelated semiconductor widget	B2	12	0
5003043	utility	2019-10-18	Unrelated semiconductor widget	B2	15	0
5003044	utility	2008-12-21	Unrelated semiconductor widget	B2	17	0
5003045	utility	2023-07-17	Unrelated semiconductor widget	B2	12	0
5003046	utility	2013-05-04	Unrelated semiconductor widget	B2	17	0
5003047	utility	2006-01-02	Unrelated semiconductor widget	B2	9	0
5003048	utility	2008-03-06	Unrelated semiconductor widget	B2	12	0
5003049	utility	2018-12-12	Unrelated semiconductor widget	B2	13	0
5003050	utility	2024-10-12	Unrelated semiconductor widget	B2	18	0
5003051	utility	2020-04-05	Unrelated semiconductor widget	B2	14	0
5003052	utility	2009-08-06	Unrelated semiconductor widget	B2	13	0
5003053	utility	2014-03-07	Unrelated semiconductor widget	B2	5	0
5003054	utility	2014-04-30	Unrelated semiconductor widget	B2	18	0
5003055	utility	2013-06-17	Unrelated semiconductor widget	B2	13	0
5003056	utility	2023-11-25	Unrelated semiconductor widget	B2	11	0
5003057	utility	2023-04-27	Unrelated semiconductor widget	B2	20	0
5003058	utility	2010-09-08	Unrelated semiconductor widget	B2	5	0
5003059	utility	2019-01-20	Unrelated semiconductor widget	B2	17	0
5003060	utility	2005-12-09	Unrelated semiconductor widget	B2	19	0
5003061	utility	2007-11-22	Unrelated semiconductor widget	B2	12	0
5003062	utility	2006-08-01	Unrelated semiconductor widget	B2	8	0
5003063	utility	2007-08-03	Unrelated semiconductor widget	B2	10	0
5003064	utility	2025-03-27	Unrelated semiconductor widget	B2	20	0
5003065	utility	2006-06-29	Unrelated semiconductor widget	B2	10	0
5003066	utility	2017-01-16	Unrelated semiconductor widget	B2	15	0
5003067	utility	2008-10-03	Unrelated semiconductor widget	B2	13	0
5003068	utility	2020-04-09	Unrelated semiconductor widget	B2	17	0
5003069	utility	2011-05-23	Unrelated semiconductor widget	B2	14	0
5003070	utility	2011-05-22	Unrelated semiconductor widget	B2	13	0
5003071	utility	2007-06-08	Unrelated semiconductor widget	B2	8	0
5003072	utility	2013-11-10	Unrelated semiconductor widget	B2	11	0
5003073	utility	2006-12-10	Unrelated semiconductor widget	B2	20	0
5003074	utility	2009-07-03	Unrelated semiconductor widget	B2	9	0
5003075	utility	2016-08-16	Unrelated semiconductor widget	B2	6	0
5003076	utility	2015-07-09	Unrelated semiconductor widget	B2	20	0
5003077	utility	2007-06-15	Unrelated semiconductor widget	B2	8	0
5003078	utility	2010-02-17	Unrelated semiconductor widget	B2	6	0
5003079	utility	2023-09-08	Unrelated semiconductor widget	B2	17	0
5003080	utility	2009-02-20	Unrelated semiconductor widget	B2	7	0
5003081	utility	2022-02-07	Unrelated semiconductor widget	B2	7	0
5003082	utility	2010-06-04	Unrelated semiconductor widget	B2	18	0
5003083	utility	2018-10-20	Unrelated semiconductor widget	B2	16	0
5003084	utility	2014-10-29	Unrelated semiconductor widget	B2	9	0
5003085	utility	2014-12-01	Unrelated semiconductor widget	B2	6	0
5003086	utility	2019-11-14	Unrelated semiconductor widget	B2	11	0
5003087	utility	2022-03-28	Unrelated semiconductor widget	B2	11	0
5003088	utility	2021-04-05	Unrelated semiconductor widget	B2	15	0
5003089	utility	2005-12-25	Unrelated semiconductor widget	B2	5	0
5003090	utility	2008-06-05	Unrelated semiconductor widget	B2	15	0
5003091	utility	2024-04-11	Unrelated semiconductor widget	B2	13	0
5003092	utility	2025-09-04	Unrelated semiconductor widget	B2	10	0
5003093	utility	2012-11-08	Unrelated semiconductor widget	B2	19	0
5003094	utility	2009-07-02	Unrelated semiconductor widget	B2	6	0
5003095	utility	2013-10-11	Unrelated semiconductor widget	B2	17	0
5003096	utility	2008-06-08	Unrelated semiconductor widget	B2	14	0
5003097	utility	2016-05-04	Unrelated semiconductor widget	B2	7	0
5003098	utility	2010-01-20	Unrelated semiconductor widget	B2	10	0
5003099	utility	2019-01-26	Unrelated semiconductor widget	B2	11	0
5003100	utility	2012-07-14	Unrelated semiconductor widget	B2	19	0
5003101	utility	2005-07-27	Unrelated semiconductor widget	B2	19	0
5003102	utility	2006-07-23	Unrelated semiconductor widget	B2	12	0
5003103	utility	2018-06-30	Unrelated semiconductor widget	B2	14	0
5003104	utility	2017-06-28	Unrelated semiconductor widget	B2	10	0
5003105	utility	2008-03-20	Unrelated semiconductor widget	B2	15	0
5003106	utility	2006-04-10	Unrelated semiconductor widget	B2	8	0
5003107	utility	2020-05-11	Unrelated semiconductor widget	B2	7	0
5003108	utility	2014-03-13	Unrelated semiconductor widget	B2	5	0
5003109	utility	2018-11-16	Unrelated semiconductor widget	B2	10	0
5003110	utility	2021-03-29	Unrelated semiconductor widget	B2	15	0
5003111	utility	2013-04-23	Unrelated semiconductor widget	B2	6	0
5003112	utility	2008-03-21	Unrelated semiconductor widget	B2	8	0
5003113	utility	2020-05-07	Unrelated semiconductor widget	B2	12	0
5003114	utility	2005-02-18	Unrelated semiconductor widget	B2	17	0
5003115	utility	2005-01-29	Unrelated semiconductor widget	B2	6	0
5003116	utility	2023-04-02	Unrelated semiconductor widget	B2	17	0
5003117	utility	2022-03-30	Unrelated semiconductor widget	B2	8	0
5003118	utility	2024-03-22	Unrelated semiconductor widget	B2	12	0
5003119	utility	2022-02-04	Unrelated semiconductor widget	B2	6	0
5003120	utility	2017-08-23	Unrelated semiconductor widget	B2	7	0
5003121	utility	2005-06-12	Unrelated semiconductor widget	B2	20	0
5003122	utility	2017-10-26	Unrelated semiconductor widget	B2	17	0
5003123	utility	2011-05-03	Unrelated semiconductor widget	B2	17	0
5003124	utility	2015-02-01	Unrelated semiconductor widget	B2	12	0
5003125	utility	2020-04-26	Unrelated semiconductor widget	B2	20	0
5003126	utility	2018-09-28	Unrelated semiconductor widget	B2	13	0
5003127	utility	2012-09-28	Unrelated semiconductor widget	B2	19	0
5003128	utility	2015-10-01	Unrelated semiconductor widget	B2	9	0
5003129	utility	2015-03-10	Unrelated semiconductor widget	B2	16	0
5003130	utility	2010-01-08	Unrelated semiconductor widget	B2	9	0
5003131	utility	2011-06-08	Unrelated semiconductor widget	B2	10	0
5003132	utility	2013-09-18	Unrelated semiconductor widget	B2	13	0
5003133	utility	2024-10-12	Unrelated semiconductor widget	B2	10	0
5003134	utility	2013-04-04	Unrelated semiconductor widget	B2	5	0
5003135	utility	2014-09-07	Unrelated semiconductor widget	B2	14	0
5003136	utility	2008-03-25	Unrelated semiconductor widget	B2	6	0
5003137	utility	2015-04-26	Unrelated semiconductor widget	B2	18	0
5003138	utility	2020-12-09	Unrelated semiconductor widget	B2	12	0
5003139	utility	2014-01-09	Unrelated semiconductor widget	B2	9	0
5003140	utility	2023-11-05	Unrelated semiconductor widget	B2	16	0
5003141	utility	2009-09-01	Unrelated semiconductor widget	B2	17	0
5003142	utility	2014-06-12	Unrelated semiconductor widget	B2	18	0
5003143	utility	2015-05-02	Unrelated semiconductor widget	B2	19	0
5003144	utility	2014-12-16	Unrelated semiconductor widget	B2	17	0
5003145	utility	2015-05-26	Unrelated semiconductor widget	B2	16	0
5003146	utility	2012-07-30	Unrelated semiconductor widget	B2	15	0
5003147	utility	2019-12-04	Unrelated semiconductor widget	B2	17	0
5003148	utility	2007-12-27	Unrelated semiconductor widget	B2	11	0
5003149	utility	2010-07-09	Unrelated semiconductor widget	B2	11	0
5003150	utility	2020-12-25	Unrelated semiconductor widget	B2	11	0
5003151	utility	2017-10-01	Unrelated semiconductor widget	B2	11	0
5003152	utility	2024-08-05	Unrelated semiconductor widget	B2	16	0
5003153	utility	2025-03-12	Unrelated semiconductor widget	B2	19	0
5003154	utility	2017-04-18	Unrelated semiconductor widget	B2	18	0
5003155	utility	2013-05-29	Unrelated semiconductor widget	B2	14	0
5003156	utility	2009-10-16	Unrelated semiconductor widget	B2	17	0
5003157	utility	2008-03-03	Unrelated semiconductor widget	B2	20	0
5003158	utility	2007-06-10	Unrelated semiconductor widget	B2	19	0
5003159	utility	2011-09-27	Unrelated semiconductor widget	B2	18	0
5003160	utility	2006-02-21	Unrelated semiconductor widget	B2	11	0
5003161	utility	2009-11-15	Unrelated semiconductor widget	B2	15	0
5003162	utility	2017-05-17	Unrelated semiconductor widget	B2	10	0
5003163	utility	2019-10-18	Unrelated semiconductor widget	B2	17	0
5003164	utility	2016-08-10	Unrelated semiconductor widget	B2	18	0
5003165	utility	2009-01-17	Unrelated semiconductor widget	B2	19	0
5003166	utility	2005-07-15	Unrelated semiconductor widget	B2	11	0
5003167	utility	2013-08-28	Unrelated semiconductor widget	B2	10	0
5003168	utility	2011-02-18	Unrelated semiconductor widget	B2	9	0
5003169	utility	2019-05-21	Unrelated semiconductor widget	B2	17	0
5003170	utility	2017-11-24	Unrelated semiconductor widget	B2	11	0
5003171	utility	2008-05-19	Unrelated semiconductor widget	B2	18	0
5003172	utility	2012-02-06	Unrelated semiconductor widget	B2	19	0
5003173	utility	2010-07-06	Unrelated semiconductor widget	B2	9	0
5003174	utility	2022-02-08	Unrelated semiconductor widget	B2	20	0
5003175	utility	2012-02-04	Unrelated semiconductor widget	B2	6	0
5003176	utility	2020-03-02	Unrelated semiconductor widget	B2	8	0
5003177	utility	2022-08-26	Unrelated semiconductor widget	B2	7	0
5003178	utility	2006-12-04	Unrelated semiconductor widget	B2	5	0
5003179	utility	2005-03-13	Unrelated semiconductor widget	B2	6	0
5003180	utility	2012-06-08	Unrelated semiconductor widget	B2	7	0
5003181	utility	2012-01-11	Unrelated semiconductor widget	B2	16	0
5003182	utility	2009-07-22	Unrelated semiconductor widget	B2	9	0
5003183	utility	2009-10-11	Unrelated semiconductor widget	B2	14	0
5003184	utility	2023-11-09	Unrelated semiconductor widget	B2	7	0
5003185	utility	2013-02-21	Unrelated semiconductor widget	B2	15	0
5003186	utility	2018-02-01	Unrelated semiconductor widget	B2	19	0
5003187	utility	2015-08-28	Unrelated semiconductor widget	B2	15	0
5003188	utility	2020-10-12	Unrelated semiconductor widget	B2	10	0
5003189	utility	2011-07-02	Unrelated semiconductor widget	B2	14	0
5003190	utility	2007-04-12	Unrelated semiconductor widget	B2	10	0
5003191	utility	2025-03-16	Unrelated semiconductor widget	B2	9	0
5003192	utility	2008-08-30	Unrelated semiconductor widget	B2	18	0
5003193	utility	2007-08-29	Unrelated semiconductor widget	B2	18	0
5003194	utility	2008-07-20	Unrelated semiconductor widget	B2	20	0
5003195	utility	2020-09-12	Unrelated semiconductor widget	B2	13	0
5003196	utility	2020-06-23	Unrelated semiconductor widget	B2	12	0
5003197	utility	2007-07-18	Unrelated semiconductor widget	B2	9	0
5003198	utility	2025-05-24	Unrelated semiconductor widget	B2	19	0
5003199	utility	2007-03-07	Unrelated semiconductor widget	B2	6	0
5003200	utility	1999-07-10	Old lithography apparatus	B2	12	0
5003201	utility	2003-04-21	Old lithography apparatus	B2	12	0
5003202	utility	2003-05-08	Old lithography apparatus	B2	12	0
5003203	utility	1998-03-23	Old lithography apparatus	B2	12	0
5003204	utility	2002-01-24	Old lithography apparatus	B2	12	0
5003205	utility	2004-07-23	Old lithography apparatus	B2	12	0
5003206	utility	2000-01-15	Old lithography apparatus	B2	12	0
5003207	utility	1998-03-23	Old lithography apparatus	B2	12	0
5003208	utility	2004-05-10	Old lithography apparatus	B2	12	0
5003209	utility	2001-10-23	Old lithography apparatus	B2	12	0
5003210	utility	2002-02-24	Old lithography apparatus	B2	12	0
5003211	utility	1999-12-27	Old lithography apparatus	B2	12	0
5003212	utility	2004-12-31	Old lithography apparatus	B2	12	0
5003213	utility	2002-06-01	Old lithography apparatus	B2	12	0
5003214	utility	1999-03-31	Old lithography apparatus	B2	12	0
5003215	utility	2000-03-18	Old lithography apparatus	B2	12	0
5003216	utility	2001-08-06	Old lithography apparatus	B2	12	0
5003217	utility	1998-12-07	Old lithography apparatus	B2	12	0
5003218	utility	2004-10-05	Old lithography apparatus	B2	12	0
5003219	utility	1998-03-07	Old lithography apparatus	B2	12	0
5003220	utility	2004-08-14	Old lithography apparatus	B2	12	0
5003221	utility	1999-11-24	Old lithography apparatus	B2	12	0
5003222	utility	2000-11-01	Old lithography apparatus	B2	12	0
5003223	utility	2003-10-04	Old lithography apparatus	B2	12	0
5003224	utility	2003-11-02	Old lithography apparatus	B2	12	0
5003225	utility	2003-06-29	Old lithography apparatus	B2	12	0
5003226	utility	1999-11-15	Old lithography apparatus	B2	12	0
5003227	utility	2000-09-05	Old lithography apparatus	B2	12	0
5003228	utility	2001-06-09	Old lithography apparatus	B2	12	0
5003229	utility	2003-01-13	Old lithography apparatus	B2	12	0
5003230	utility	2001-10-14	Old lithography apparatus	B2	12	0
5003231	utility	2001-01-22	Old lithography apparatus	B2	12	0
5003232	utility	2003-02-20	Old lithography apparatus	B2	12	0
5003233	utility	1998-11-25	Old lithography apparatus	B2	12	0
5003234	utility	2004-03-08	Old lithography apparatus	B2	12	0
5003235	utility	1999-06-20	Old lithography apparatus	B2	12	0
5003236	utility	1998-02-13	Old lithography apparatus	B2	12	0
5003237	utility	2004-06-07	Old lithography apparatus	B2	12	0
5003238	utility	2001-05-24	Old lithography apparatus	B2	12	0
5003239	utility	2000-03-28	Old lithography apparatus	B2	12	0
5003240	utility	2002-04-06	Old lithography apparatus	B2	12	0
5003241	utility	1998-05-28	Old lithography apparatus	B2	12	0
5003242	utility	2001-01-12	Old lithography apparatus	B2	12	0
5003243	utility	2002-03-17	Old lithography apparatus	B2	12	0
5003244	utility	2002-02-11	Old lithography apparatus	B2	12	0
5003245	utility	2002-10-05	Old lithography apparatus	B2	12	0
5003246	utility	2001-11-02	Old lithography apparatus	B2	12	0
5003247	utility	2001-11-19	Old lithography apparatus	B2	12	0
5003248	utility	2000-12-07	Old lithography apparatus	B2	12	0
5003249	utility	2000-03-01	Old lithography apparatus	B2	12	0
5003250	utility	2001-02-27	Old lithography apparatus	B2	12	0
5003251	utility	1998-12-08	Old lithography apparatus	B2	12	0
5003252	utility	1998-12-14	Old lithography apparatus	B2	12	0
5003253	utility	2001-07-29	Old lithography apparatus	B2	12	0
5003254	utility	1999-04-10	Old lithography apparatus	B2	12	0
5003255	utility	1999-06-11	Old lithography apparatus	B2	12	0
5003256	utility	2000-09-22	Old lithography apparatus	B2	12	0
5003257	utility	1999-12-27	Old lithography apparatus	B2	12	0
5003258	utility	1998-09-24	Old lithography apparatus	B2	12	0
5003259	utility	2004-05-31	Old lithography apparatus	B2	12	0
